virus_family	virus_genus	virus_name	virus_species	virus_acronym	virus_acronym_update	new_virus	host_species	host_subfamily	host_tribu	host_genus	life_form	dataset	tissue	country	source
Amalgaviridae	Amalgavirus	Epipogium amalgavirus 1	Epipogium amalgavirus 1	 EpAV1	 EpAV1	known_virus	Epipogium roseum	Higher Epidendroideae	Epipogieae	Epipogium	Terrestial	MZ042635	not_found	Vietnam	NCBI
Kitaviridae	cilevirus	Aeridinae_associated_cilevirus	new_virus	AaCV1	AaCiV1	new_species	Papilionanthe sp	Higher Epidendroideae	Vandeae	Papilionanthe	Epiphyte	SRR18095155	leaf	Singapore	SRA
Kitaviridae	cilevirus	Aeridinae_associated_cilevirus	new_virus	AaCV1	AaCiV1	new_species	Phalaenopsis equestris	Higher Epidendroideae	Vandeae	Phalaenopsis	Epiphyte	SRR4010892	stalk	Taiwan	SRA
Secoviridae	Fabavirus	Broad bean wilt virus 2	Fabavirus betaviciae	BBWV2	BBWV2	known_virus	Dendrobium officinale	Higher Epidendroideae	Podochileae	Dendrobium	Epiphyte	SRR13753805	flower	China	SRA
Secoviridae	Fabavirus	Broad bean wilt virus 2	Fabavirus betaviciae	BBWV2	BBWV2	known_virus	Paphiopedilum concolor x Paphiopedilum hirsutissimum	Higher Epidendroideae	Cypripedium	Paphiopedilum	Terrestial	SRR15902323	leaf	China	SRA
Secoviridae	Fabavirus	Broad bean wilt virus 2	Fabavirus betaviciae	BBWV2	BBWV2	known_virus	Paphiopedilum concolor x Paphiopedilum hirsutissimum	Higher Epidendroideae	Cypripedium	Paphiopedilum	Terrestial	SRR15902525	leaf	China	SRA
Secoviridae	Fabavirus	Broad bean wilt virus 2	Fabavirus betaviciae	BBWV2	BBWV2	known_virus	Paphiopedilum concolor x Paphiopedilum hirsutissimum	Higher Epidendroideae	Cypripedium	Paphiopedilum	Terrestial	SRR15912201	leaf	China	SRA
Secoviridae	Fabavirus	Broad bean wilt virus 2	Fabavirus betaviciae	BBWV2	BBWV2	known_virus	Paphiopedilum concolor x Paphiopedilum hirsutissimum	Higher Epidendroideae	Cypripedium	Paphiopedilum	Terrestial	SRR15912634	leaf	China	SRA
Secoviridae	Fabavirus	Broad bean wilt virus 2	Fabavirus betaviciae	BBWV2	BBWV2	known_virus	Paphiopedilum concolor x Paphiopedilum hirsutissimum	Higher Epidendroideae	Cypripedium	Paphiopedilum	Terrestial	SRR16004350	leaf	China	SRA
Secoviridae	Fabavirus	Broad bean wilt virus 2	Fabavirus betaviciae	BBWV2	BBWV2	known_virus	Paphiopedilum concolor x Paphiopedilum hirsutissimum	Higher Epidendroideae	Cypripedium	Paphiopedilum	Terrestial	SRR16004475	leaf	China	SRA
Secoviridae	Fabavirus	Broad bean wilt virus 2	Fabavirus betaviciae	BBWV2	BBWV2	known_virus	Paphiopedilum concolor x Paphiopedilum hirsutissimum	Higher Epidendroideae	Cypripedium	Paphiopedilum	Terrestial	SRR16004935	leaf	China	SRA
Secoviridae	Fabavirus	Broad bean wilt virus 2	Fabavirus betaviciae	BBWV2	BBWV2	known_virus	Paphiopedilum concolor x Paphiopedilum hirsutissimum	Higher Epidendroideae	Cypripedium	Paphiopedilum	Terrestial	SRR16573578	leaf	China	SRA
Secoviridae	Fabavirus	Broad bean wilt virus 2	Fabavirus betaviciae	BBWV2	BBWV2	known_virus	Paphiopedilum concolor x Paphiopedilum hirsutissimum	Higher Epidendroideae	Cypripedium	Paphiopedilum	Terrestial	SRR16573639	leaf	China	SRA
Secoviridae	Fabavirus	Broad bean wilt virus 2	Fabavirus betaviciae	BBWV2	BBWV2	known_virus	Paphiopedilum concolor x Paphiopedilum hirsutissimum	Higher Epidendroideae	Cypripedium	Paphiopedilum	Terrestial	SRR16573692	leaf	China	SRA
Secoviridae	Fabavirus	Broad bean wilt virus 2	Fabavirus betaviciae	BBWV2	BBWV2	known_virus	Paphiopedilum concolor x Paphiopedilum hirsutissimum	Higher Epidendroideae	Cypripedium	Paphiopedilum	Terrestial	SRR16573718	leaf	China	SRA
Secoviridae	Fabavirus	Broad bean wilt virus 2	Fabavirus betaviciae	BBWV2	BBWV2	known_virus	Paphiopedilum concolor x Paphiopedilum hirsutissimum	Higher Epidendroideae	Cypripedium	Paphiopedilum	Terrestial	SRR16573719	leaf	China	SRA
Secoviridae	Fabavirus	Broad bean wilt virus 2	Fabavirus betaviciae	BBWV2	BBWV2	known_virus	Paphiopedilum concolor x Paphiopedilum hirsutissimum	Higher Epidendroideae	Cypripedium	Paphiopedilum	Terrestial	SRR16573725	leaf	China	SRA
Secoviridae	Fabavirus	Broad bean wilt virus 2	Fabavirus betaviciae	BBWV2	BBWV2	known_virus	Paphiopedilum concolor x Paphiopedilum hirsutissimum	Higher Epidendroideae	Cypripedium	Paphiopedilum	Terrestial	SRR16573726	leaf	China	SRA
Secoviridae	Fabavirus	Broad bean wilt virus 2	Fabavirus betaviciae	BBWV2	BBWV2	known_virus	Paphiopedilum concolor x Paphiopedilum hirsutissimum	Higher Epidendroideae	Cypripedium	Paphiopedilum	Terrestial	SRR16573773	leaf	China	SRA
Secoviridae	Fabavirus	Broad bean wilt virus 2	Fabavirus betaviciae	BBWV2	BBWV2	known_virus	Paphiopedilum concolor x Paphiopedilum hirsutissimum	Higher Epidendroideae	Cypripedium	Paphiopedilum	Terrestial	SRR16573792	leaf	China	SRA
Secoviridae	Fabavirus	Broad bean wilt virus 2	Fabavirus betaviciae	BBWV2	BBWV2	known_virus	Paphiopedilum concolor x Paphiopedilum hirsutissimum	Higher Epidendroideae	Cypripedium	Paphiopedilum	Terrestial	SRR16573868	leaf	China	SRA
Secoviridae	Fabavirus	Broad bean wilt virus 2	Fabavirus betaviciae	BBWV2	BBWV2	known_virus	Paphiopedilum concolor x Paphiopedilum hirsutissimum	Higher Epidendroideae	Cypripedium	Paphiopedilum	Terrestial	SRR16573886	leaf	China	SRA
Secoviridae	Fabavirus	Broad bean wilt virus 2	Fabavirus betaviciae	BBWV2	BBWV2	known_virus	Paphiopedilum concolor x Paphiopedilum hirsutissimum	Higher Epidendroideae	Cypripedium	Paphiopedilum	Terrestial	SRR16573894	leaf	China	SRA
Secoviridae	Fabavirus	Broad bean wilt virus 2	Fabavirus betaviciae	BBWV2	BBWV2	known_virus	Paphiopedilum concolor x Paphiopedilum hirsutissimum	Higher Epidendroideae	Cypripedium	Paphiopedilum	Terrestial	SRR16591784	leaf	China	SRA
Secoviridae	Fabavirus	Broad bean wilt virus 2	Fabavirus betaviciae	BBWV2	BBWV2	known_virus	Paphiopedilum concolor x Paphiopedilum hirsutissimum	Higher Epidendroideae	Cypripedium	Paphiopedilum	Terrestial	SRR16591799	leaf	China	SRA
Secoviridae	Fabavirus	Broad bean wilt virus 2	Fabavirus betaviciae	BBWV2	BBWV2	known_virus	Paphiopedilum concolor x Paphiopedilum hirsutissimum	Higher Epidendroideae	Cypripedium	Paphiopedilum	Terrestial	SRR16591801	leaf	China	SRA
Secoviridae	Fabavirus	Broad bean wilt virus 2	Fabavirus betaviciae	BBWV2	BBWV2	known_virus	Paphiopedilum concolor x Paphiopedilum hirsutissimum	Higher Epidendroideae	Cypripedium	Paphiopedilum	Terrestial	SRR16591815	leaf	China	SRA
Secoviridae	Fabavirus	Broad bean wilt virus 2	Fabavirus betaviciae	BBWV2	BBWV2	known_virus	Paphiopedilum concolor x Paphiopedilum hirsutissimum	Higher Epidendroideae	Cypripedium	Paphiopedilum	Terrestial	SRR16591829	leaf	China	SRA
Secoviridae	Fabavirus	Broad bean wilt virus 2	Fabavirus betaviciae	BBWV2	BBWV2	known_virus	Paphiopedilum concolor x Paphiopedilum hirsutissimum	Higher Epidendroideae	Cypripedium	Paphiopedilum	Terrestial	SRR16595982	leaf	China	SRA
Secoviridae	Fabavirus	Broad bean wilt virus 2	Fabavirus betaviciae	BBWV2	BBWV2	known_virus	Paphiopedilum concolor x Paphiopedilum hirsutissimum	Higher Epidendroideae	Cypripedium	Paphiopedilum	Terrestial	SRR16595983	leaf	China	SRA
Secoviridae	Fabavirus	Broad bean wilt virus 2	Fabavirus betaviciae	BBWV2	BBWV2	known_virus	Paphiopedilum concolor x Paphiopedilum hirsutissimum	Higher Epidendroideae	Cypripedium	Paphiopedilum	Terrestial	SRR16596560	leaf	China	SRA
Secoviridae	Fabavirus	Broad bean wilt virus 2	Fabavirus betaviciae	BBWV2	BBWV2	known_virus	Paphiopedilum concolor x Paphiopedilum hirsutissimum	Higher Epidendroideae	Cypripedium	Paphiopedilum	Terrestial	SRR16596562	leaf	China	SRA
Secoviridae	Fabavirus	Broad bean wilt virus 2	Fabavirus betaviciae	BBWV2	BBWV2	known_virus	Paphiopedilum concolor x Paphiopedilum hirsutissimum	Higher Epidendroideae	Cypripedium	Paphiopedilum	Terrestial	SRR16596628	leaf	China	SRA
Secoviridae	Fabavirus	Broad bean wilt virus 3	not_found	BBWV3	BBWV3	new_species	Paphiopedilum concolor x Paphiopedilum hirsutissimum	Higher Epidendroideae	Cypripedium	Paphiopedilum	Terrestial	SRR16591845	leaf	China	SRA
Potyviridae	Potyvirus	Bean common mosaic virus	Potyvirus phaseovulgaris	BCMV	BCMV	known_virus	Vanilla x tahitensis	Vanilloideae	Vanilleae	Vanilla	Climbing_vine	AJ429522	not_found	French Polynesia	NCBI
Potyviridae	Potyvirus	Bean common mosaic virus	Potyvirus phaseovulgaris	BCMV	BCMV	known_virus	Vanilla x tahitensis	Vanilloideae	Vanilleae	Vanilla	Climbing_vine	AJ429523	not_found	French Polynesia	NCBI
Potyviridae	Potyvirus	Bean common mosaic virus	Potyvirus phaseovulgaris	BCMV	BCMV	known_virus	Vanilla planifolia	Vanilloideae	Vanilleae	Vanilla	Climbing_vine	FJ712783	not_found	India	NCBI
Geminiviridae	Begomovirus	Begomovirus spathoglottis 1	Begomovirus spathoglottis 1	BegSpV1	BegSpV1	known_virus	Spathoglottis sp	Epidendroideae	Collabieae	Spathoglottis	Terrestrial	OQ791967	leaf	Brazil	NCBI
Geminiviridae	Begomovirus	Begomovirus spathoglottis 2	Begomovirus spathoglottis 2	BegSpV2	BegSpV2	known_virus	Spathoglottis sp	Epidendroideae	Collabieae	Spathoglottis	Terrestrial	OQ791968	leaf	Brazil	NCBI
Amalgaviridae	Amalgavirus	Bletilla amalgavirus 1	Bletilla amalgavirus 1	BleAV1	BleAV1	known_virus	Bletilla striata	Higher Epidendroideae	Arethuseae	Bletilla	Terrestrial	MZ042634	not_found	China	NCBI
Amalgaviridae	Amalgavirus	Bletilla striata amalgavirus 1	Bletilla striata amalgavirus 1	BsAV1	BsAV1	known_virus	Bletilla striata	Higher Epidendroideae	Arethuseae	Bletilla	Terrestrial	BK062281	not_found	not_found	NCBI
Potyviridae	Potyvirus	Bean yellow mosaic virus	Potyvirus phaseoluteum	BYMV	BYMV	known_virus	Cryptostylis ovata	Higher Epidendroideae	Diurideae	Cryptostylis	Terrestrial	PQ213087	not_found	Australia	NCBI
Potyviridae	Potyvirus	Bean yellow mosaic virus	Potyvirus phaseoluteum	BYMV	BYMV	known_virus	Cryptostylis ovata	Higher Epidendroideae	Diurideae	Cryptostylis	Terrestrial	PQ285386	not_found	Australia	NCBI
Potyviridae	Potyvirus	Bean yellow mosaic virus	Potyvirus phaseoluteum	BYMV	BYMV	known_virus	Diuris maculata	Higher Epidendroideae	Diurideae	Diuris	Terrestial	AF185962	not_found	Australia	NCBI
Potyviridae	Potyvirus	Bean yellow mosaic virus	Potyvirus phaseoluteum	BYMV	BYMV	known_virus	Diuris sp	Higher Epidendroideae	Diurideae	Diuris	Terrestial	JX156423	not_found	Australia	NCBI
Potyviridae	Potyvirus	Bean yellow mosaic virus	Potyvirus phaseoluteum	BYMV	BYMV	known_virus	Diuris magnifica	Higher Epidendroideae	Diurideae	Diuris	Terrestial	JX173278	not_found	Australia	NCBI
Potyviridae	Potyvirus	Bean yellow mosaic virus	Potyvirus phaseoluteum	BYMV	BYMV	known_virus	Diuris sp	Higher Epidendroideae	Diurideae	Diuris	Terrestial	KF632713	not_found	Australia	NCBI
Potyviridae	Potyvirus	Bean yellow mosaic virus	Potyvirus phaseoluteum	BYMV	BYMV	known_virus	Dracula astuta	Higher Epidendroideae	Epidendreae	Dracula	Epiphyte	MW188030	not_found	Czech Republic	NCBI
Potyviridae	Potyvirus	Bean yellow mosaic virus	Potyvirus phaseoluteum	BYMV	BYMV	known_virus	Epipactis atrorubens	Higher Epidendroideae	Neottieae	Epipactis	Terrestial	SRR27827664	leaf	Poland	SRA
Potyviridae	Potyvirus	Bean yellow mosaic virus	Potyvirus phaseoluteum	BYMV	BYMV	known_virus	Masdevallia schroederiana	Higher Epidendroideae	Epidendreae	Masdevallia	Epiphyte	OL584370	not_found	Germany	NCBI
Potyviridae	Potyvirus	Bean yellow mosaic virus	Potyvirus phaseoluteum	BYMV	BYMV	known_virus	Masdevallia sp	Higher Epidendroideae	Epidendreae	Masdevallia	Epiphyte, Lithophyte, Terrestrial	AF185961	not_found	Germany	NCBI
Potyviridae	Potyvirus	Bean yellow mosaic virus	Potyvirus phaseoluteum	BYMV	BYMV	known_virus	Pterostylis curta	Orchidoideae	Cranichideae	Pterostylis	Terrestrial	AF185960	not_found	Australia	NCBI
Potyviridae	Potyvirus	Bean yellow mosaic virus	Potyvirus phaseoluteum	BYMV	BYMV	known_virus	Vanilla planifolia	Vanilloideae	Vanilleae	Vanilla	Climbing_vine	AY845011	not_found	India	NCBI
Potyviridae	Potyvirus	Bean yellow mosaic virus	Potyvirus phaseoluteum	BYMV	BYMV	known_virus	Vanilla planifolia	Vanilloideae	Vanilleae	Vanilla	Climbing_vine	AY845012	not_found	India	NCBI
Potyviridae	Potyvirus	Bean yellow mosaic virus	Potyvirus phaseoluteum	BYMV	BYMV	known_virus	Vanilla planifolia	Vanilloideae	Vanilleae	Vanilla	Climbing_vine	FJ752701	not_found	India	NCBI
Potyviridae	Potyvirus	Bean yellow mosaic virus	Potyvirus phaseoluteum	BYMV	BYMV	known_virus	Vanilla sp	Vanilloideae	Vanilleae	Vanilla	Hemiepiphytic, Terrestrial, Climbing_vine	KY440223	leaf	USA	NCBI
Potyviridae	Potyvirus	Bean yellow mosaic virus	Potyvirus phaseoluteum	BYMV	BYMV	known_virus	Vanilla sp	Vanilloideae	Vanilleae	Vanilla	Hemiepiphytic, Terrestrial, Climbing_vine	KY475574	leaf	USA	NCBI
Endornaviridae	Alphaendornavirus	Caladenia_actensis-associated alphendornavirus 1	not_found	CaAEDV1	CaAEDV1	new_species	Caladenia actensis	Higher Epidendroideae	Diurideae	Caladenia	Terrestrial	SRR12619952	various	Australia	SRA
Tymoviridae	Tymo-like 2	Cremastra appendiculata-associated tymo-like virus	not_found	CaaTLV	CaaTLV	new_species	Cremastra appendiculata	Higher Epidendroideae	Calypsoeae	Cremastra	Terrestrial	SRR7275399	pseudobulb	China	SRA
Tospoviridae	Orthotospovirus	Capsicum chlorosis virus	Orthotospovirus capsiciflavi	CaCV	CaCV	known_virus	Arachnis labrosa	Higher Epidendroideae	Vandeae	Arachnis	Epiphyte or Lithophyte	KX078565	not_found	China	NCBI
Tospoviridae	Orthotospovirus	Capsicum chlorosis virus	Orthotospovirus capsiciflavi	CaCV	CaCV	known_virus	Arachnis labrosa	Higher Epidendroideae	Vandeae	Arachnis	Epiphyte or Lithophyte	KX078566	not_found	China	NCBI
Tospoviridae	Orthotospovirus	Capsicum chlorosis virus	Orthotospovirus capsiciflavi	CaCV	CaCV	known_virus	Arachnis labrosa	Higher Epidendroideae	Vandeae	Arachnis	Epiphyte or Lithophyte	KX078567	not_found	China	NCBI
Tospoviridae	Orthotospovirus	Capsicum chlorosis virus	Orthotospovirus capsiciflavi	CaCV	CaCV	known_virus	Orchidaceae	Higher Epidendroideae	not_found	not_found	not_found	GQ240301	not_found	Taiwan	NCBI
Tospoviridae	Orthotospovirus	Capsicum chlorosis virus	Orthotospovirus capsiciflavi	CaCV	CaCV	known_virus	Orchidaceae	Higher Epidendroideae	not_found	not_found	not_found	GQ240302	not_found	Taiwan	NCBI
Tospoviridae	Orthotospovirus	Capsicum chlorosis virus	Orthotospovirus capsiciflavi	CaCV	CaCV	known_virus	Orchidaceae	Higher Epidendroideae	not_found	not_found	not_found	GQ240303	not_found	Taiwan	NCBI
Tospoviridae	Orthotospovirus	Capsicum chlorosis virus	Orthotospovirus capsiciflavi	CaCV	CaCV	known_virus	Oncidium sp	Higher Epidendroideae	Cymbidieae	Oncidium	Epiphyte	SRR4252478	flower	China	SRA
Tospoviridae	Orthotospovirus	Capsicum chlorosis virus	Orthotospovirus capsiciflavi	CaCV	CaCV	known_virus	Phalaenopsis pulcherrima	Higher Epidendroideae	Vandeae	Phalaenopsis	Epiphyte	HM021141	not_found	Taiwan	NCBI
Tospoviridae	Orthotospovirus	Capsicum chlorosis virus	Orthotospovirus capsiciflavi	CaCV	CaCV	known_virus	Phalaenopsis amabilis	Higher Epidendroideae	Vandeae	Phalaenopsis	Epiphyte	HM989016	not_found	China	NCBI
Tospoviridae	Orthotospovirus	Capsicum chlorosis virus	Orthotospovirus capsiciflavi	CaCV	CaCV	known_virus	Phalaenopsis pulcherrima	Higher Epidendroideae	Vandeae	Phalaenopsis	Epiphyte	KC953853	not_found	Taiwan	NCBI
Tospoviridae	Orthotospovirus	Capsicum chlorosis virus	Orthotospovirus capsiciflavi	CaCV	CaCV	known_virus	Phalaenopsis pulcherrima	Higher Epidendroideae	Vandeae	Phalaenopsis	Epiphyte	KC953854	not_found	Taiwan	NCBI
Tospoviridae	Orthotospovirus	Capsicum chlorosis virus	Orthotospovirus capsiciflavi	CaCV	CaCV	known_virus	Phalaenopsis sp	Higher Epidendroideae	Vandeae	Phalaenopsis	Epiphyte or Lithophyte	GU214707	not_found	Indonesia	NCBI
Tospoviridae	Orthotospovirus	Capsicum chlorosis virus	Orthotospovirus capsiciflavi	CaCV	CaCV	known_virus	Phalaenopsis sp	Higher Epidendroideae	Vandeae	Phalaenopsis	Epiphyte or Lithophyte	KC953852	not_found	Taiwan	NCBI
Partitiviridae	Deltapartitivirus			CalaDPV1	CalaDPV1	new_species	Caladenia plicata	Higher Epidendroideae	Diurideae	Caladenia	Terrestrial	SRR12619951	various	Australia	SRA
Partitiviridae	Deltapartitivirus			CalaDPV1	CalaDPV1	new_species	Caladenia attingens	Higher Epidendroideae	Diurideae	Caladenia	Terrestrial	SRR12619953	various	Australia	SRA
Partitiviridae	Deltapartitivirus			CalaDPV1	CalaDPV1	new_species	Caladenia crebra	Higher Epidendroideae	Diurideae	Caladenia	Terrestrial	SRR12619954	various	Australia	SRA
Partitiviridae	Deltapartitivirus			CalaDPV1	CalaDPV1	new_species	Caladenia plicata	Higher Epidendroideae	Diurideae	Caladenia	Terrestrial	SRR5487526	glandular_sepals	Australia	SRA
Partitiviridae	Deltapartitivirus			CalaDPV2	CalaDPV2	new_species	Caladenia plicata	Higher Epidendroideae	Diurideae	Caladenia	Terrestrial	SRR12619951	various	Australia	SRA
Partitiviridae	Deltapartitivirus			CalaDPV2	CalaDPV2	new_species	Caladenia plicata	Higher Epidendroideae	Diurideae	Caladenia	Terrestrial	SRR5487524	column	Australia	SRA
Partitiviridae	Deltapartitivirus			CalaDPV2	CalaDPV2	new_species	Caladenia plicata	Higher Epidendroideae	Diurideae	Caladenia	Terrestrial	SRR5487526	glandular_sepals	Australia	SRA
Aspiviridae	Ophiovirus	Calanthe-associated ophiovirus 1	not_found	CalanOV1 (CtaOPV1)	CalanOV1 (CtaOPV1)	new_species	Calanthe triplicata	Higher Epidendroideae	Arethuseae	Calanthe	Terrestrial	DRR172088	nd	Japan	SRA
Partitiviridae	Deltapartitivirus			CalanthDPV1	CalanthDPV1	new_species	Calanthe lyroglossa	Higher Epidendroideae	Arethuseae	Calanthe	Terrestrial	SRR16768008	flower	China	SRA
Partitiviridae	Deltapartitivirus			CalanthDPV1	CalanthDPV1	new_species	Calanthe lyroglossa	Higher Epidendroideae	Arethuseae	Calanthe	Terrestrial	SRR16768008	flower	China	SRA
Partitiviridae	Deltapartitivirus			CalanthDPV3	CalanthDPV3	new_species	Calanthe tsoongiana	Higher Epidendroideae	Arethuseae	Calanthe	Terrestrial	SRR12876597	seeds	China	SRA
Partitiviridae	Deltapartitivirus			CalanthDPV3	CalanthDPV3	new_species	Calanthe tsoongiana	Higher Epidendroideae	Arethuseae	Calanthe	Terrestrial	SRR12876599	seeds	China	SRA
Partitiviridae	Deltapartitivirus			CalanthDPV3	CalanthDPV3	new_species	Calanthe tsoongiana	Higher Epidendroideae	Arethuseae	Calanthe	Terrestrial	SRR12876602	seeds	China	SRA
Virgaviridae		Calanthe_lyroglossa_associated virgaviridae	not_found	CaLaV	CaLaV	new_species	Calanthe lyroglossa	Higher Epidendroideae	Arethuseae	Calanthe	Terrestrial	SRR16768008	flower	China	SRA
Potyviridae	Potyvirus	Calanthe mild mosaic potyvirus	Potyvirus callanthis	CalMMV	CalMMV	known_virus	Calanthe hoshii	Higher Epidendroideae	Arethuseae	Calanthe	Terrestrial	DRR172086	nd	Japan	SRA
Potyviridae	Potyvirus	Calanthe mild mosaic potyvirus	Potyvirus callanthis	CalMMV	CalMMV	known_virus	Calanthe hoshii	Higher Epidendroideae	Arethuseae	Calanthe	Terrestrial	DRR172087	nd	Japan	SRA
Potyviridae	Potyvirus	Calanthe mild mosaic virus	Potyvirus callanthis	CalMMV	CalMMV	known_virus	Cymbidium elegans	Higher Epidendroideae	Cymbidieae	Cymbidium	Epiphyte	AJ871476	not_found	India	NCBI
Potyviridae	Potyvirus	Calanthe mild mosaic virus	Potyvirus callanthis	CalMMV	CalMMV	known_virus	Dendrobium densiflorum	Higher Epidendroideae	Podochileae	Dendrobium	Epiphyte or Lithophyte	MT770923	leaf	India	NCBI
Potyviridae	Potyvirus	Calanthe mild mosaic virus	Potyvirus callanthis	CalMMV	CalMMV	known_virus	Phaius tancarvilleae	Higher Epidendroideae	Arethuseae	Phaius	Terrestrial	MF385014	not_found	India	NCBI
Potyviridae	Poacevirus	Caladenia virus A	Poacevirus caladeniae	CalVA	CalVA	known_virus	Caladenia latifolia	Higher Epidendroideae	Diurideae	Caladenia	Terrestrial	JX156425	not_found	Australia	NCBI
Potyviridae	Poacevirus	Caladenia virus A	Poacevirus caladeniae	CalVA	CalVA	known_virus	Caladenia latifolia	Higher Epidendroideae	Diurideae	Caladenia	Terrestrial	NC_018572	not_found	Australia	NCBI
Aspiviridae	Ophiovirus	Caladenia ophiovirus	not_found	CaOV1	CalOV	known_virus	Caladenia plicata	Higher Epidendroideae	Diurideae	Caladenia	Terrestrial	SRR12619951	various	Australia	SRA
Aspiviridae	Ophiovirus	Caladenia ophiovirus	not_found	CaOV1	CalOV	known_virus	Caladenia crebra	Higher Epidendroideae	Diurideae	Caladenia	Terrestrial	SRR12619954	various	Australia	SRA
Aspiviridae	Ophiovirus	Caladenia ophiovirus	not_found	CaOV1	CalOV	known_virus	Caladenia plicata	Higher Epidendroideae	Diurideae	Caladenia	Terrestrial	SRR5487523	column	Australia	SRA
Aspiviridae	Ophiovirus	Caladenia ophiovirus	not_found	CaOV1	CalOV	known_virus	Caladenia plicata	Higher Epidendroideae	Diurideae	Caladenia	Terrestrial	SRR5487524	column	Australia	SRA
Aspiviridae	Ophiovirus	Caladenia ophiovirus	not_found	CaOV1	CalOV	known_virus	Caladenia plicata	Higher Epidendroideae	Diurideae	Caladenia	Terrestrial	SRR5487525	glandular_sepals	Australia	SRA
Aspiviridae	Ophiovirus	Caladenia ophiovirus	not_found	CaOV1	CalOV	known_virus	Caladenia plicata	Higher Epidendroideae	Diurideae	Caladenia	Terrestrial	SRR5487526	glandular_sepals	Australia	SRA
Phenuiviridae	Rudovirus_like 2			CaPhV1	CaPhV1	new_species	Cypripedium lichiangense	Higher Epidendroideae	Cypripedieae	Cypripedium	Terrestial	SRR26456941	leaf	China	SRA
Phenuiviridae	Rudovirus_like 2			CaPhV1	CaPhV1	new_species	Cypripedium fargesii	Higher Epidendroideae	Cypripedieae	Cypripedium	Terrestial	SRR7466546	flower	China	SRA
Phenuiviridae	Rudovirus_like 2			CaPhV2	CaPhV2	new_species	Cypripedium forrestii	Higher Epidendroideae	Cypripedieae	Cypripedium	Terrestial	SRR26456895	leaf	China	SRA
Phenuiviridae	Rudovirus_like 2			CaPhV2	CaPhV2	new_species	Cypripedium forrestii	Higher Epidendroideae	Cypripedieae	Cypripedium	Terrestial	SRR26456899	leaf	China	SRA
Phenuiviridae	Rudovirus_like 2			CaPhV2	CaPhV2	new_species	Cypripedium forrestii	Higher Epidendroideae	Cypripedieae	Cypripedium	Terrestial	SRR26456922	leaf	China	SRA
Phenuiviridae	Rudovirus_like 2			CaPhV2	CaPhV2	new_species	Cypripedium forrestii	Higher Epidendroideae	Cypripedieae	Cypripedium	Terrestial	SRR26456942	leaf	China	SRA
Tombusviridae	Alphacarmovirus	Carnation mottle virus	Alphacarmovirus dianthi	CarMV	CarMV	known_virus	Dendrobium nobile	Higher Epidendroideae	Podochileae	Dendrobium	Epiphyte	SRR18516560	stem	China	SRA
Tombusviridae	Alphacarmovirus	Carnation mottle virus	Alphacarmovirus dianthi	CarMV	CarMV	known_virus	Phalaenopsis sp	Higher Epidendroideae	Vandeae	Phalaenopsis	Epiphyte or Lithophyte	HQ117872	not_found	Taiwan	NCBI
Tombusviridae	Alphacarmovirus	Carnation mottle virus	Alphacarmovirus dianthi	CarMV	CarMV	known_virus	Phalaenopsis sp	Higher Epidendroideae	Vandeae	Phalaenopsis	Epiphyte or Lithophyte	HQ117873	not_found	Taiwan	NCBI
Secoviridae	Stralarivirus	Cremastra_appendiculata_stralavirus	not_found	CaSLV	CaSLV	new_species	Cremastra appendiculata	Higher Epidendroideae	Calypsoeae	Cremastra	Terrestrial	SRR15887019	seeds	China	SRA
Secoviridae	Stralarivirus	Cremastra_appendiculata_stralavirus	not_found	CaSLV	CaSLV	new_species	Cremastra appendiculata	Higher Epidendroideae	Calypsoeae	Cremastra	Terrestrial	SRR7275397	pseudobulb	China	SRA
Secoviridae	Stralarivirus	Cremastra_appendiculata_stralavirus	not_found	CaSLV	CaSLV	new_species	Cremastra appendiculata	Higher Epidendroideae	Calypsoeae	Cremastra	Terrestrial	SRR7275405	pseudobulb	China	SRA
Secoviridae	Nepovirus	Canberra spider orchid nepovirus	Canberra spider orchid nepovirus	CaSONV	CaSONV	known_virus	Caladenia actensis	Higher Epidendroideae	Diurideae	Caladenia	Terrestrial	BK065066	not_found	not_found	NCBI
Secoviridae	Nepovirus	Canberra spider orchid nepovirus	Canberra spider orchid nepovirus	CaSONV	CaSONV	known_virus	Caladenia actensis	Higher Epidendroideae	Diurideae	Caladenia	Terrestrial	BK065067	not_found	not_found	NCBI
Mitoviridae	Mitovirus	Ceratobasidium mitovirus A	Ceratobasidium mitovirus A	CbMV1	CbMV1	known_virus	Pterostylis sanguinea	Orchidoideae	Cranichideae	Pterostylis	Terrestrial	KU291923	not_found	Australia	NCBI
Mitoviridae	Triamitovirus	Ceratobasidium mitovirus A	Triamitovirus cespA	CbMV1	CbMV1	known_virus	Pterostylis sanguinea	Orchidoideae	Cranichideae	Pterostylis	Terrestrial	NC_076589	not_found	Australia	NCBI
Rhabdoviridae	Cytorhabdovirus(?)	Cypripedium_forrestii cytorhabdovirus	not_found	CFCRV1	CFCRV1	new_species	Cypripedium forrestii	Higher Epidendroideae	Cypripedieae	Cypripedium	Terrestial	SRR26456890	leaf	China	SRA
Betaflexiviridae	Capillovirus-like(confirmar)	Cypripedium_forrestii capillovirus-like 1	not_found	CfCVL1	CfCVL1	new_species	Cypripedium forrestii	Higher Epidendroideae	Cypripedieae	Cypripedium	Terrestial	SRR26456894	leaf	China	SRA
Betaflexiviridae	Capillovirus-like(confirmar)	Cypripedium_forrestii capillovirus-like 1	not_found	CfCVL1	CfCVL1	new_species	Cypripedium forrestii	Higher Epidendroideae	Cypripedieae	Cypripedium	Terrestial	SRR26456895	leaf	China	SRA
Betaflexiviridae	Capillovirus-like(confirmar)	Cypripedium_forrestii capillovirus-like 1	not_found	CfCVL1	CfCVL1	new_species	Cypripedium forrestii	Higher Epidendroideae	Cypripedieae	Cypripedium	Terrestial	SRR26456899	leaf	China	SRA
Betaflexiviridae	Capillovirus-like(confirmar)	Cypripedium_forrestii capillovirus-like 1	not_found	CfCVL1	CfCVL1	new_species	Cypripedium forrestii	Higher Epidendroideae	Cypripedieae	Cypripedium	Terrestial	SRR26456914	leaf	China	SRA
Betaflexiviridae	Capillovirus-like(confirmar)	Cypripedium_forrestii capillovirus-like 1	not_found	CfCVL1	CfCVL1	new_species	Cypripedium forrestii	Higher Epidendroideae	Cypripedieae	Cypripedium	Terrestial	SRR26456915	leaf	China	SRA
Betaflexiviridae	Capillovirus-like(confirmar)	Cypripedium_forrestii capillovirus-like 1	not_found	CfCVL1	CfCVL1	new_species	Cypripedium forrestii	Higher Epidendroideae	Cypripedieae	Cypripedium	Terrestial	SRR26456920	leaf	China	SRA
Betaflexiviridae	Capillovirus-like(confirmar)	Cypripedium_forrestii capillovirus-like 1	not_found	CfCVL1	CfCVL1	new_species	Cypripedium forrestii	Higher Epidendroideae	Cypripedieae	Cypripedium	Terrestial	SRR26456922	leaf	China	SRA
Betaflexiviridae	Capillovirus-like(confirmar)	Cypripedium_forrestii capillovirus-like 1	not_found	CfCVL1	CfCVL1	new_species	Cypripedium forrestii	Higher Epidendroideae	Cypripedieae	Cypripedium	Terrestial	SRR26456926	leaf	China	SRA
Betaflexiviridae	Capillovirus-like(confirmar)	Cypripedium_forrestii capillovirus-like 1	not_found	CfCVL1	CfCVL1	new_species	Cypripedium forrestii	Higher Epidendroideae	Cypripedieae	Cypripedium	Terrestial	SRR26456931	leaf	China	SRA
Betaflexiviridae	Capillovirus-like(confirmar)	Cypripedium_forrestii capillovirus-like 1	not_found	CfCVL1	CfCVL1	new_species	Cypripedium forrestii	Higher Epidendroideae	Cypripedieae	Cypripedium	Terrestial	SRR26456932	leaf	China	SRA
Betaflexiviridae	Capillovirus-like(confirmar)	Cypripedium_forrestii capillovirus-like 1	not_found	CfCVL1	CfCVL1	new_species	Cypripedium forrestii	Higher Epidendroideae	Cypripedieae	Cypripedium	Terrestial	SRR26456933	leaf	China	SRA
Betaflexiviridae	Capillovirus-like(confirmar)	Cypripedium_forrestii capillovirus-like 1	not_found	CfCVL1	CfCVL1	new_species	Cypripedium forrestii	Higher Epidendroideae	Cypripedieae	Cypripedium	Terrestial	SRR26456940	leaf	China	SRA
Betaflexiviridae	Capillovirus-like(confirmar)	Cypripedium_forrestii capillovirus-like 1	not_found	CfCVL1	CfCVL1	new_species	Cypripedium forrestii	Higher Epidendroideae	Cypripedieae	Cypripedium	Terrestial	SRR26456943	leaf	China	SRA
Betaflexiviridae	Capillovirus-like(confirmar)	Cypripedium_forrestii capillovirus-like 1	not_found	CfCVL1	CfCVL1	new_species	Cypripedium forrestii	Higher Epidendroideae	Cypripedieae	Cypripedium	Terrestial	SRR26456945	leaf	China	SRA
Secoviridae	Stralarivirus	Cymbidium_goeringii stralavirus	not_found	CgSLV	CgSLV	new_species	Cymbidium goeringii	Higher Epidendroideae	Cymbidieae	Cymbidium	Epiphyte	SRR10829551	bud	South_Korea	SRA
Endornaviridae	Alphaendornavirus	Caladenia_actensis alphendornavirus 1	not_found	cLaAEDV1	cLaAEDV1	new_species	Limodorum abortivum	Higher Epidendroideae	Neottieae	Limodorum	Terrestial	SRR12850913	root	nd	SRA
Endornaviridae	Alphaendornavirus	Caladenia_actensis-associated alphendornavirus 1	not_found	cLaAEDV1	cLaAEDV1	new_species	Limodorum abortivum	Higher Epidendroideae	Neottieae	Limodorum	Terrestial	SRR12850912	root	nd	SRA
Betaflexiviridae	Citrivirus-like	Cypripedium lichiangense associated betaflexivirus	not_found	ClaBV	ClaBV	new_species	Cypripedium lichiangense	Higher Epidendroideae	Cypripedieae	Cypripedium	Terrestial	SRR26456953	leaf	China	SRA
Potyviridae	Potyvirus	Clover yellow vein virus	Potyvirus trifolii	ClYVV	ClYVV	known_virus	Dactylorhiza majalis	Higher Epidendroideae	Orchideae	Dactylorhiza	Terrestial	AF185959	not_found	Germany	NCBI
Potyviridae	Potyvirus	Clover yellow vein virus	Potyvirus trifolii	ClYVV	ClYVV	known_virus	Dendrobium sp	Higher Epidendroideae	Podochileae	Dendrobium	Epiphyte	LC506604	not_found	South_Korea	NCBI
Bromoviridae	Cucumovirus	Cucumber mosaic virus	Cucumovirus CMV	CMV	CMV	known_virus	Calanthe discolor	Higher Epidendroideae	Arethuseae	Calanthe	Terrestrial	AB479214	not_found	Japan	NCBI
Bromoviridae	Cucumovirus	Cucumber mosaic virus	Cucumovirus CMV	CMV	CMV	known_virus	Cymbidium goeringii	Higher Epidendroideae	Cymbidieae	Cymbidium	Epiphyte	MG200267	not_found	South_Korea	NCBI
Bromoviridae	Cucumovirus	Cucumber mosaic virus	Cucumovirus CMV	CMV	CMV	known_virus	Cymbidium goeringii	Higher Epidendroideae	Cymbidieae	Cymbidium	Epiphyte	MG200268	not_found	South_Korea	NCBI
Bromoviridae	Cucumovirus	Cucumber mosaic virus	Cucumovirus CMV	CMV	CMV	known_virus	Cymbidium goeringii	Higher Epidendroideae	Cymbidieae	Cymbidium	Epiphyte	MG200269	not_found	South_Korea	NCBI
Bromoviridae	Cucumovirus	Cucumber mosaic virus	Cucumovirus CMV	CMV	CMV	known_virus	Cymbidium goeringii	Higher Epidendroideae	Cymbidieae	Cymbidium	Epiphyte	MG200270	not_found	South_Korea	NCBI
Bromoviridae	Cucumovirus	Cucumber mosaic virus	Cucumovirus CMV	CMV	CMV	known_virus	Cymbidium goeringii	Higher Epidendroideae	Cymbidieae	Cymbidium	Epiphyte	MG200271	not_found	South_Korea	NCBI
Bromoviridae	Cucumovirus	Cucumber mosaic virus	Cucumovirus CMV	CMV	CMV	known_virus	Cymbidium goeringii	Higher Epidendroideae	Cymbidieae	Cymbidium	Epiphyte	MG200272	not_found	South_Korea	NCBI
Bromoviridae	Cucumovirus	Cucumber mosaic virus	Cucumovirus CMV	CMV	CMV	known_virus	Cymbidium goeringii	Higher Epidendroideae	Cymbidieae	Cymbidium	Epiphyte	MG200273	not_found	South_Korea	NCBI
Bromoviridae	Cucumovirus	Cucumber mosaic virus	Cucumovirus CMV	CMV	CMV	known_virus	Cymbidium goeringii	Higher Epidendroideae	Cymbidieae	Cymbidium	Epiphyte	MG200274	not_found	South_Korea	NCBI
Bromoviridae	Cucumovirus	Cucumber mosaic virus	Cucumovirus CMV	CMV	CMV	known_virus	Cymbidium sp	Higher Epidendroideae	Cymbidieae	Cymbidium	Epiphytic, Lithophytic, Terrestrial	KM434204	not_found	Australia	NCBI
Bromoviridae	Cucumovirus	Cucumber mosaic virus	Cucumovirus CMV	CMV	CMV	known_virus	Cymbidium sp	Higher Epidendroideae	Cymbidieae	Cymbidium	Epiphytic, Lithophytic, Terrestrial	KM434205	not_found	Australia	NCBI
Bromoviridae	Cucumovirus	Cucumber mosaic virus	Cucumovirus CMV	CMV	CMV	known_virus	Cymbidium sp	Higher Epidendroideae	Cymbidieae	Cymbidium	Epiphytic, Lithophytic, Terrestrial	KM434206	not_found	Australia	NCBI
Bromoviridae	Cucumovirus	Cucumber mosaic virus	Cucumovirus CMV	CMV	CMV	known_virus	Cymbidium sinense	Higher Epidendroideae	Cymbidieae	Cymbidium	Terrestial	SRR15194896	various	China	SRA
Bromoviridae	Cucumovirus	Cucumber mosaic virus	Cucumovirus CMV	CMV	CMV	known_virus	Dendrobium moniliforme	Higher Epidendroideae	Podochileae	Dendrobium	Epiphyte or Lithophyte	SRR16643616	stem	China	SRA
Bromoviridae	Cucumovirus	Cucumber mosaic virus	Cucumovirus CMV	CMV	CMV	known_virus	Vanilla planifolia	Vanilloideae	Vanilleae	Vanilla	Climbing_vine	AY754359	not_found	India	NCBI
Bromoviridae	Cucumovirus	Cucumber mosaic virus	Cucumovirus CMV	CMV	CMV	known_virus	Vanilla x tahitensis	Vanilloideae	Vanilleae	Vanilla	Climbing_vine	AY861390	not_found	French Polynesia	NCBI
Bromoviridae	Cucumovirus	Cucumber mosaic virus	Cucumovirus CMV	CMV	CMV	known_virus	Vanilla x tahitensis	Vanilloideae	Vanilleae	Vanilla	Climbing_vine	AY861391	not_found	French Polynesia	NCBI
Bromoviridae	Cucumovirus	Cucumber mosaic virus	Cucumovirus CMV	CMV	CMV	known_virus	Vanilla x tahitensis	Vanilloideae	Vanilleae	Vanilla	Climbing_vine	AY861392	not_found	French Polynesia	NCBI
Bromoviridae	Cucumovirus	Cucumber mosaic virus	Cucumovirus CMV	CMV	CMV	known_virus	Vanilla x tahitensis	Vanilloideae	Vanilleae	Vanilla	Climbing_vine	AY861393	not_found	French Polynesia	NCBI
Bromoviridae	Cucumovirus	Cucumber mosaic virus	Cucumovirus CMV	CMV	CMV	known_virus	Vanilla x tahitensis	Vanilloideae	Vanilleae	Vanilla	Climbing_vine	AY861394	not_found	French Polynesia	NCBI
Bromoviridae	Cucumovirus	Cucumber mosaic virus	Cucumovirus CMV	CMV	CMV	known_virus	Vanilla x tahitensis	Vanilloideae	Vanilleae	Vanilla	Climbing_vine	AY861395	not_found	French Polynesia	NCBI
Bromoviridae	Cucumovirus	Cucumber mosaic virus	Cucumovirus CMV	CMV	CMV	known_virus	Vanilla x tahitensis	Vanilloideae	Vanilleae	Vanilla	Climbing_vine	AY861396	not_found	French Polynesia	NCBI
Bromoviridae	Cucumovirus	Cucumber mosaic virus	Cucumovirus CMV	CMV	CMV	known_virus	Vanilla x tahitensis	Vanilloideae	Vanilleae	Vanilla	Climbing_vine	AY861397	not_found	French Polynesia	NCBI
Bromoviridae	Cucumovirus	Cucumber mosaic virus	Cucumovirus CMV	CMV	CMV	known_virus	Vanilla x tahitensis	Vanilloideae	Vanilleae	Vanilla	Climbing_vine	AY861398	not_found	French Polynesia	NCBI
Bromoviridae	Cucumovirus	Cucumber mosaic virus	Cucumovirus CMV	CMV	CMV	known_virus	Vanilla x tahitensis	Vanilloideae	Vanilleae	Vanilla	Climbing_vine	AY861399	not_found	French Polynesia	NCBI
Bromoviridae	Cucumovirus	Cucumber mosaic virus	Cucumovirus CMV	CMV	CMV	known_virus	Vanilla x tahitensis	Vanilloideae	Vanilleae	Vanilla	Climbing_vine	AY861400	not_found	French Polynesia	NCBI
Bromoviridae	Cucumovirus	Cucumber mosaic virus	Cucumovirus CMV	CMV	CMV	known_virus	Vanilla x tahitensis	Vanilloideae	Vanilleae	Vanilla	Climbing_vine	AY861401	not_found	French Polynesia	NCBI
Bromoviridae	Cucumovirus	Cucumber mosaic virus	Cucumovirus CMV	CMV	CMV	known_virus	Vanilla x tahitensis	Vanilloideae	Vanilleae	Vanilla	Climbing_vine	AY861402	not_found	French Polynesia	NCBI
Bromoviridae	Cucumovirus	Cucumber mosaic virus	Cucumovirus CMV	CMV	CMV	known_virus	Vanilla x tahitensis	Vanilloideae	Vanilleae	Vanilla	Climbing_vine	AY861403	not_found	French Polynesia	NCBI
Bromoviridae	Cucumovirus	Cucumber mosaic virus	Cucumovirus CMV	CMV	CMV	known_virus	Vanilla x tahitensis	Vanilloideae	Vanilleae	Vanilla	Climbing_vine	AY861404	not_found	French Polynesia	NCBI
Bromoviridae	Cucumovirus	Cucumber mosaic virus	Cucumovirus CMV	CMV	CMV	known_virus	Vanilla x tahitensis	Vanilloideae	Vanilleae	Vanilla	Climbing_vine	AY861405	not_found	French Polynesia	NCBI
Bromoviridae	Cucumovirus	Cucumber mosaic virus	Cucumovirus CMV	CMV	CMV	known_virus	Vanilla x tahitensis	Vanilloideae	Vanilleae	Vanilla	Climbing_vine	AY861406	not_found	French Polynesia	NCBI
Bromoviridae	Cucumovirus	Cucumber mosaic virus	Cucumovirus CMV	CMV	CMV	known_virus	Vanilla x tahitensis	Vanilloideae	Vanilleae	Vanilla	Climbing_vine	AY861407	not_found	French Polynesia	NCBI
Bromoviridae	Cucumovirus	Cucumber mosaic virus	Cucumovirus CMV	CMV	CMV	known_virus	Vanilla x tahitensis	Vanilloideae	Vanilleae	Vanilla	Climbing_vine	AY861408	not_found	French Polynesia	NCBI
Bromoviridae	Cucumovirus	Cucumber mosaic virus	Cucumovirus CMV	CMV	CMV	known_virus	Vanilla x tahitensis	Vanilloideae	Vanilleae	Vanilla	Climbing_vine	AY861409	not_found	French Polynesia	NCBI
Bromoviridae	Cucumovirus	Cucumber mosaic virus	Cucumovirus CMV	CMV	CMV	known_virus	Vanilla planifolia	Vanilloideae	Vanilleae	Vanilla	Climbing_vine	AY861410	not_found	Reunion	NCBI
Bromoviridae	Cucumovirus	Cucumber mosaic virus	Cucumovirus CMV	CMV	CMV	known_virus	Vanilla planifolia	Vanilloideae	Vanilleae	Vanilla	Climbing_vine	AY861411	not_found	Reunion	NCBI
Bromoviridae	Cucumovirus	Cucumber mosaic virus	Cucumovirus CMV	CMV	CMV	known_virus	Vanilla planifolia	Vanilloideae	Vanilleae	Vanilla	Climbing_vine	AY861412	not_found	Reunion	NCBI
Bromoviridae	Cucumovirus	Cucumber mosaic virus	Cucumovirus CMV	CMV	CMV	known_virus	Vanilla planifolia	Vanilloideae	Vanilleae	Vanilla	Climbing_vine	AY861413	not_found	Reunion	NCBI
Bromoviridae	Cucumovirus	Cucumber mosaic virus	Cucumovirus CMV	CMV	CMV	known_virus	Vanilla planifolia	Vanilloideae	Vanilleae	Vanilla	Climbing_vine	AY861414	not_found	Reunion	NCBI
Bromoviridae	Cucumovirus	Cucumber mosaic virus	Cucumovirus CMV	CMV	CMV	known_virus	Vanilla planifolia	Vanilloideae	Vanilleae	Vanilla	Climbing_vine	AY861415	not_found	Reunion	NCBI
Bromoviridae	Cucumovirus	Cucumber mosaic virus	Cucumovirus CMV	CMV	CMV	known_virus	Vanilla x tahitensis	Vanilloideae	Vanilleae	Vanilla	Climbing_vine	FN554672	not_found	French Polynesia	NCBI
Bromoviridae	Cucumovirus	Cucumber mosaic virus	Cucumovirus CMV	CMV	CMV	known_virus	Vanilla x tahitensis	Vanilloideae	Vanilleae	Vanilla	Climbing_vine	FN554676	not_found	French Polynesia	NCBI
Bromoviridae	Cucumovirus	Cucumber mosaic virus	Cucumovirus CMV	CMV	CMV	known_virus	Vanilla x tahitensis	Vanilloideae	Vanilleae	Vanilla	Climbing_vine	FN554677	not_found	French Polynesia	NCBI
Bromoviridae	Cucumovirus	Cucumber mosaic virus	Cucumovirus CMV	CMV	CMV	known_virus	Vanilla x tahitensis	Vanilloideae	Vanilleae	Vanilla	Climbing_vine	FN554681	not_found	French Polynesia	NCBI
Bromoviridae	Cucumovirus	Cucumber mosaic virus	Cucumovirus CMV	CMV	CMV	known_virus	Vanilla x tahitensis	Vanilloideae	Vanilleae	Vanilla	Climbing_vine	FN554682	not_found	French Polynesia	NCBI
Bromoviridae	Cucumovirus	Cucumber mosaic virus	Cucumovirus CMV	CMV	CMV	known_virus	Vanilla x tahitensis	Vanilloideae	Vanilleae	Vanilla	Climbing_vine	FN554685	not_found	French Polynesia	NCBI
Bromoviridae	Cucumovirus	Cucumber mosaic virus	Cucumovirus CMV	CMV	CMV	known_virus	Vanilla x tahitensis	Vanilloideae	Vanilleae	Vanilla	Climbing_vine	FN554694	not_found	French Polynesia	NCBI
Bromoviridae	Cucumovirus	Cucumber mosaic virus	Cucumovirus CMV	CMV	CMV	known_virus	Vanilla x tahitensis	Vanilloideae	Vanilleae	Vanilla	Climbing_vine	FN554696	not_found	French Polynesia	NCBI
Partitiviridae	Deltapartitivirus			CoralDPV1	CoralDPV1	new_species	Corallorhiza striata	Higher Epidendroideae	Maxillarieae	Corallorhiza	Terrestrial	SRR15368600	flower	USA	SRA
Partitiviridae	Deltapartitivirus			CorDPV2	CorDPV2	new_species	Corybas aconitiflorus	Higher Epidendroideae	Diurideae	Corybas	Terrestrial	SRR12619957	various	Australia	SRA
Partitiviridae	Deltapartitivirus			CoryDPV1	CoryDPV1	new_species	Corybas aconitiflorus	Higher Epidendroideae	Diurideae	Corybas	Terrestrial	SRR12619957	various	Australia	SRA
Geminiviridae	Mastrevirus	Chickpea redleaf virus 2	Mastrevirus rubrumsecundi	CpRLV2	CpRLV2	known_virus	Phalaenopsis equestris	Higher Epidendroideae	Vandeae	Phalaenopsis	Epiphyte	SRR22225475	leaf	China	SRA
Partitiviridae	Deltapartitivirus			CremDPV1	CremDPV1	new_species	Cremastra appendiculata	Higher Epidendroideae	Calypsoeae	Cremastra	Terrestrial	SRR15887019	seeds	China	SRA
Partitiviridae	Deltapartitivirus			CremDPV1	CremDPV1	new_species	Cremastra appendiculata	Higher Epidendroideae	Calypsoeae	Cremastra	Terrestrial	SRR7275399	pseudobulb	China	SRA
Rhabdoviridae	Cytorhabdovirus	barley yellow striate mosaic virus	Cytorhabdovirus hordei	CRVH	BYSMV	known_virus	Dendrobium officinale	Higher Epidendroideae	Podochileae	Dendrobium	Epiphyte	SRR9866323	root	China	SRA
Rhabdoviridae	Cytorhabdovirus	barley yellow striate mosaic virus	Cytorhabdovirus hordei	CRVH	BYSMV	known_virus	Dendrobium officinale	Higher Epidendroideae	Podochileae	Dendrobium	Epiphyte	SRR9866324	root	China	SRA
Partitiviridae	Deltapartitivirus			CrypDPV1	CrypDPV1	new_species	Cryptostylis leptochila	Higher Epidendroideae	Diurideae	Cryptostylis	Terrestrial	SRR12619943	various	Australia	SRA
Betaflexiviridae	Citrivirus-like	Corallorhiza striata associated betaflexivirus	not_found	CsaBV	CsaBV	new_species	Corallorhiza striata	Higher Epidendroideae	Maxillarieae	Corallorhiza	Terrestrial	SRR15368600	flower	USA	SRA
Alphaflexiviridae	Potexvirus	Cactus virus X	Potexvirus ecscacti	CVX	CVX	known_virus	Calanthe tsoongiana	Higher Epidendroideae	Arethuseae	Calanthe	Terrestrial	SRR12876607	seeds	China	SRA
Endornaviridae	Alphaendornavirus	Cymbidium-associated alphendornavirus 1	not_found	CyaAEDV1	CyaAEDV1	new_species	Cymbidium ensifolium	Higher Epidendroideae	Cymbidieae	Cymbidium	Epiphyte	SRR16349014	flower	China	SRA
Endornaviridae	Alphaendornavirus	Cymbidium-associated alphendornavirus 1	not_found	CyaAEDV1	CyaAEDV1	new_species	Cymbidium sinense	Higher Epidendroideae	Cymbidieae	Cymbidium	Terrestial	SRR15194902	various	China	SRA
Solemoviridae	Sobemovirus	Cymbidium chlorotic mosaic virus	Sobemovirus CYCMV	CyCMV	CyCMV	known_virus	Cymbidium goeringii	Higher Epidendroideae	Cymbidieae	Cymbidium	Epiphyte	LC019764	not_found	Japan	NCBI
Solemoviridae	Sobemovirus	Cymbidium chlorotic mosaic virus	Sobemovirus CYCMV	CyCMV	CyCMV	known_virus	Cymbidium goeringii	Higher Epidendroideae	Cymbidieae	Cymbidium	Epiphyte	LC019765	not_found	Japan	NCBI
Solemoviridae	Sobemovirus	Cymbidium chlorotic mosaic virus	Sobemovirus CYCMV	CyCMV	CyCMV	known_virus	Cymbidium goeringii	Higher Epidendroideae	Cymbidieae	Cymbidium	Epiphyte	LC019766	not_found	Japan	NCBI
Solemoviridae	Sobemovirus	Cymbidium chlorotic mosaic virus	Sobemovirus CYCMV	CyCMV	CyCMV	known_virus	Cymbidium goeringii	Higher Epidendroideae	Cymbidieae	Cymbidium	Epiphyte	LC019767	not_found	Japan	NCBI
Solemoviridae	Sobemovirus	Cymbidium chlorotic mosaic virus	Sobemovirus CYCMV	CyCMV	CyCMV	known_virus	Cymbidium goeringii	Higher Epidendroideae	Cymbidieae	Cymbidium	Epiphyte	LC019768	not_found	Japan	NCBI
Solemoviridae	Sobemovirus	Cymbidium chlorotic mosaic virus	Sobemovirus CYCMV	CyCMV	CyCMV	known_virus	Cymbidium goeringii	Higher Epidendroideae	Cymbidieae	Cymbidium	Epiphyte	LC653145	not_found	South_Korea	NCBI
Solemoviridae	Sobemovirus	Cymbidium chlorotic mosaic virus	Sobemovirus CYCMV	CyCMV	CyCMV	known_virus	Cymbidium goeringii	Higher Epidendroideae	Cymbidieae	Cymbidium	Epiphyte	NC_027123	not_found	Japan	NCBI
Solemoviridae	Sobemovirus	Cymbidium chlorotic mosaic virus	Sobemovirus CYCMV	CyCMV	CyCMV	known_virus	Cymbidium sp	Higher Epidendroideae	Cymbidieae	Cymbidium	Epiphytic, Lithophytic, Terrestrial	LC381945	not_found	South_Korea	NCBI
Solemoviridae	Sobemovirus	Cymbidium chlorotic mosaic virus	Sobemovirus CYCMV	CyCMV	CyCMV	known_virus	Cymbidium sp	Higher Epidendroideae	Cymbidieae	Cymbidium	Epiphytic, Lithophytic, Terrestrial	OP629812	not_found	China	NCBI
Solemoviridae	Sobemovirus	Cymbidium chlorotic mosaic virus	Sobemovirus CYCMV	CyCMV	CyCMV	known_virus	Cymbidium kanran	Higher Epidendroideae	Cymbidieae	Cymbidium	Lithophytes	ON152671	not_found	China	NCBI
Solemoviridae	Sobemovirus	Cymbidium chlorotic mosaic virus	Sobemovirus CYCMV	CyCMV	CyCMV	known_virus	Cymbidium kanran	Higher Epidendroideae	Cymbidieae	Cymbidium	Lithophytes	ON286969	not_found	China	NCBI
Solemoviridae	Sobemovirus	Cymbidium chlorotic spot virus	Cymbidium chlorotic spot virus	CyCSV	CyCSV	known_virus	Cymbidium tortisepalum	Higher Epidendroideae	Cymbidieae	Cymbidium	Epiphyte	KR996515	not_found	China	NCBI
Partitiviridae	Deltapartitivirus			CymbDPV1	CymbDPV1	new_species	Cymbidium goeringii	Higher Epidendroideae	Cymbidieae	Cymbidium	Epiphyte	SRR10829548	stem	South_Korea	SRA
Partitiviridae	Deltapartitivirus			CymbDPV1	CymbDPV1	new_species	Cymbidium goeringii	Higher Epidendroideae	Cymbidieae	Cymbidium	Epiphyte	SRR10829550	fruit	South_Korea	SRA
Partitiviridae	Deltapartitivirus			CymbDPV1	CymbDPV1	new_species	Cymbidium goeringii	Higher Epidendroideae	Cymbidieae	Cymbidium	Epiphyte	SRR11440590	root	China	SRA
Partitiviridae	Deltapartitivirus			CymbDPV1	CymbDPV1	new_species	Cymbidium tortisepalum	Higher Epidendroideae	Cymbidieae	Cymbidium	Epiphyte	SRR12087335	leaf	China	SRA
Partitiviridae	Deltapartitivirus			CymbDPV1	CymbDPV1	new_species	Cymbidium tracyanum	Higher Epidendroideae	Cymbidieae	Cymbidium	Epiphyte or Lithophyte	SRR11442916	root	China	SRA
Partitiviridae	Deltapartitivirus			CymbDPV1	CymbDPV1	new_species	Cymbidium tracyanum	Higher Epidendroideae	Cymbidieae	Cymbidium	Epiphyte or Lithophyte	SRR11442916	root	China	SRA
Partitiviridae	Deltapartitivirus			CymbDPV1	CymbDPV1	new_species	Cymbidium tracyanum	Higher Epidendroideae	Cymbidieae	Cymbidium	Epiphyte or Lithophyte	SRR11443148	root	China	SRA
Partitiviridae	Deltapartitivirus			CymbDPV1	CymbDPV1	new_species	Cymbidium faberi	Higher Epidendroideae	Cymbidieae	Cymbidium	Geophyte	SRR8438324	flower	China	SRA
Partitiviridae	Deltapartitivirus			CymbDPV1	CymbDPV1	new_species	Cymbidium faberi	Higher Epidendroideae	Cymbidieae	Cymbidium	Geophyte	SRR8438324	flower	China	SRA
Partitiviridae	Deltapartitivirus			CymbDPV1	CymbDPV1	new_species	Cymbidium faberi	Higher Epidendroideae	Cymbidieae	Cymbidium	Geophyte	SRR8438327	flower	China	SRA
Partitiviridae	Deltapartitivirus			CymbDPV1	CymbDPV1	new_species	Cymbidium kanran	Higher Epidendroideae	Cymbidieae	Cymbidium	Lithophytes	SRR15058104	labellum	China	SRA
Partitiviridae	Deltapartitivirus			CymbDPV1	CymbDPV1	new_species	Cymbidium kanran	Higher Epidendroideae	Cymbidieae	Cymbidium	Lithophytes	SRR15058106	labellum	China	SRA
Partitiviridae	Deltapartitivirus			CymbDPV1	CymbDPV1	new_species	Cymbidium kanran	Higher Epidendroideae	Cymbidieae	Cymbidium	Lithophytes	SRR15058106	labellum	China	SRA
Partitiviridae	Deltapartitivirus			CymbDPV1	CymbDPV1	new_species	Cymbidium sinense	Higher Epidendroideae	Cymbidieae	Cymbidium	Terrestial	SRR13674030	leaf	China	SRA
Partitiviridae	Deltapartitivirus			CymbDPV2	CymbDPV2	new_species	Cymbidium kanran	Higher Epidendroideae	Cymbidieae	Cymbidium	Lithophytes	SRR15058106	labellum	China	SRA
Partitiviridae	Deltapartitivirus			CymbDPV2	CymbDPV2	new_species	Cymbidium kanran	Higher Epidendroideae	Cymbidieae	Cymbidium	Lithophytes	SRR15058106	labellum	China	SRA
Partitiviridae	Deltapartitivirus			CymbDPV2	CymbDPV2	new_species	Cymbidium kanran	Higher Epidendroideae	Cymbidieae	Cymbidium	Lithophytes	SRR15058107	flower	China	SRA
Partitiviridae	Deltapartitivirus			CymbDPV2	CymbDPV2	new_species	Cymbidium kanran	Higher Epidendroideae	Cymbidieae	Cymbidium	Lithophytes	SRR15058107	flower	China	SRA
Alphaflexiviridae	Potexvirus	Cymbidium mosaic virus	Potexvirus cymbidii	CymMV	CymMV	known_virus	x Aranda sp	Higher Epidendroideae	Vandeae	× Aranda	not_found	AF405722	not_found	Singapore	NCBI
Alphaflexiviridae	Potexvirus	Cymbidium mosaic virus	Potexvirus cymbidii	CymMV	CymMV	known_virus	x Aranda sp	Higher Epidendroideae	Vandeae	× Aranda	not_found	AY049770	not_found	Singapore	NCBI
Alphaflexiviridae	Potexvirus	Cymbidium mosaic virus	Potexvirus cymbidii	CymMV	CymMV	known_virus	x Doritaenopsis sp	Higher Epidendroideae	Vandeae	× Doritaenopsis	Epiphyte	FJ356061	leaf	China	NCBI
Alphaflexiviridae	Potexvirus	Cymbidium mosaic virus	Potexvirus cymbidii	CymMV	CymMV	known_virus	x Rhyncholaeliocattleya hybrid	Epidendroideae	Epidendreae	× Rhyncholaeliocattleya	Terrestrial	SRR9945594	labellum	China	SRA
Alphaflexiviridae	Potexvirus	Cymbidium mosaic virus	Potexvirus cymbidii	CymMV	CymMV	known_virus	x Rhyncholaeliocattleya hybrid	Higher Epidendroideae	Epidendreae	× Rhyncholaeliocattleya	Terrestrial	SRR9945595	flower	China	SRA
Alphaflexiviridae	Potexvirus	Cymbidium mosaic virus	Potexvirus cymbidii	CymMV	CymMV	known_virus	x Rhyncholaeliocattleya hybrid	Higher Epidendroideae	Epidendreae	× Rhyncholaeliocattleya	Terrestrial	SRR9945596	flower	China	SRA
Alphaflexiviridae	Potexvirus	Cymbidium mosaic virus	Potexvirus cymbidii	CymMV	CymMV	known_virus	x Rhyncholaeliocattleya hybrid	Higher Epidendroideae	Epidendreae	× Rhyncholaeliocattleya	Terrestrial	SRR9945598	root	China	SRA
Alphaflexiviridae	Potexvirus	Cymbidium mosaic virus	Potexvirus cymbidii	CymMV	CymMV	known_virus	x Rhyncholaeliocattleya hybrid	Higher Epidendroideae	Epidendreae	× Rhyncholaeliocattleya	Terrestrial	SRR9945599	labellum	China	SRA
Alphaflexiviridae	Potexvirus	Cymbidium mosaic virus	Potexvirus cymbidii	CymMV	CymMV	known_virus	x Rhyncholaeliocattleya hybrid	Higher Epidendroideae	Epidendreae	× Rhyncholaeliocattleya	Terrestrial	SRR9945603	flower	China	SRA
Alphaflexiviridae	Potexvirus	Cymbidium mosaic virus	Potexvirus cymbidii	CymMV	CymMV	known_virus	x Rhyncholaeliocattleya hybrid	Higher Epidendroideae	Epidendreae	× Rhyncholaeliocattleya	Terrestrial	SRR9945604	flower	China	SRA
Alphaflexiviridae	Potexvirus	Cymbidium mosaic virus	Potexvirus cymbidii	CymMV	CymMV	known_virus	x Rhyncholaeliocattleya hybrid	Higher Epidendroideae	Epidendreae	× Rhyncholaeliocattleya	Terrestrial	SRR9945605	flower	China	SRA
Alphaflexiviridae	Potexvirus	Cymbidium mosaic virus	Potexvirus cymbidii	CymMV	CymMV	known_virus	x Rhyncholaeliocattleya hybrid	Higher Epidendroideae	Epidendreae	× Rhyncholaeliocattleya	Terrestrial	SRR9945607	labellum	China	SRA
Alphaflexiviridae	Potexvirus	Cymbidium mosaic virus	Potexvirus cymbidii	CymMV	CymMV	known_virus	x Rhyncholaeliocattleya hybrid	Higher Epidendroideae	Epidendreae	× Rhyncholaeliocattleya	Terrestrial	SRR9945609	labellum	China	SRA
Alphaflexiviridae	Potexvirus	Cymbidium mosaic virus	Potexvirus cymbidii	CymMV	CymMV	known_virus	x Rhyncholaeliocattleya hybrid	Higher Epidendroideae	Epidendreae	× Rhyncholaeliocattleya	Terrestrial	SRR9945611	root	China	SRA
Alphaflexiviridae	Potexvirus	Cymbidium mosaic virus	Potexvirus cymbidii	CymMV	CymMV	known_virus	x Rhyncholaeliocattleya hybrid	Higher Epidendroideae	Epidendreae	× Rhyncholaeliocattleya	Terrestrial	SRR9945612	root	China	SRA
Alphaflexiviridae	Potexvirus	Cymbidium mosaic virus	Potexvirus cymbidii	CymMV	CymMV	known_virus	x Rhyncholaeliocattleya hybrid	Higher Epidendroideae	Epidendreae	× Rhyncholaeliocattleya	Terrestrial	SRR9945613	flower	China	SRA
Alphaflexiviridae	Potexvirus	Cymbidium mosaic virus	Potexvirus cymbidii	CymMV	CymMV	known_virus	x Rhyncholaeliocattleya hybrid	Higher Epidendroideae	Epidendreae	× Rhyncholaeliocattleya	Terrestrial	SRR9945614	flower	China	SRA
Alphaflexiviridae	Potexvirus	Cymbidium mosaic virus	Potexvirus cymbidii	CymMV	CymMV	known_virus	x Rhyncholaeliocattleya hybrid	Higher Epidendroideae	Epidendreae	× Rhyncholaeliocattleya	Terrestrial	SRR9945615	labellum	China	SRA
Alphaflexiviridae	Potexvirus	Cymbidium mosaic virus	Potexvirus cymbidii	CymMV	CymMV	known_virus	x Rhyncholaeliocattleya hybrid	Higher Epidendroideae	Epidendreae	× Rhyncholaeliocattleya	Terrestrial	SRR9945617	root	China	SRA
Alphaflexiviridae	Potexvirus	Cymbidium mosaic virus	Potexvirus cymbidii	CymMV	CymMV	known_virus	x Rhyncholaeliocattleya hybrid	Higher Epidendroideae	Epidendreae	× Rhyncholaeliocattleya	Terrestrial	SRR9945618	labellum	China	SRA
Alphaflexiviridae	Potexvirus	Cymbidium mosaic virus	Potexvirus cymbidii	CymMV	CymMV	known_virus	x Rhyncholaeliocattleya hybrid	Higher Epidendroideae	Epidendreae	× Rhyncholaeliocattleya	Terrestrial	SRR9945619	root	China	SRA
Alphaflexiviridae	Potexvirus	Cymbidium mosaic virus	Potexvirus cymbidii	CymMV	CymMV	known_virus	x Rhyncholaeliocattleya hybrid	Higher Epidendroideae	Epidendreae	× Rhyncholaeliocattleya	Terrestrial	SRR9945620	root	China	SRA
Alphaflexiviridae	Potexvirus	Cymbidium mosaic virus	Potexvirus cymbidii	CymMV	CymMV	known_virus	x Rhyncholaeliocattleya hybrid	Higher Epidendroideae	Epidendreae	× Rhyncholaeliocattleya	Terrestrial	SRR9945623	flower	China	SRA
Alphaflexiviridae	Potexvirus	Cymbidium mosaic virus	Potexvirus cymbidii	CymMV	CymMV	known_virus	x Rhyncholaeliocattleya hybrid	Higher Epidendroideae	Epidendreae	× Rhyncholaeliocattleya	Terrestrial	SRR9945624	flower	China	SRA
Alphaflexiviridae	Potexvirus	Cymbidium mosaic virus	Potexvirus cymbidii	CymMV	CymMV	known_virus	x Rhyncholaeliocattleya hybrid	Higher Epidendroideae	Epidendreae	× Rhyncholaeliocattleya	Terrestrial	SRR9945627	flower	China	SRA
Alphaflexiviridae	Potexvirus	Cymbidium mosaic virus	Potexvirus cymbidii	CymMV	CymMV	known_virus	x Rhyncholaeliocattleya hybrid	Higher Epidendroideae	Epidendreae	× Rhyncholaeliocattleya	Terrestrial	SRR9945631	flower	China	SRA
Alphaflexiviridae	Potexvirus	Cymbidium mosaic virus	Potexvirus cymbidii	CymMV	CymMV	known_virus	x Rhyncholaeliocattleya hybrid	Higher Epidendroideae	Epidendreae	× Rhyncholaeliocattleya	Terrestrial	SRR9945632	flower	China	SRA
Alphaflexiviridae	Potexvirus	Cymbidium mosaic virus	Potexvirus cymbidii	CymMV	CymMV	known_virus	x Rhyncholaeliocattleya hybrid	Higher Epidendroideae	Epidendreae	× Rhyncholaeliocattleya	Terrestrial	SRR9945633	flower	China	SRA
Alphaflexiviridae	Potexvirus	Cymbidium mosaic virus	Potexvirus cymbidii	CymMV	CymMV	known_virus	x Rhyncholaeliocattleya hybrid	Higher Epidendroideae	Epidendreae	× Rhyncholaeliocattleya	Terrestrial	SRR9945634	flower	China	SRA
Alphaflexiviridae	Potexvirus	Cymbidium mosaic virus	Potexvirus cymbidii	CymMV	CymMV	known_virus	x Rhyncholaeliocattleya hybrid	Higher Epidendroideae	Epidendreae	× Rhyncholaeliocattleya	Terrestrial	SRR9945638	flower	China	SRA
Alphaflexiviridae	Potexvirus	Cymbidium mosaic virus	Potexvirus cymbidii	CymMV	CymMV	known_virus	x Rhyncholaeliocattleya hybrid	Higher Epidendroideae	Epidendreae	× Rhyncholaeliocattleya	Terrestrial	SRR9945639	labellum	China	SRA
Alphaflexiviridae	Potexvirus	Cymbidium mosaic virus	Potexvirus cymbidii	CymMV	CymMV	known_virus	Apostasia wallichii	Higher Epidendroideae	not_found	Apostasia	Terrestrial	SRR4343844	various	Taiwan	SRA
Alphaflexiviridae	Potexvirus	Cymbidium mosaic virus	Potexvirus cymbidii	CymMV	CymMV	known_virus	Arundina graminifolia	Higher Epidendroideae	Arethuseae	Arundina	Terrestrial	AF405725	not_found	Singapore	NCBI
Alphaflexiviridae	Potexvirus	Cymbidium mosaic virus	Potexvirus cymbidii	CymMV	CymMV	known_virus	Bulbophyllum sp	Higher Epidendroideae	Podochileae	Bulbophyllum	Epiphyte	KP137370	not_found	China	NCBI
Alphaflexiviridae	Potexvirus	Cymbidium mosaic virus	Potexvirus cymbidii	CymMV	CymMV	known_virus	Calanthe sp	Higher Epidendroideae	Arethuseae	Calanthe	Terrestrial	KP137372	not_found	China	NCBI
Alphaflexiviridae	Potexvirus	Cymbidium mosaic virus	Potexvirus cymbidii	CymMV	CymMV	known_virus	Calanthe sp	Higher Epidendroideae	Arethuseae	Calanthe	Terrestrial	SRR5478842	leaf	China	SRA
Alphaflexiviridae	Potexvirus	Cymbidium mosaic virus	Potexvirus cymbidii	CymMV	CymMV	known_virus	Cattleya sp	Higher Epidendroideae	Epidendreae	Cattleya	Epiphyte or Terrestrial	AJ581997	not_found	India	NCBI
Alphaflexiviridae	Potexvirus	Cymbidium mosaic virus	Potexvirus cymbidii	CymMV	CymMV	known_virus	Cattleya sp	Higher Epidendroideae	Epidendreae	Cattleya	Epiphyte or Terrestrial	AJ698947	not_found	India	NCBI
Alphaflexiviridae	Potexvirus	Cymbidium mosaic virus	Potexvirus cymbidii	CymMV	CymMV	known_virus	Cattleya sp	Higher Epidendroideae	Epidendreae	Cattleya	Epiphyte or Terrestrial	AY050649	not_found	not_found	NCBI
Alphaflexiviridae	Potexvirus	Cymbidium mosaic virus	Potexvirus cymbidii	CymMV	CymMV	known_virus	Cattleya sp	Higher Epidendroideae	Epidendreae	Cattleya	Epiphyte or Terrestrial	LC125633	not_found	Japan	NCBI
Alphaflexiviridae	Potexvirus	Cymbidium mosaic virus	Potexvirus cymbidii	CymMV	CymMV	known_virus	Cremastra appendiculata	Higher Epidendroideae	Calypsoeae	Cremastra	Terrestrial	SRR15887018	seeds	China	SRA
Alphaflexiviridae	Potexvirus	Cymbidium mosaic virus	Potexvirus cymbidii	CymMV	CymMV	known_virus	Cremastra appendiculata	Higher Epidendroideae	Calypsoeae	Cremastra	Terrestrial	SRR15887019	seeds	China	SRA
Alphaflexiviridae	Potexvirus	Cymbidium mosaic virus	Potexvirus cymbidii	CymMV	CymMV	known_virus	Cymbidium ensifolium	Higher Epidendroideae	Cymbidieae	Cymbidium	Epiphyte	GU295167	not_found	China	NCBI
Alphaflexiviridae	Potexvirus	Cymbidium mosaic virus	Potexvirus cymbidii	CymMV	CymMV	known_virus	Cymbidium ensifolium	Higher Epidendroideae	Cymbidieae	Cymbidium	Epiphyte	GU295168	not_found	China	NCBI
Alphaflexiviridae	Potexvirus	Cymbidium mosaic virus	Potexvirus cymbidii	CymMV	CymMV	known_virus	Cymbidium ensifolium	Higher Epidendroideae	Cymbidieae	Cymbidium	Epiphyte	SRR17325715	leaf	China	SRA
Alphaflexiviridae	Potexvirus	Cymbidium mosaic virus	Potexvirus cymbidii	CymMV	CymMV	known_virus	Cymbidium ensifolium	Higher Epidendroideae	Cymbidieae	Cymbidium	Epiphyte	SRR17325716	leaf	China	SRA
Alphaflexiviridae	Potexvirus	Cymbidium mosaic virus	Potexvirus cymbidii	CymMV	CymMV	known_virus	Cymbidium ensifolium	Higher Epidendroideae	Cymbidieae	Cymbidium	Epiphyte	SRR17325717	leaf	China	SRA
Alphaflexiviridae	Potexvirus	Cymbidium mosaic virus	Potexvirus cymbidii	CymMV	CymMV	known_virus	Cymbidium ensifolium	Higher Epidendroideae	Cymbidieae	Cymbidium	Epiphyte	SRR17325719	leaf	China	SRA
Alphaflexiviridae	Potexvirus	Cymbidium mosaic virus	Potexvirus cymbidii	CymMV	CymMV	known_virus	Cymbidium ensifolium	Higher Epidendroideae	Cymbidieae	Cymbidium	Epiphyte	SRR17325720	leaf	China	SRA
Alphaflexiviridae	Potexvirus	Cymbidium mosaic virus	Potexvirus cymbidii	CymMV	CymMV	known_virus	Cymbidium pendulum	Higher Epidendroideae	Cymbidieae	Cymbidium	Epiphyte or Lithophyte	MT770921	leaf	India	NCBI
Alphaflexiviridae	Potexvirus	Cymbidium mosaic virus	Potexvirus cymbidii	CymMV	CymMV	known_virus	Cymbidium sp	Higher Epidendroideae	Cymbidieae	Cymbidium	Epiphytic, Lithophytic, Terrestrial	AB541522	not_found	South_Korea	NCBI
Alphaflexiviridae	Potexvirus	Cymbidium mosaic virus	Potexvirus cymbidii	CymMV	CymMV	known_virus	Cymbidium sp	Higher Epidendroideae	Cymbidieae	Cymbidium	Epiphytic, Lithophytic, Terrestrial	AB541537	not_found	South_Korea	NCBI
Alphaflexiviridae	Potexvirus	Cymbidium mosaic virus	Potexvirus cymbidii	CymMV	CymMV	known_virus	Cymbidium sp	Higher Epidendroideae	Cymbidieae	Cymbidium	Epiphytic, Lithophytic, Terrestrial	AB541538	not_found	South_Korea	NCBI
Alphaflexiviridae	Potexvirus	Cymbidium mosaic virus	Potexvirus cymbidii	CymMV	CymMV	known_virus	Cymbidium sp	Higher Epidendroideae	Cymbidieae	Cymbidium	Epiphytic, Lithophytic, Terrestrial	AB541539	not_found	South_Korea	NCBI
Alphaflexiviridae	Potexvirus	Cymbidium mosaic virus	Potexvirus cymbidii	CymMV	CymMV	known_virus	Cymbidium sp	Higher Epidendroideae	Cymbidieae	Cymbidium	Epiphytic, Lithophytic, Terrestrial	AB541540	not_found	South_Korea	NCBI
Alphaflexiviridae	Potexvirus	Cymbidium mosaic virus	Potexvirus cymbidii	CymMV	CymMV	known_virus	Cymbidium sp	Higher Epidendroideae	Cymbidieae	Cymbidium	Epiphytic, Lithophytic, Terrestrial	AB541541	not_found	South_Korea	NCBI
Alphaflexiviridae	Potexvirus	Cymbidium mosaic virus	Potexvirus cymbidii	CymMV	CymMV	known_virus	Cymbidium sp	Higher Epidendroideae	Cymbidieae	Cymbidium	Epiphytic, Lithophytic, Terrestrial	AB541542	not_found	South_Korea	NCBI
Alphaflexiviridae	Potexvirus	Cymbidium mosaic virus	Potexvirus cymbidii	CymMV	CymMV	known_virus	Cymbidium sp	Higher Epidendroideae	Cymbidieae	Cymbidium	Epiphytic, Lithophytic, Terrestrial	AB541543	not_found	South_Korea	NCBI
Alphaflexiviridae	Potexvirus	Cymbidium mosaic virus	Potexvirus cymbidii	CymMV	CymMV	known_virus	Cymbidium sp	Higher Epidendroideae	Cymbidieae	Cymbidium	Epiphytic, Lithophytic, Terrestrial	AB541544	not_found	South_Korea	NCBI
Alphaflexiviridae	Potexvirus	Cymbidium mosaic virus	Potexvirus cymbidii	CymMV	CymMV	known_virus	Cymbidium sp	Higher Epidendroideae	Cymbidieae	Cymbidium	Epiphytic, Lithophytic, Terrestrial	AB541545	not_found	South_Korea	NCBI
Alphaflexiviridae	Potexvirus	Cymbidium mosaic virus	Potexvirus cymbidii	CymMV	CymMV	known_virus	Cymbidium sp	Higher Epidendroideae	Cymbidieae	Cymbidium	Epiphytic, Lithophytic, Terrestrial	AB541546	not_found	South_Korea	NCBI
Alphaflexiviridae	Potexvirus	Cymbidium mosaic virus	Potexvirus cymbidii	CymMV	CymMV	known_virus	Cymbidium sp	Higher Epidendroideae	Cymbidieae	Cymbidium	Epiphytic, Lithophytic, Terrestrial	AB541547	not_found	South_Korea	NCBI
Alphaflexiviridae	Potexvirus	Cymbidium mosaic virus	Potexvirus cymbidii	CymMV	CymMV	known_virus	Cymbidium sp	Higher Epidendroideae	Cymbidieae	Cymbidium	Epiphytic, Lithophytic, Terrestrial	AB541548	not_found	South_Korea	NCBI
Alphaflexiviridae	Potexvirus	Cymbidium mosaic virus	Potexvirus cymbidii	CymMV	CymMV	known_virus	Cymbidium sp	Higher Epidendroideae	Cymbidieae	Cymbidium	Epiphytic, Lithophytic, Terrestrial	AB693983	not_found	Indonesia	NCBI
Alphaflexiviridae	Potexvirus	Cymbidium mosaic virus	Potexvirus cymbidii	CymMV	CymMV	known_virus	Cymbidium sp	Higher Epidendroideae	Cymbidieae	Cymbidium	Epiphytic, Lithophytic, Terrestrial	DQ067878	not_found	China	NCBI
Alphaflexiviridae	Potexvirus	Cymbidium mosaic virus	Potexvirus cymbidii	CymMV	CymMV	known_virus	Cymbidium sp	Higher Epidendroideae	Cymbidieae	Cymbidium	Epiphytic, Lithophytic, Terrestrial	DQ067879	not_found	China	NCBI
Alphaflexiviridae	Potexvirus	Cymbidium mosaic virus	Potexvirus cymbidii	CymMV	CymMV	known_virus	Cymbidium sp	Higher Epidendroideae	Cymbidieae	Cymbidium	Epiphytic, Lithophytic, Terrestrial	DQ067880	not_found	China	NCBI
Alphaflexiviridae	Potexvirus	Cymbidium mosaic virus	Potexvirus cymbidii	CymMV	CymMV	known_virus	Cymbidium sp	Higher Epidendroideae	Cymbidieae	Cymbidium	Epiphytic, Lithophytic, Terrestrial	EU683880	not_found	South_Korea	NCBI
Alphaflexiviridae	Potexvirus	Cymbidium mosaic virus	Potexvirus cymbidii	CymMV	CymMV	known_virus	Cymbidium sp	Higher Epidendroideae	Cymbidieae	Cymbidium	Epiphytic, Lithophytic, Terrestrial	LC653143	not_found	South_Korea	NCBI
Alphaflexiviridae	Potexvirus	Cymbidium mosaic virus	Potexvirus cymbidii	CymMV	CymMV	known_virus	Cymbidium sp	Higher Epidendroideae	Cymbidieae	Cymbidium	Epiphytic, Lithophytic, Terrestrial	PP481412	not_found	Italy	NCBI
Alphaflexiviridae	Potexvirus	Cymbidium mosaic virus	Potexvirus cymbidii	CymMV	CymMV	known_virus	Cymbidium sp	Higher Epidendroideae	Cymbidieae	Cymbidium	Epiphytic, Lithophytic, Terrestrial	SRR13069641	flower	China	SRA
Alphaflexiviridae	Potexvirus	Cymbidium mosaic virus	Potexvirus cymbidii	CymMV	CymMV	known_virus	Cymbidium sp	Higher Epidendroideae	Cymbidieae	Cymbidium	Epiphytic, Lithophytic, Terrestrial	SRR13069642	flower	China	SRA
Alphaflexiviridae	Potexvirus	Cymbidium mosaic virus	Potexvirus cymbidii	CymMV	CymMV	known_virus	Cymbidium sp	Higher Epidendroideae	Cymbidieae	Cymbidium	Epiphytic, Lithophytic, Terrestrial	SRR13069643	flower	China	SRA
Alphaflexiviridae	Potexvirus	Cymbidium mosaic virus	Potexvirus cymbidii	CymMV	CymMV	known_virus	Cymbidium sp	Higher Epidendroideae	Cymbidieae	Cymbidium	Epiphytic, Lithophytic, Terrestrial	SRR13069645	flower	China	SRA
Alphaflexiviridae	Potexvirus	Cymbidium mosaic virus	Potexvirus cymbidii	CymMV	CymMV	known_virus	Cymbidium faberi	Higher Epidendroideae	Cymbidieae	Cymbidium	Geophyte	KP137368	not_found	China	NCBI
Alphaflexiviridae	Potexvirus	Cymbidium mosaic virus	Potexvirus cymbidii	CymMV	CymMV	known_virus	Cymbidium faberi	Higher Epidendroideae	Cymbidieae	Cymbidium	Geophyte	KP137369	not_found	China	NCBI
Alphaflexiviridae	Potexvirus	Cymbidium mosaic virus	Potexvirus cymbidii	CymMV	CymMV	known_virus	Cymbidium sinense	Higher Epidendroideae	Cymbidieae	Cymbidium	Terrestial	AY360409	not_found	China	NCBI
Alphaflexiviridae	Potexvirus	Cymbidium mosaic virus	Potexvirus cymbidii	CymMV	CymMV	known_virus	Cymbidium sinense	Higher Epidendroideae	Cymbidieae	Cymbidium	Terrestial	AY360410	not_found	China	NCBI
Alphaflexiviridae	Potexvirus	Cymbidium mosaic virus	Potexvirus cymbidii	CymMV	CymMV	known_virus	Cymbidium sinense	Higher Epidendroideae	Cymbidieae	Cymbidium	Terrestial	AY429021	not_found	not_found	NCBI
Alphaflexiviridae	Potexvirus	Cymbidium mosaic virus	Potexvirus cymbidii	CymMV	CymMV	known_virus	Cymbidium sinense	Higher Epidendroideae	Cymbidieae	Cymbidium	Terrestial	GU295171	not_found	China	NCBI
Alphaflexiviridae	Potexvirus	Cymbidium mosaic virus	Potexvirus cymbidii	CymMV	CymMV	known_virus	Cymbidium sinense	Higher Epidendroideae	Cymbidieae	Cymbidium	Terrestial	KF853252	not_found	China	NCBI
Alphaflexiviridae	Potexvirus	Cymbidium mosaic virus	Potexvirus cymbidii	CymMV	CymMV	known_virus	Cymbidium sinense	Higher Epidendroideae	Cymbidieae	Cymbidium	Terrestial	KF853256	not_found	China	NCBI
Alphaflexiviridae	Potexvirus	Cymbidium mosaic virus	Potexvirus cymbidii	CymMV	CymMV	known_virus	Cymbidium sinense	Higher Epidendroideae	Cymbidieae	Cymbidium	Terrestial	SRR15174944	not_found	not_found	SRA
Alphaflexiviridae	Potexvirus	Cymbidium mosaic virus	Potexvirus cymbidii	CymMV	CymMV	known_virus	Cymbidium sinense	Higher Epidendroideae	Cymbidieae	Cymbidium	Terrestial	SRR15174945	various	China	SRA
Alphaflexiviridae	Potexvirus	Cymbidium mosaic virus	Potexvirus cymbidii	CymMV	CymMV	known_virus	Cymbidium sinense	Higher Epidendroideae	Cymbidieae	Cymbidium	Terrestial	SRR15174947	various	China	SRA
Alphaflexiviridae	Potexvirus	Cymbidium mosaic virus	Potexvirus cymbidii	CymMV	CymMV	known_virus	Cymbidium sinense	Higher Epidendroideae	Cymbidieae	Cymbidium	Terrestial	SRR15194893	various	China	SRA
Alphaflexiviridae	Potexvirus	Cymbidium mosaic virus	Potexvirus cymbidii	CymMV	CymMV	known_virus	Cymbidium sinense	Higher Epidendroideae	Cymbidieae	Cymbidium	Terrestial	SRR15194894	various	China	SRA
Alphaflexiviridae	Potexvirus	Cymbidium mosaic virus	Potexvirus cymbidii	CymMV	CymMV	known_virus	Cymbidium sinense	Higher Epidendroideae	Cymbidieae	Cymbidium	Terrestial	SRR15194895	various	China	SRA
Alphaflexiviridae	Potexvirus	Cymbidium mosaic virus	Potexvirus cymbidii	CymMV	CymMV	known_virus	Cymbidium sinense	Higher Epidendroideae	Cymbidieae	Cymbidium	Terrestial	SRR15194901	various	China	SRA
Alphaflexiviridae	Potexvirus	Cymbidium mosaic virus	Potexvirus cymbidii	CymMV	CymMV	known_virus	Cymbidium sinense	Higher Epidendroideae	Cymbidieae	Cymbidium	Terrestial	SRR17041720	ovule	nd	SRA
Alphaflexiviridae	Potexvirus	Cymbidium mosaic virus	Potexvirus cymbidii	CymMV	CymMV	known_virus	Cymbidium sinense	Higher Epidendroideae	Cymbidieae	Cymbidium	Terrestial	SRR17041721	ovule	nd	SRA
Alphaflexiviridae	Potexvirus	Cymbidium mosaic virus	Potexvirus cymbidii	CymMV	CymMV	known_virus	Cymbidium sinense	Higher Epidendroideae	Cymbidieae	Cymbidium	Terrestial	SRR17041722	ovule	nd	SRA
Alphaflexiviridae	Potexvirus	Cymbidium mosaic virus	Potexvirus cymbidii	CymMV	CymMV	known_virus	Cymbidium sinense	Higher Epidendroideae	Cymbidieae	Cymbidium	Terrestial	SRR17041723	ovule	nd	SRA
Alphaflexiviridae	Potexvirus	Cymbidium mosaic virus	Potexvirus cymbidii	CymMV	CymMV	known_virus	Cymbidium sinense	Higher Epidendroideae	Cymbidieae	Cymbidium	Terrestial	SRR17041724	ovule	nd	SRA
Alphaflexiviridae	Potexvirus	Cymbidium mosaic virus	Potexvirus cymbidii	CymMV	CymMV	known_virus	Cymbidium sinense	Higher Epidendroideae	Cymbidieae	Cymbidium	Terrestial	SRR17041725	ovule	nd	SRA
Alphaflexiviridae	Potexvirus	Cymbidium mosaic virus	Potexvirus cymbidii	CymMV	CymMV	known_virus	Cymbidium sinense	Higher Epidendroideae	Cymbidieae	Cymbidium	Terrestial	SRR17041727	ovule	nd	SRA
Alphaflexiviridae	Potexvirus	Cymbidium mosaic virus	Potexvirus cymbidii	CymMV	CymMV	known_virus	Cymbidium sinense	Higher Epidendroideae	Cymbidieae	Cymbidium	Terrestial	SRR17041728	ovule	nd	SRA
Alphaflexiviridae	Potexvirus	Cymbidium mosaic virus	Potexvirus cymbidii	CymMV	CymMV	known_virus	Cymbidium sinense	Higher Epidendroideae	Cymbidieae	Cymbidium	Terrestial	SRR17041729	ovule	nd	SRA
Alphaflexiviridae	Potexvirus	Cymbidium mosaic virus	Potexvirus cymbidii	CymMV	CymMV	known_virus	Cymbidium sinense	Higher Epidendroideae	Cymbidieae	Cymbidium	Terrestial	SRR17041730	ovule	nd	SRA
Alphaflexiviridae	Potexvirus	Cymbidium mosaic virus	Potexvirus cymbidii	CymMV	CymMV	known_virus	Cymbidium sinense	Higher Epidendroideae	Cymbidieae	Cymbidium	Terrestial	SRR17041731	ovule	nd	SRA
Alphaflexiviridae	Potexvirus	Cymbidium mosaic virus	Potexvirus cymbidii	CymMV	CymMV	known_virus	Cymbidium sinense	Higher Epidendroideae	Cymbidieae	Cymbidium	Terrestial	SRR17041732	ovule	nd	SRA
Alphaflexiviridae	Potexvirus	Cymbidium mosaic virus	Potexvirus cymbidii	CymMV	CymMV	known_virus	Cymbidium sinense	Higher Epidendroideae	Cymbidieae	Cymbidium	Terrestial	SRR17041734	ovule	nd	SRA
Alphaflexiviridae	Potexvirus	Cymbidium mosaic virus	Potexvirus cymbidii	CymMV	CymMV	known_virus	Cymbidium sinense	Higher Epidendroideae	Cymbidieae	Cymbidium	Terrestial	SRR17041735	ovule	nd	SRA
Alphaflexiviridae	Potexvirus	Cymbidium mosaic virus	Potexvirus cymbidii	CymMV	CymMV	known_virus	Cymbidium sinense	Higher Epidendroideae	Cymbidieae	Cymbidium	Terrestial	SRR17041736	ovule	nd	SRA
Alphaflexiviridae	Potexvirus	Cymbidium mosaic virus	Potexvirus cymbidii	CymMV	CymMV	known_virus	Cymbidium sinense	Higher Epidendroideae	Cymbidieae	Cymbidium	Terrestial	SRR17041737	ovule	nd	SRA
Alphaflexiviridae	Potexvirus	Cymbidium mosaic virus	Potexvirus cymbidii	CymMV	CymMV	known_virus	Cymbidium sinense	Higher Epidendroideae	Cymbidieae	Cymbidium	Terrestial	SRR575682	nd	nd	SRA
Alphaflexiviridae	Potexvirus	Cymbidium mosaic virus	Potexvirus cymbidii	CymMV	CymMV	known_virus	Cymbidium sinense	Higher Epidendroideae	Cymbidieae	Cymbidium	Terrestial	SRR575686	nd	nd	SRA
Alphaflexiviridae	Potexvirus	Cymbidium mosaic virus	Potexvirus cymbidii	CymMV	CymMV	known_virus	Cymbidium sinense	Higher Epidendroideae	Cymbidieae	Cymbidium	Terrestial	SRR575687	nd	nd	SRA
Alphaflexiviridae	Potexvirus	Cymbidium mosaic virus	Potexvirus cymbidii	CymMV	CymMV	known_virus	Cypripedium formosanum	Higher Epidendroideae	Cypripedieae	Cypripedium	Terrestial	SRR4343830	flower	Taiwan	SRA
Alphaflexiviridae	Potexvirus	Cymbidium mosaic virus	Potexvirus cymbidii	CymMV	CymMV	known_virus	Cypripedium formosanum	Higher Epidendroideae	Cypripedieae	Cypripedium	Terrestial	SRR4343831	bud	Taiwan	SRA
Alphaflexiviridae	Potexvirus	Cymbidium mosaic virus	Potexvirus cymbidii	CymMV	CymMV	known_virus	Dendrobium sp	Higher Epidendroideae	Podochileae	Dendrobium	Epiphyte	AB541523	not_found	South_Korea	NCBI
Alphaflexiviridae	Potexvirus	Cymbidium mosaic virus	Potexvirus cymbidii	CymMV	CymMV	known_virus	Dendrobium sp	Higher Epidendroideae	Podochileae	Dendrobium	Epiphyte	AB541549	not_found	South_Korea	NCBI
Alphaflexiviridae	Potexvirus	Cymbidium mosaic virus	Potexvirus cymbidii	CymMV	CymMV	known_virus	Dendrobium sp	Higher Epidendroideae	Podochileae	Dendrobium	Epiphyte	AB541550	not_found	South_Korea	NCBI
Alphaflexiviridae	Potexvirus	Cymbidium mosaic virus	Potexvirus cymbidii	CymMV	CymMV	known_virus	Dendrobium sp	Higher Epidendroideae	Podochileae	Dendrobium	Epiphyte	AB541551	not_found	South_Korea	NCBI
Alphaflexiviridae	Potexvirus	Cymbidium mosaic virus	Potexvirus cymbidii	CymMV	CymMV	known_virus	Dendrobium sp	Higher Epidendroideae	Podochileae	Dendrobium	Epiphyte	AB541552	not_found	South_Korea	NCBI
Alphaflexiviridae	Potexvirus	Cymbidium mosaic virus	Potexvirus cymbidii	CymMV	CymMV	known_virus	Dendrobium sp	Higher Epidendroideae	Podochileae	Dendrobium	Epiphyte	AB541553	not_found	South_Korea	NCBI
Alphaflexiviridae	Potexvirus	Cymbidium mosaic virus	Potexvirus cymbidii	CymMV	CymMV	known_virus	Dendrobium sp	Higher Epidendroideae	Podochileae	Dendrobium	Epiphyte	AB541554	not_found	South_Korea	NCBI
Alphaflexiviridae	Potexvirus	Cymbidium mosaic virus	Potexvirus cymbidii	CymMV	CymMV	known_virus	Dendrobium sp	Higher Epidendroideae	Podochileae	Dendrobium	Epiphyte	AB541555	not_found	South_Korea	NCBI
Alphaflexiviridae	Potexvirus	Cymbidium mosaic virus	Potexvirus cymbidii	CymMV	CymMV	known_virus	Dendrobium sp	Higher Epidendroideae	Podochileae	Dendrobium	Epiphyte	AB541556	not_found	South_Korea	NCBI
Alphaflexiviridae	Potexvirus	Cymbidium mosaic virus	Potexvirus cymbidii	CymMV	CymMV	known_virus	Dendrobium sp	Higher Epidendroideae	Podochileae	Dendrobium	Epiphyte	AB541557	not_found	South_Korea	NCBI
Alphaflexiviridae	Potexvirus	Cymbidium mosaic virus	Potexvirus cymbidii	CymMV	CymMV	known_virus	Dendrobium sp	Higher Epidendroideae	Podochileae	Dendrobium	Epiphyte	AB541558	not_found	South_Korea	NCBI
Alphaflexiviridae	Potexvirus	Cymbidium mosaic virus	Potexvirus cymbidii	CymMV	CymMV	known_virus	Dendrobium sp	Higher Epidendroideae	Podochileae	Dendrobium	Epiphyte	AB541559	not_found	South_Korea	NCBI
Alphaflexiviridae	Potexvirus	Cymbidium mosaic virus	Potexvirus cymbidii	CymMV	CymMV	known_virus	Dendrobium sp	Higher Epidendroideae	Podochileae	Dendrobium	Epiphyte	AB541560	not_found	South_Korea	NCBI
Alphaflexiviridae	Potexvirus	Cymbidium mosaic virus	Potexvirus cymbidii	CymMV	CymMV	known_virus	Dendrobium sp	Higher Epidendroideae	Podochileae	Dendrobium	Epiphyte	AB541561	not_found	South_Korea	NCBI
Alphaflexiviridae	Potexvirus	Cymbidium mosaic virus	Potexvirus cymbidii	CymMV	CymMV	known_virus	Dendrobium sp	Higher Epidendroideae	Podochileae	Dendrobium	Epiphyte	AB541562	not_found	South_Korea	NCBI
Alphaflexiviridae	Potexvirus	Cymbidium mosaic virus	Potexvirus cymbidii	CymMV	CymMV	known_virus	Dendrobium sp	Higher Epidendroideae	Podochileae	Dendrobium	Epiphyte	AB541563	not_found	South_Korea	NCBI
Alphaflexiviridae	Potexvirus	Cymbidium mosaic virus	Potexvirus cymbidii	CymMV	CymMV	known_virus	Dendrobium sp	Higher Epidendroideae	Podochileae	Dendrobium	Epiphyte	AB541564	not_found	South_Korea	NCBI
Alphaflexiviridae	Potexvirus	Cymbidium mosaic virus	Potexvirus cymbidii	CymMV	CymMV	known_virus	Dendrobium sp	Higher Epidendroideae	Podochileae	Dendrobium	Epiphyte	AB693982	not_found	Indonesia	NCBI
Alphaflexiviridae	Potexvirus	Cymbidium mosaic virus	Potexvirus cymbidii	CymMV	CymMV	known_virus	Dendrobium sp	Higher Epidendroideae	Podochileae	Dendrobium	Epiphyte	AF405728	not_found	Singapore	NCBI
Alphaflexiviridae	Potexvirus	Cymbidium mosaic virus	Potexvirus cymbidii	CymMV	CymMV	known_virus	Dendrobium sp	Higher Epidendroideae	Podochileae	Dendrobium	Epiphyte	EF125178	leaf	USA	NCBI
Alphaflexiviridae	Potexvirus	Cymbidium mosaic virus	Potexvirus cymbidii	CymMV	CymMV	known_virus	Dendrobium sp	Higher Epidendroideae	Podochileae	Dendrobium	Epiphyte	EF125179	leaf	USA	NCBI
Alphaflexiviridae	Potexvirus	Cymbidium mosaic virus	Potexvirus cymbidii	CymMV	CymMV	known_virus	Dendrobium sp	Higher Epidendroideae	Podochileae	Dendrobium	Epiphyte	EF125180	leaf	USA	NCBI
Alphaflexiviridae	Potexvirus	Cymbidium mosaic virus	Potexvirus cymbidii	CymMV	CymMV	known_virus	Dendrobium sp	Higher Epidendroideae	Podochileae	Dendrobium	Epiphyte	EU672821	not_found	China	NCBI
Alphaflexiviridae	Potexvirus	Cymbidium mosaic virus	Potexvirus cymbidii	CymMV	CymMV	known_virus	Dendrobium sp	Higher Epidendroideae	Podochileae	Dendrobium	Epiphyte	KF853255	not_found	China	NCBI
Alphaflexiviridae	Potexvirus	Cymbidium mosaic virus	Potexvirus cymbidii	CymMV	CymMV	known_virus	Dendrobium sp	Higher Epidendroideae	Podochileae	Dendrobium	Epiphyte	KF853260	not_found	China	NCBI
Alphaflexiviridae	Potexvirus	Cymbidium mosaic virus	Potexvirus cymbidii	CymMV	CymMV	known_virus	Dendrobium sp	Higher Epidendroideae	Podochileae	Dendrobium	Epiphyte	OQ615774	not_found	China	NCBI
Alphaflexiviridae	Potexvirus	Cymbidium mosaic virus	Potexvirus cymbidii	CymMV	CymMV	known_virus	Dendrobium sp	Higher Epidendroideae	Podochileae	Dendrobium	Epiphyte	OQ615775	not_found	China	NCBI
Alphaflexiviridae	Potexvirus	Cymbidium mosaic virus	Potexvirus cymbidii	CymMV	CymMV	known_virus	Dendrobium sp	Higher Epidendroideae	Podochileae	Dendrobium	Epiphyte	OQ615776	not_found	China	NCBI
Alphaflexiviridae	Potexvirus	Cymbidium mosaic virus	Potexvirus cymbidii	CymMV	CymMV	known_virus	Dendrobium sp	Higher Epidendroideae	Podochileae	Dendrobium	Epiphyte	OQ615777	not_found	China	NCBI
Alphaflexiviridae	Potexvirus	Cymbidium mosaic virus	Potexvirus cymbidii	CymMV	CymMV	known_virus	Dendrobium sp	Higher Epidendroideae	Podochileae	Dendrobium	Epiphyte	OQ615778	not_found	China	NCBI
Alphaflexiviridae	Potexvirus	Cymbidium mosaic virus	Potexvirus cymbidii	CymMV	CymMV	known_virus	Dendrobium sp	Higher Epidendroideae	Podochileae	Dendrobium	Epiphyte	OQ615779	not_found	China	NCBI
Alphaflexiviridae	Potexvirus	Cymbidium mosaic virus	Potexvirus cymbidii	CymMV	CymMV	known_virus	Dendrobium sp	Higher Epidendroideae	Podochileae	Dendrobium	Epiphyte	OQ615780	not_found	China	NCBI
Alphaflexiviridae	Potexvirus	Cymbidium mosaic virus	Potexvirus cymbidii	CymMV	CymMV	known_virus	Dendrobium sp	Higher Epidendroideae	Podochileae	Dendrobium	Epiphyte	OQ615781	not_found	China	NCBI
Alphaflexiviridae	Potexvirus	Cymbidium mosaic virus	Potexvirus cymbidii	CymMV	CymMV	known_virus	Dendrobium sp	Higher Epidendroideae	Podochileae	Dendrobium	Epiphyte	OQ615782	not_found	China	NCBI
Alphaflexiviridae	Potexvirus	Cymbidium mosaic virus	Potexvirus cymbidii	CymMV	CymMV	known_virus	Dendrobium sp	Higher Epidendroideae	Podochileae	Dendrobium	Epiphyte	OQ615783	not_found	China	NCBI
Alphaflexiviridae	Potexvirus	Cymbidium mosaic virus	Potexvirus cymbidii	CymMV	CymMV	known_virus	Dendrobium sp	Higher Epidendroideae	Podochileae	Dendrobium	Epiphyte	OQ615784	not_found	China	NCBI
Alphaflexiviridae	Potexvirus	Cymbidium mosaic virus	Potexvirus cymbidii	CymMV	CymMV	known_virus	Dendrobium sp	Higher Epidendroideae	Podochileae	Dendrobium	Epiphyte	OQ615785	not_found	China	NCBI
Alphaflexiviridae	Potexvirus	Cymbidium mosaic virus	Potexvirus cymbidii	CymMV	CymMV	known_virus	Dendrobium sp	Higher Epidendroideae	Podochileae	Dendrobium	Epiphyte	OQ615786	not_found	China	NCBI
Alphaflexiviridae	Potexvirus	Cymbidium mosaic virus	Potexvirus cymbidii	CymMV	CymMV	known_virus	Dendrobium sp	Higher Epidendroideae	Podochileae	Dendrobium	Epiphyte	OQ615787	not_found	China	NCBI
Alphaflexiviridae	Potexvirus	Cymbidium mosaic virus	Potexvirus cymbidii	CymMV	CymMV	known_virus	Dendrobium sp	Higher Epidendroideae	Podochileae	Dendrobium	Epiphyte	OQ615788	not_found	China	NCBI
Alphaflexiviridae	Potexvirus	Cymbidium mosaic virus	Potexvirus cymbidii	CymMV	CymMV	known_virus	Dendrobium sp	Higher Epidendroideae	Podochileae	Dendrobium	Epiphyte	OQ615789	not_found	China	NCBI
Alphaflexiviridae	Potexvirus	Cymbidium mosaic virus	Potexvirus cymbidii	CymMV	CymMV	known_virus	Dendrobium x nestor	Higher Epidendroideae	Podochileae	Dendrobium	Epiphyte	SRR13150532	flower	China	SRA
Alphaflexiviridae	Potexvirus	Cymbidium mosaic virus	Potexvirus cymbidii	CymMV	CymMV	known_virus	Dendrobium x nestor	Higher Epidendroideae	Podochileae	Dendrobium	Epiphyte	SRR13150533	flower	China	SRA
Alphaflexiviridae	Potexvirus	Cymbidium mosaic virus	Potexvirus cymbidii	CymMV	CymMV	known_virus	Dendrobium x nestor	Higher Epidendroideae	Podochileae	Dendrobium	Epiphyte	SRR13150534	flower	China	SRA
Alphaflexiviridae	Potexvirus	Cymbidium mosaic virus	Potexvirus cymbidii	CymMV	CymMV	known_virus	Dendrobium officinale	Higher Epidendroideae	Podochileae	Dendrobium	Epiphyte	SRR13987005	root	nd	SRA
Alphaflexiviridae	Potexvirus	Cymbidium mosaic virus	Potexvirus cymbidii	CymMV	CymMV	known_virus	Dendrobium officinale	Higher Epidendroideae	Podochileae	Dendrobium	Epiphyte	SRR6869952	seeds	China	SRA
Alphaflexiviridae	Potexvirus	Cymbidium mosaic virus	Potexvirus cymbidii	CymMV	CymMV	known_virus	Dendrobium officinale	Higher Epidendroideae	Podochileae	Dendrobium	Epiphyte	SRR6869955	seeds	China	SRA
Alphaflexiviridae	Potexvirus	Cymbidium mosaic virus	Potexvirus cymbidii	CymMV	CymMV	known_virus	Dendrobium moniliforme	Higher Epidendroideae	Podochileae	Dendrobium	Epiphyte or Lithophyte	SRR24751335	flower	China	SRA
Alphaflexiviridae	Potexvirus	Cymbidium mosaic virus	Potexvirus cymbidii	CymMV	CymMV	known_virus	Dendrobium moniliforme	Higher Epidendroideae	Podochileae	Dendrobium	Epiphyte or Lithophyte	SRR24751336	flower	China	SRA
Alphaflexiviridae	Potexvirus	Cymbidium mosaic virus	Potexvirus cymbidii	CymMV	CymMV	known_virus	Encyclia sp	Higher Epidendroideae	Epidendreae	Encyclia	Epiphyte	HQ393958	not_found	Mexico	NCBI
Alphaflexiviridae	Potexvirus	Cymbidium mosaic virus	Potexvirus cymbidii	CymMV	CymMV	known_virus	Encyclia sp	Higher Epidendroideae	Epidendreae	Encyclia	Epiphyte	HQ393959	not_found	Mexico	NCBI
Alphaflexiviridae	Potexvirus	Cymbidium mosaic virus	Potexvirus cymbidii	CymMV	CymMV	known_virus	Encyclia sp	Higher Epidendroideae	Epidendreae	Encyclia	Epiphyte	HQ393960	not_found	Mexico	NCBI
Alphaflexiviridae	Potexvirus	Cymbidium mosaic virus	Potexvirus cymbidii	CymMV	CymMV	known_virus	Encyclia sp	Higher Epidendroideae	Epidendreae	Encyclia	Epiphyte	HQ393961	not_found	Mexico	NCBI
Alphaflexiviridae	Potexvirus	Cymbidium mosaic virus	Potexvirus cymbidii	CymMV	CymMV	known_virus	Encyclia sp	Higher Epidendroideae	Epidendreae	Encyclia	Epiphyte	HQ393962	not_found	Mexico	NCBI
Alphaflexiviridae	Potexvirus	Cymbidium mosaic virus	Potexvirus cymbidii	CymMV	CymMV	known_virus	Epidendrum sp	Higher Epidendroideae	Epidendreae	Epidendrum	Epiphyte	AY050650	not_found	not_found	NCBI
Alphaflexiviridae	Potexvirus	Cymbidium mosaic virus	Potexvirus cymbidii	CymMV	CymMV	known_virus	Epidendrum sp	Higher Epidendroideae	Epidendreae	Epidendrum	Epiphyte	MF420349	not_found	Mexico	NCBI
Alphaflexiviridae	Potexvirus	Cymbidium mosaic virus	Potexvirus cymbidii	CymMV	CymMV	known_virus	Erycina pusilla	Higher Epidendroideae	Cymbidieae	Erycina	Epiphyte	SRR4701987	stem	Taiwan	SRA
Alphaflexiviridae	Potexvirus	Cymbidium mosaic virus	Potexvirus cymbidii	CymMV	CymMV	known_virus	Gastrodia pubilabiata	Higher Epidendroideae	Gastrodieae	Gastrodia	Terrestrial	SRR3990693	root	Taiwan	SRA
Alphaflexiviridae	Potexvirus	Cymbidium mosaic virus	Potexvirus cymbidii	CymMV	CymMV	known_virus	Gastrodia elata	Higher Epidendroideae	Gastrodieae	Gastrodia	Terrestrial	SRR4342051	bud	Taiwan	SRA
Alphaflexiviridae	Potexvirus	Cymbidium mosaic virus	Potexvirus cymbidii	CymMV	CymMV	known_virus	Hemipilia forrestii	Higher Epidendroideae	Orchideae	Hemipilia	Terrestial	SRR5722142	flower	China	SRA
Alphaflexiviridae	Potexvirus	Cymbidium mosaic virus	Potexvirus cymbidii	CymMV	CymMV	known_virus	Neuwiedia zollingeri	Higher Epidendroideae	not_found	Neuwiedia	Terrestial	SRR4343849	leaf	Taiwan	SRA
Alphaflexiviridae	Potexvirus	Cymbidium mosaic virus	Potexvirus cymbidii	CymMV	CymMV	known_virus	Neuwiedia zollingeri	Higher Epidendroideae	not_found	Neuwiedia	Terrestial	SRR4343850	bud	Taiwan	SRA
Alphaflexiviridae	Potexvirus	Cymbidium mosaic virus	Potexvirus cymbidii	CymMV	CymMV	known_virus	Neuwiedia zollingeri	Higher Epidendroideae	not_found	Neuwiedia	Terrestial	SRR4343851	various	Taiwan	SRA
Alphaflexiviridae	Potexvirus	Cymbidium mosaic virus	Potexvirus cymbidii	CymMV	CymMV	known_virus	Neuwiedia malipoensis	Higher Epidendroideae	not_found	Neuwiedia	Terrestial	SRR5722159	flower	China	SRA
Alphaflexiviridae	Potexvirus	Cymbidium mosaic virus	Potexvirus cymbidii	CymMV	CymMV	known_virus	Aeridinae sp	Higher Epidendroideae	Vandeae	not_found	Epiphyte	AF405718	not_found	Singapore	NCBI
Alphaflexiviridae	Potexvirus	Cymbidium mosaic virus	Potexvirus cymbidii	CymMV	CymMV	known_virus	Aeridinae sp	Higher Epidendroideae	Vandeae	not_found	Epiphyte	AY049768	not_found	Singapore	NCBI
Alphaflexiviridae	Potexvirus	Cymbidium mosaic virus	Potexvirus cymbidii	CymMV	CymMV	known_virus	Orchidaceae	Higher Epidendroideae	not_found	not_found	not_found	AB693985	not_found	Indonesia	NCBI
Alphaflexiviridae	Potexvirus	Cymbidium mosaic virus	Potexvirus cymbidii	CymMV	CymMV	known_virus	Orchidaceae	Higher Epidendroideae	not_found	not_found	not_found	AF405719	not_found	Singapore	NCBI
Alphaflexiviridae	Potexvirus	Cymbidium mosaic virus	Potexvirus cymbidii	CymMV	CymMV	known_virus	Orchidaceae	Higher Epidendroideae	not_found	not_found	not_found	AF405721	not_found	Singapore	NCBI
Alphaflexiviridae	Potexvirus	Cymbidium mosaic virus	Potexvirus cymbidii	CymMV	CymMV	known_virus	Orchidaceae	Higher Epidendroideae	not_found	not_found	not_found	AF405723	not_found	Singapore	NCBI
Alphaflexiviridae	Potexvirus	Cymbidium mosaic virus	Potexvirus cymbidii	CymMV	CymMV	known_virus	Orchidaceae	Higher Epidendroideae	not_found	not_found	not_found	AF405726	not_found	Singapore	NCBI
Alphaflexiviridae	Potexvirus	Cymbidium mosaic virus	Potexvirus cymbidii	CymMV	CymMV	known_virus	Orchidaceae	Higher Epidendroideae	not_found	not_found	not_found	AJ270986	not_found	not_found	NCBI
Alphaflexiviridae	Potexvirus	Cymbidium mosaic virus	Potexvirus cymbidii	CymMV	CymMV	known_virus	Orchidaceae	Higher Epidendroideae	not_found	not_found	not_found	AJ585202	not_found	India	NCBI
Alphaflexiviridae	Potexvirus	Cymbidium mosaic virus	Potexvirus cymbidii	CymMV	CymMV	known_virus	Orchidaceae	Higher Epidendroideae	not_found	not_found	not_found	AJ585203	not_found	India	NCBI
Alphaflexiviridae	Potexvirus	Cymbidium mosaic virus	Potexvirus cymbidii	CymMV	CymMV	known_virus	Orchidaceae	Higher Epidendroideae	not_found	not_found	not_found	AJ585204	not_found	India	NCBI
Alphaflexiviridae	Potexvirus	Cymbidium mosaic virus	Potexvirus cymbidii	CymMV	CymMV	known_virus	Orchidaceae	Higher Epidendroideae	not_found	not_found	not_found	AJ620244	not_found	India	NCBI
Alphaflexiviridae	Potexvirus	Cymbidium mosaic virus	Potexvirus cymbidii	CymMV	CymMV	known_virus	Orchidaceae	Higher Epidendroideae	not_found	not_found	not_found	AJ849639	not_found	India	NCBI
Alphaflexiviridae	Potexvirus	Cymbidium mosaic virus	Potexvirus cymbidii	CymMV	CymMV	known_virus	Orchidaceae	Higher Epidendroideae	not_found	not_found	not_found	AJ871374	not_found	India	NCBI
Alphaflexiviridae	Potexvirus	Cymbidium mosaic virus	Potexvirus cymbidii	CymMV	CymMV	known_virus	Orchidaceae	Higher Epidendroideae	not_found	not_found	not_found	JN584483	not_found	China	NCBI
Alphaflexiviridae	Potexvirus	Cymbidium mosaic virus	Potexvirus cymbidii	CymMV	CymMV	known_virus	Orchidaceae	Higher Epidendroideae	not_found	not_found	not_found	MG774929	not_found	Paraguay	NCBI
Alphaflexiviridae	Potexvirus	Cymbidium mosaic virus	Potexvirus cymbidii	CymMV	CymMV	known_virus	Orchidaceae	Higher Epidendroideae	not_found	not_found	not_found	MG774930	not_found	Paraguay	NCBI
Alphaflexiviridae	Potexvirus	Cymbidium mosaic virus	Potexvirus cymbidii	CymMV	CymMV	known_virus	Orchidaceae	Higher Epidendroideae	not_found	not_found	not_found	MK816927	not_found	Malaysia	NCBI
Alphaflexiviridae	Potexvirus	Cymbidium mosaic virus	Potexvirus cymbidii	CymMV	CymMV	known_virus	Orchidaceae	Higher Epidendroideae	not_found	not_found	not_found	MK908224	not_found	Mexico	NCBI
Alphaflexiviridae	Potexvirus	Cymbidium mosaic virus	Potexvirus cymbidii	CymMV	CymMV	known_virus	Orchidaceae	Higher Epidendroideae	not_found	not_found	not_found	MT429774	not_found	China	NCBI
Alphaflexiviridae	Potexvirus	Cymbidium mosaic virus	Potexvirus cymbidii	CymMV	CymMV	known_virus	Orchidaceae	Higher Epidendroideae	not_found	not_found	not_found	MT429775	not_found	China	NCBI
Alphaflexiviridae	Potexvirus	Cymbidium mosaic virus	Potexvirus cymbidii	CymMV	CymMV	known_virus	Orchidaceae	Higher Epidendroideae	not_found	not_found	not_found	MT429776	not_found	China	NCBI
Alphaflexiviridae	Potexvirus	Cymbidium mosaic virus	Potexvirus cymbidii	CymMV	CymMV	known_virus	Orchidaceae	Higher Epidendroideae	not_found	not_found	not_found	OQ993367	not_found	Germany	NCBI
Alphaflexiviridae	Potexvirus	Cymbidium mosaic virus	Potexvirus cymbidii	CymMV	CymMV	known_virus	Cymbidium hybrid cultivar	Higher Epidendroideae	not_found	not_found	not_found	AJ581998	not_found	India	NCBI
Alphaflexiviridae	Potexvirus	Cymbidium mosaic virus	Potexvirus cymbidii	CymMV	CymMV	known_virus	Cymbidium hybrid cultivar	Higher Epidendroideae	not_found	not_found	not_found	FJ858205	not_found	China	NCBI
Alphaflexiviridae	Potexvirus	Cymbidium mosaic virus	Potexvirus cymbidii	CymMV	CymMV	known_virus	Cattleya x hybrida	Higher Epidendroideae	not_found	not_found	not_found	GU295169	not_found	China	NCBI
Alphaflexiviridae	Potexvirus	Cymbidium mosaic virus	Potexvirus cymbidii	CymMV	CymMV	known_virus	Cattleya x hybrida	Higher Epidendroideae	not_found	not_found	not_found	GU295170	not_found	China	NCBI
Alphaflexiviridae	Potexvirus	Cymbidium mosaic virus	Potexvirus cymbidii	CymMV	CymMV	known_virus	Cymbidium hybrid cultivar	Higher Epidendroideae	not_found	not_found	not_found	GU295172	not_found	China	NCBI
Alphaflexiviridae	Potexvirus	Cymbidium mosaic virus	Potexvirus cymbidii	CymMV	CymMV	known_virus	Cymbidium hybrid cultivar	Higher Epidendroideae	not_found	not_found	not_found	GU295173	not_found	China	NCBI
Alphaflexiviridae	Potexvirus	Cymbidium mosaic virus	Potexvirus cymbidii	CymMV	CymMV	known_virus	Cymbidium hybrid cultivar	Higher Epidendroideae	not_found	not_found	not_found	KF853251	not_found	China	NCBI
Alphaflexiviridae	Potexvirus	Cymbidium mosaic virus	Potexvirus cymbidii	CymMV	CymMV	known_virus	Cymbidium hybrid cultivar	Higher Epidendroideae	not_found	not_found	not_found	KF853259	not_found	China	NCBI
Alphaflexiviridae	Potexvirus	Cymbidium mosaic virus	Potexvirus cymbidii	CymMV	CymMV	known_virus	Cymbidium hybrid cultivar	Higher Epidendroideae	not_found	not_found	not_found	MW582798	not_found	not_found	NCBI
Alphaflexiviridae	Potexvirus	Cymbidium mosaic virus	Potexvirus cymbidii	CymMV	CymMV	known_virus	Oncidium hybrid cultivar	Higher Epidendroideae	not_found	not_found	not_found	MZ662114	leaf	China	NCBI
Alphaflexiviridae	Potexvirus	Cymbidium mosaic virus	Potexvirus cymbidii	CymMV	CymMV	known_virus	Cymbidium hybrid cultivar	Higher Epidendroideae	not_found	not_found	not_found	OM025090	not_found	China	NCBI
Alphaflexiviridae	Potexvirus	Cymbidium mosaic virus	Potexvirus cymbidii	CymMV	CymMV	known_virus	Cymbidium hybrid cultivar	Higher Epidendroideae	not_found	not_found	not_found	OM025091	not_found	China	NCBI
Alphaflexiviridae	Potexvirus	Cymbidium mosaic virus	Potexvirus cymbidii	CymMV	CymMV	known_virus	Cymbidium hybrid cultivar	Higher Epidendroideae	not_found	not_found	not_found	ON113106	not_found	India	NCBI
Alphaflexiviridae	Potexvirus	Cymbidium mosaic virus	Potexvirus cymbidii	CymMV	CymMV	known_virus	Dendrobium hybrid cultivar	Higher Epidendroideae	not_found	not_found	not_found	OR480781	not_found	India	NCBI
Alphaflexiviridae	Potexvirus	Cymbidium mosaic virus	Potexvirus cymbidii	CymMV	CymMV	known_virus	Dendrobium hybrid cultivar	Higher Epidendroideae	not_found	not_found	not_found	OR480782	not_found	India	NCBI
Alphaflexiviridae	Potexvirus	Cymbidium mosaic virus	Potexvirus cymbidii	CymMV	CymMV	known_virus	Cymbidium hybrid cultivar	Higher Epidendroideae	not_found	not_found	not_found	OR480783	not_found	India	NCBI
Alphaflexiviridae	Potexvirus	Cymbidium mosaic virus	Potexvirus cymbidii	CymMV	CymMV	known_virus	Cymbidium hybrid cultivar	Higher Epidendroideae	not_found	not_found	not_found	OR480784	not_found	India	NCBI
Alphaflexiviridae	Potexvirus	Cymbidium mosaic virus	Potexvirus cymbidii	CymMV	CymMV	known_virus	Oncidium sp	Higher Epidendroideae	Cymbidieae	Oncidium	Epiphyte	AB541565	not_found	South_Korea	NCBI
Alphaflexiviridae	Potexvirus	Cymbidium mosaic virus	Potexvirus cymbidii	CymMV	CymMV	known_virus	Oncidium sp	Higher Epidendroideae	Cymbidieae	Oncidium	Epiphyte	AB541566	not_found	South_Korea	NCBI
Alphaflexiviridae	Potexvirus	Cymbidium mosaic virus	Potexvirus cymbidii	CymMV	CymMV	known_virus	Oncidium sp	Higher Epidendroideae	Cymbidieae	Oncidium	Epiphyte	AB541567	not_found	South_Korea	NCBI
Alphaflexiviridae	Potexvirus	Cymbidium mosaic virus	Potexvirus cymbidii	CymMV	CymMV	known_virus	Oncidium sp	Higher Epidendroideae	Cymbidieae	Oncidium	Epiphyte	AB541568	not_found	South_Korea	NCBI
Alphaflexiviridae	Potexvirus	Cymbidium mosaic virus	Potexvirus cymbidii	CymMV	CymMV	known_virus	Oncidium sp	Higher Epidendroideae	Cymbidieae	Oncidium	Epiphyte	AB541569	not_found	South_Korea	NCBI
Alphaflexiviridae	Potexvirus	Cymbidium mosaic virus	Potexvirus cymbidii	CymMV	CymMV	known_virus	Oncidium sp	Higher Epidendroideae	Cymbidieae	Oncidium	Epiphyte	AB541570	not_found	South_Korea	NCBI
Alphaflexiviridae	Potexvirus	Cymbidium mosaic virus	Potexvirus cymbidii	CymMV	CymMV	known_virus	Oncidium sp	Higher Epidendroideae	Cymbidieae	Oncidium	Epiphyte	AB541571	not_found	South_Korea	NCBI
Alphaflexiviridae	Potexvirus	Cymbidium mosaic virus	Potexvirus cymbidii	CymMV	CymMV	known_virus	Oncidium sp	Higher Epidendroideae	Cymbidieae	Oncidium	Epiphyte	AB541572	not_found	South_Korea	NCBI
Alphaflexiviridae	Potexvirus	Cymbidium mosaic virus	Potexvirus cymbidii	CymMV	CymMV	known_virus	Oncidium sp	Higher Epidendroideae	Cymbidieae	Oncidium	Epiphyte	AB541573	not_found	South_Korea	NCBI
Alphaflexiviridae	Potexvirus	Cymbidium mosaic virus	Potexvirus cymbidii	CymMV	CymMV	known_virus	Oncidium sp	Higher Epidendroideae	Cymbidieae	Oncidium	Epiphyte	AB693987	not_found	Indonesia	NCBI
Alphaflexiviridae	Potexvirus	Cymbidium mosaic virus	Potexvirus cymbidii	CymMV	CymMV	known_virus	Oncidium sp	Higher Epidendroideae	Cymbidieae	Oncidium	Epiphyte	AJ311911	not_found	Thailand	NCBI
Alphaflexiviridae	Potexvirus	Cymbidium mosaic virus	Potexvirus cymbidii	CymMV	CymMV	known_virus	Oncidium sp	Higher Epidendroideae	Cymbidieae	Oncidium	Epiphyte	AY360408	not_found	China	NCBI
Alphaflexiviridae	Potexvirus	Cymbidium mosaic virus	Potexvirus cymbidii	CymMV	CymMV	known_virus	Oncidium sp	Higher Epidendroideae	Cymbidieae	Oncidium	Epiphyte	HQ393956	not_found	Mexico	NCBI
Alphaflexiviridae	Potexvirus	Cymbidium mosaic virus	Potexvirus cymbidii	CymMV	CymMV	known_virus	Oncidium sp	Higher Epidendroideae	Cymbidieae	Oncidium	Epiphyte	HQ393957	not_found	Mexico	NCBI
Alphaflexiviridae	Potexvirus	Cymbidium mosaic virus	Potexvirus cymbidii	CymMV	CymMV	known_virus	Oncidium sp	Higher Epidendroideae	Cymbidieae	Oncidium	Epiphyte	KF853246	not_found	China	NCBI
Alphaflexiviridae	Potexvirus	Cymbidium mosaic virus	Potexvirus cymbidii	CymMV	CymMV	known_virus	Oncidium sp	Higher Epidendroideae	Cymbidieae	Oncidium	Epiphyte	MN150525	not_found	Indonesia	NCBI
Alphaflexiviridae	Potexvirus	Cymbidium mosaic virus	Potexvirus cymbidii	CymMV	CymMV	known_virus	Oncidium sp	Higher Epidendroideae	Cymbidieae	Oncidium	Epiphyte	SRR13300159	flower	China	SRA
Alphaflexiviridae	Potexvirus	Cymbidium mosaic virus	Potexvirus cymbidii	CymMV	CymMV	known_virus	Oncidium sp	Higher Epidendroideae	Cymbidieae	Oncidium	Epiphyte	SRR13300161	flower	China	SRA
Alphaflexiviridae	Potexvirus	Cymbidium mosaic virus	Potexvirus cymbidii	CymMV	CymMV	known_virus	Oncidium sp	Higher Epidendroideae	Cymbidieae	Oncidium	Epiphyte	SRR13300162	flower	China	SRA
Alphaflexiviridae	Potexvirus	Cymbidium mosaic virus	Potexvirus cymbidii	CymMV	CymMV	known_virus	Oncidium sp	Higher Epidendroideae	Cymbidieae	Oncidium	Epiphyte	SRR13300163	flower	China	SRA
Alphaflexiviridae	Potexvirus	Cymbidium mosaic virus	Potexvirus cymbidii	CymMV	CymMV	known_virus	Oncidium sp	Higher Epidendroideae	Cymbidieae	Oncidium	Epiphyte	SRR13300164	flower	China	SRA
Alphaflexiviridae	Potexvirus	Cymbidium mosaic virus	Potexvirus cymbidii	CymMV	CymMV	known_virus	Oncidium sp	Higher Epidendroideae	Cymbidieae	Oncidium	Epiphyte	SRR4252476	flower	China	SRA
Alphaflexiviridae	Potexvirus	Cymbidium mosaic virus	Potexvirus cymbidii	CymMV	CymMV	known_virus	Oncidium sp	Higher Epidendroideae	Cymbidieae	Oncidium	Epiphyte	SRR4252477	flower	China	SRA
Alphaflexiviridae	Potexvirus	Cymbidium mosaic virus	Potexvirus cymbidii	CymMV	CymMV	known_virus	Oncidium sp	Higher Epidendroideae	Cymbidieae	Oncidium	Epiphyte	SRR6466406	root	China	SRA
Alphaflexiviridae	Potexvirus	Cymbidium mosaic virus	Potexvirus cymbidii	CymMV	CymMV	known_virus	Paphiopedilum dianthum	Higher Epidendroideae	Cypripedieae	Paphiopedilum	Lithophyte	KF225473	not_found	China	NCBI
Alphaflexiviridae	Potexvirus	Cymbidium mosaic virus	Potexvirus cymbidii	CymMV	CymMV	known_virus	Paphiopedilum dianthum	Higher Epidendroideae	Cypripedieae	Paphiopedilum	Lithophyte	KF225474	not_found	China	NCBI
Alphaflexiviridae	Potexvirus	Cymbidium mosaic virus	Potexvirus cymbidii	CymMV	CymMV	known_virus	Papilionanthe sp	Higher Epidendroideae	Vandeae	Papilionanthe	Epiphyte	SRR18095152	flower	Singapore	SRA
Alphaflexiviridae	Potexvirus	Cymbidium mosaic virus	Potexvirus cymbidii	CymMV	CymMV	known_virus	Papilionanthe sp	Higher Epidendroideae	Vandeae	Papilionanthe	Epiphyte	SRR18095153	flower	Singapore	SRA
Alphaflexiviridae	Potexvirus	Cymbidium mosaic virus	Potexvirus cymbidii	CymMV	CymMV	known_virus	Papilionanthe sp	Higher Epidendroideae	Vandeae	Papilionanthe	Epiphyte	SRR18095154	flower	Singapore	SRA
Alphaflexiviridae	Potexvirus	Cymbidium mosaic virus	Potexvirus cymbidii	CymMV	CymMV	known_virus	Papilionanthe sp	Higher Epidendroideae	Vandeae	Papilionanthe	Epiphyte	SRR18095155	leaf	Singapore	SRA
Alphaflexiviridae	Potexvirus	Cymbidium mosaic virus	Potexvirus cymbidii	CymMV	CymMV	known_virus	Papilionanthe sp	Higher Epidendroideae	Vandeae	Papilionanthe	Epiphyte	SRR18095158	flower	Singapore	SRA
Alphaflexiviridae	Potexvirus	Cymbidium mosaic virus	Potexvirus cymbidii	CymMV	CymMV	known_virus	Papilionanthe sp	Higher Epidendroideae	Vandeae	Papilionanthe	Epiphyte	SRR18095159	flower	Singapore	SRA
Alphaflexiviridae	Potexvirus	Cymbidium mosaic virus	Potexvirus cymbidii	CymMV	CymMV	known_virus	Papilionanthe sp	Higher Epidendroideae	Vandeae	Papilionanthe	Epiphyte	SRR18095163	root	Singapore	SRA
Alphaflexiviridae	Potexvirus	Cymbidium mosaic virus	Potexvirus cymbidii	CymMV	CymMV	known_virus	Papilionanthe sp	Higher Epidendroideae	Vandeae	Papilionanthe	Epiphyte	SRR18095164	root	Singapore	SRA
Alphaflexiviridae	Potexvirus	Cymbidium mosaic virus	Potexvirus cymbidii	CymMV	CymMV	known_virus	Papilionanthe sp	Higher Epidendroideae	Vandeae	Papilionanthe	Epiphyte	SRR18095165	flower	Singapore	SRA
Alphaflexiviridae	Potexvirus	Cymbidium mosaic virus	Potexvirus cymbidii	CymMV	CymMV	known_virus	Papilionanthe sp	Higher Epidendroideae	Vandeae	Papilionanthe	Epiphyte	SRR18095166	flower	Singapore	SRA
Alphaflexiviridae	Potexvirus	Cymbidium mosaic virus	Potexvirus cymbidii	CymMV	CymMV	known_virus	Phaius tancarvilleae	Higher Epidendroideae	Arethuseae	Phaius	Terrestrial	AJ564562	not_found	India	NCBI
Alphaflexiviridae	Potexvirus	Cymbidium mosaic virus	Potexvirus cymbidii	CymMV	CymMV	known_virus	Phaius tancarvilleae	Higher Epidendroideae	Arethuseae	Phaius	Terrestrial	AJ619959	not_found	India	NCBI
Alphaflexiviridae	Potexvirus	Cymbidium mosaic virus	Potexvirus cymbidii	CymMV	CymMV	known_virus	Phaius tancarvilleae	Higher Epidendroideae	Arethuseae	Phaius	Terrestrial	AJ623307	not_found	India	NCBI
Alphaflexiviridae	Potexvirus	Cymbidium mosaic virus	Potexvirus cymbidii	CymMV	CymMV	known_virus	Phaius tancarvilleae	Higher Epidendroideae	Arethuseae	Phaius	Terrestrial	AJ749994	not_found	India	NCBI
Alphaflexiviridae	Potexvirus	Cymbidium mosaic virus	Potexvirus cymbidii	CymMV	CymMV	known_virus	Phaius tancarvilleae	Higher Epidendroideae	Arethuseae	Phaius	Terrestrial	AM055720	not_found	India	NCBI
Alphaflexiviridae	Potexvirus	Cymbidium mosaic virus	Potexvirus cymbidii	CymMV	CymMV	known_virus	Phaius tancarvilleae	Higher Epidendroideae	Arethuseae	Phaius	Terrestrial	KY807787	not_found	Costa Rica	NCBI
Alphaflexiviridae	Potexvirus	Cymbidium mosaic virus	Potexvirus cymbidii	CymMV	CymMV	known_virus	Phaius tancarvilleae	Higher Epidendroideae	Arethuseae	Phaius	Terrestrial	KY807788	not_found	Costa Rica	NCBI
Alphaflexiviridae	Potexvirus	Cymbidium mosaic virus	Potexvirus cymbidii	CymMV	CymMV	known_virus	Phaius tancarvilleae	Higher Epidendroideae	Arethuseae	Phaius	Terrestrial	SRR6986588	developing_seeds	Taiwan	SRA
Alphaflexiviridae	Potexvirus	Cymbidium mosaic virus	Potexvirus cymbidii	CymMV	CymMV	known_virus	Phalaenopsis pulcherrima	Higher Epidendroideae	Vandeae	Phalaenopsis	Epiphyte	AF405720	not_found	Singapore	NCBI
Alphaflexiviridae	Potexvirus	Cymbidium mosaic virus	Potexvirus cymbidii	CymMV	CymMV	known_virus	Phalaenopsis amabilis	Higher Epidendroideae	Vandeae	Phalaenopsis	Epiphyte	EU653019	not_found	China	NCBI
Alphaflexiviridae	Potexvirus	Cymbidium mosaic virus	Potexvirus cymbidii	CymMV	CymMV	known_virus	Phalaenopsis pulcherrima	Higher Epidendroideae	Vandeae	Phalaenopsis	Epiphyte	HQ644132	not_found	South_Korea	NCBI
Alphaflexiviridae	Potexvirus	Cymbidium mosaic virus	Potexvirus cymbidii	CymMV	CymMV	known_virus	Phalaenopsis pulcherrima	Higher Epidendroideae	Vandeae	Phalaenopsis	Epiphyte	JQ860108	not_found	China	NCBI
Alphaflexiviridae	Potexvirus	Cymbidium mosaic virus	Potexvirus cymbidii	CymMV	CymMV	known_virus	Phalaenopsis pulcherrima	Higher Epidendroideae	Vandeae	Phalaenopsis	Epiphyte	LC790455	not_found	South_Korea	NCBI
Alphaflexiviridae	Potexvirus	Cymbidium mosaic virus	Potexvirus cymbidii	CymMV	CymMV	known_virus	Phalaenopsis pulcherrima	Higher Epidendroideae	Vandeae	Phalaenopsis	Epiphyte	MN057672	not_found	South_Korea	NCBI
Alphaflexiviridae	Potexvirus	Cymbidium mosaic virus	Potexvirus cymbidii	CymMV	CymMV	known_virus	Phalaenopsis equestris	Higher Epidendroideae	Vandeae	Phalaenopsis	Epiphyte	MT833930	flower	China	NCBI
Alphaflexiviridae	Potexvirus	Cymbidium mosaic virus	Potexvirus cymbidii	CymMV	CymMV	known_virus	Phalaenopsis amabilis	Higher Epidendroideae	Vandeae	Phalaenopsis	Epiphyte	MW316659	not_found	Taiwan	NCBI
Alphaflexiviridae	Potexvirus	Cymbidium mosaic virus	Potexvirus cymbidii	CymMV	CymMV	known_virus	Phalaenopsis pulcherrima	Higher Epidendroideae	Vandeae	Phalaenopsis	Epiphyte	PQ571087	leaf	India	NCBI
Alphaflexiviridae	Potexvirus	Cymbidium mosaic virus	Potexvirus cymbidii	CymMV	CymMV	known_virus	Phalaenopsis hybrid	Higher Epidendroideae	Vandeae	Phalaenopsis	Epiphyte	SRR1041672	nd	China	SRA
Alphaflexiviridae	Potexvirus	Cymbidium mosaic virus	Potexvirus cymbidii	CymMV	CymMV	known_virus	Phalaenopsis hybrid	Higher Epidendroideae	Vandeae	Phalaenopsis	Epiphyte	SRR1041673	nd	China	SRA
Alphaflexiviridae	Potexvirus	Cymbidium mosaic virus	Potexvirus cymbidii	CymMV	CymMV	known_virus	Phalaenopsis hybrid	Higher Epidendroideae	Vandeae	Phalaenopsis	Epiphyte	SRR1041674	nd	China	SRA
Alphaflexiviridae	Potexvirus	Cymbidium mosaic virus	Potexvirus cymbidii	CymMV	CymMV	known_virus	Phalaenopsis hybrid	Higher Epidendroideae	Vandeae	Phalaenopsis	Epiphyte	SRR11087284	column	Taiwan	SRA
Alphaflexiviridae	Potexvirus	Cymbidium mosaic virus	Potexvirus cymbidii	CymMV	CymMV	known_virus	Phalaenopsis hybrid	Higher Epidendroideae	Vandeae	Phalaenopsis	Epiphyte	SRR11087287	column	Taiwan	SRA
Alphaflexiviridae	Potexvirus	Cymbidium mosaic virus	Potexvirus cymbidii	CymMV	CymMV	known_virus	Phalaenopsis hybrid	Higher Epidendroideae	Vandeae	Phalaenopsis	Epiphyte	SRR11087289	column	Taiwan	SRA
Alphaflexiviridae	Potexvirus	Cymbidium mosaic virus	Potexvirus cymbidii	CymMV	CymMV	known_virus	Phalaenopsis aphrodite	Higher Epidendroideae	Vandeae	Phalaenopsis	Epiphyte	SRR11994068	flower	China	SRA
Alphaflexiviridae	Potexvirus	Cymbidium mosaic virus	Potexvirus cymbidii	CymMV	CymMV	known_virus	Phalaenopsis equestris	Higher Epidendroideae	Vandeae	Phalaenopsis	Epiphyte	SRR13734081	leaf	Russia	SRA
Alphaflexiviridae	Potexvirus	Cymbidium mosaic virus	Potexvirus cymbidii	CymMV	CymMV	known_virus	Phalaenopsis equestris	Higher Epidendroideae	Vandeae	Phalaenopsis	Epiphyte	SRR13734082	leaf	Russia	SRA
Alphaflexiviridae	Potexvirus	Cymbidium mosaic virus	Potexvirus cymbidii	CymMV	CymMV	known_virus	Phalaenopsis equestris	Higher Epidendroideae	Vandeae	Phalaenopsis	Epiphyte	SRR13734083	leaf	Russia	SRA
Alphaflexiviridae	Potexvirus	Cymbidium mosaic virus	Potexvirus cymbidii	CymMV	CymMV	known_virus	Phalaenopsis equestris	Higher Epidendroideae	Vandeae	Phalaenopsis	Epiphyte	SRR13734085	ovule	Russia	SRA
Alphaflexiviridae	Potexvirus	Cymbidium mosaic virus	Potexvirus cymbidii	CymMV	CymMV	known_virus	Phalaenopsis equestris	Higher Epidendroideae	Vandeae	Phalaenopsis	Epiphyte	SRR13734086	ovule	Russia	SRA
Alphaflexiviridae	Potexvirus	Cymbidium mosaic virus	Potexvirus cymbidii	CymMV	CymMV	known_virus	Phalaenopsis equestris	Higher Epidendroideae	Vandeae	Phalaenopsis	Epiphyte	SRR13734088	leaf	Russia	SRA
Alphaflexiviridae	Potexvirus	Cymbidium mosaic virus	Potexvirus cymbidii	CymMV	CymMV	known_virus	Phalaenopsis equestris	Higher Epidendroideae	Vandeae	Phalaenopsis	Epiphyte	SRR13734089	leaf	Russia	SRA
Alphaflexiviridae	Potexvirus	Cymbidium mosaic virus	Potexvirus cymbidii	CymMV	CymMV	known_virus	Phalaenopsis equestris	Higher Epidendroideae	Vandeae	Phalaenopsis	Epiphyte	SRR13734090	leaf	Russia	SRA
Alphaflexiviridae	Potexvirus	Cymbidium mosaic virus	Potexvirus cymbidii	CymMV	CymMV	known_virus	Phalaenopsis equestris	Higher Epidendroideae	Vandeae	Phalaenopsis	Epiphyte	SRR13734091	leaf	Russia	SRA
Alphaflexiviridae	Potexvirus	Cymbidium mosaic virus	Potexvirus cymbidii	CymMV	CymMV	known_virus	Phalaenopsis equestris	Higher Epidendroideae	Vandeae	Phalaenopsis	Epiphyte	SRR13734092	flower	Russia	SRA
Alphaflexiviridae	Potexvirus	Cymbidium mosaic virus	Potexvirus cymbidii	CymMV	CymMV	known_virus	Phalaenopsis equestris	Higher Epidendroideae	Vandeae	Phalaenopsis	Epiphyte	SRR13734093	flower	Russia	SRA
Alphaflexiviridae	Potexvirus	Cymbidium mosaic virus	Potexvirus cymbidii	CymMV	CymMV	known_virus	Phalaenopsis equestris	Higher Epidendroideae	Vandeae	Phalaenopsis	Epiphyte	SRR13734094	leaf	Russia	SRA
Alphaflexiviridae	Potexvirus	Cymbidium mosaic virus	Potexvirus cymbidii	CymMV	CymMV	known_virus	Phalaenopsis equestris	Higher Epidendroideae	Vandeae	Phalaenopsis	Epiphyte	SRR13734095	leaf	Russia	SRA
Alphaflexiviridae	Potexvirus	Cymbidium mosaic virus	Potexvirus cymbidii	CymMV	CymMV	known_virus	Phalaenopsis equestris	Higher Epidendroideae	Vandeae	Phalaenopsis	Epiphyte	SRR13734096	apical_meristem	Russia	SRA
Alphaflexiviridae	Potexvirus	Cymbidium mosaic virus	Potexvirus cymbidii	CymMV	CymMV	known_virus	Phalaenopsis equestris	Higher Epidendroideae	Vandeae	Phalaenopsis	Epiphyte	SRR13734098	root	Russia	SRA
Alphaflexiviridae	Potexvirus	Cymbidium mosaic virus	Potexvirus cymbidii	CymMV	CymMV	known_virus	Phalaenopsis equestris	Higher Epidendroideae	Vandeae	Phalaenopsis	Epiphyte	SRR13734099	pedicel	Russia	SRA
Alphaflexiviridae	Potexvirus	Cymbidium mosaic virus	Potexvirus cymbidii	CymMV	CymMV	known_virus	Phalaenopsis equestris	Higher Epidendroideae	Vandeae	Phalaenopsis	Epiphyte	SRR13734100	pedicel	Russia	SRA
Alphaflexiviridae	Potexvirus	Cymbidium mosaic virus	Potexvirus cymbidii	CymMV	CymMV	known_virus	Phalaenopsis equestris	Higher Epidendroideae	Vandeae	Phalaenopsis	Epiphyte	SRR13734101	column	Russia	SRA
Alphaflexiviridae	Potexvirus	Cymbidium mosaic virus	Potexvirus cymbidii	CymMV	CymMV	known_virus	Phalaenopsis equestris	Higher Epidendroideae	Vandeae	Phalaenopsis	Epiphyte	SRR13734102	column	Russia	SRA
Alphaflexiviridae	Potexvirus	Cymbidium mosaic virus	Potexvirus cymbidii	CymMV	CymMV	known_virus	Phalaenopsis equestris	Higher Epidendroideae	Vandeae	Phalaenopsis	Epiphyte	SRR13734103	flower	Russia	SRA
Alphaflexiviridae	Potexvirus	Cymbidium mosaic virus	Potexvirus cymbidii	CymMV	CymMV	known_virus	Phalaenopsis equestris	Higher Epidendroideae	Vandeae	Phalaenopsis	Epiphyte	SRR13734104	flower	Russia	SRA
Alphaflexiviridae	Potexvirus	Cymbidium mosaic virus	Potexvirus cymbidii	CymMV	CymMV	known_virus	Phalaenopsis equestris	Higher Epidendroideae	Vandeae	Phalaenopsis	Epiphyte	SRR13734105	flower	Russia	SRA
Alphaflexiviridae	Potexvirus	Cymbidium mosaic virus	Potexvirus cymbidii	CymMV	CymMV	known_virus	Phalaenopsis equestris	Higher Epidendroideae	Vandeae	Phalaenopsis	Epiphyte	SRR13734106	flower	Russia	SRA
Alphaflexiviridae	Potexvirus	Cymbidium mosaic virus	Potexvirus cymbidii	CymMV	CymMV	known_virus	Phalaenopsis equestris	Higher Epidendroideae	Vandeae	Phalaenopsis	Epiphyte	SRR13734107	flower	Russia	SRA
Alphaflexiviridae	Potexvirus	Cymbidium mosaic virus	Potexvirus cymbidii	CymMV	CymMV	known_virus	Phalaenopsis equestris	Higher Epidendroideae	Vandeae	Phalaenopsis	Epiphyte	SRR13734108	flower	Russia	SRA
Alphaflexiviridae	Potexvirus	Cymbidium mosaic virus	Potexvirus cymbidii	CymMV	CymMV	known_virus	Phalaenopsis equestris	Higher Epidendroideae	Vandeae	Phalaenopsis	Epiphyte	SRR13734109	root	Russia	SRA
Alphaflexiviridae	Potexvirus	Cymbidium mosaic virus	Potexvirus cymbidii	CymMV	CymMV	known_virus	Phalaenopsis equestris	Higher Epidendroideae	Vandeae	Phalaenopsis	Epiphyte	SRR13734110	labellum	Russia	SRA
Alphaflexiviridae	Potexvirus	Cymbidium mosaic virus	Potexvirus cymbidii	CymMV	CymMV	known_virus	Phalaenopsis equestris	Higher Epidendroideae	Vandeae	Phalaenopsis	Epiphyte	SRR13734111	labellum	Russia	SRA
Alphaflexiviridae	Potexvirus	Cymbidium mosaic virus	Potexvirus cymbidii	CymMV	CymMV	known_virus	Phalaenopsis equestris	Higher Epidendroideae	Vandeae	Phalaenopsis	Epiphyte	SRR13734112	internode	Russia	SRA
Alphaflexiviridae	Potexvirus	Cymbidium mosaic virus	Potexvirus cymbidii	CymMV	CymMV	known_virus	Phalaenopsis equestris	Higher Epidendroideae	Vandeae	Phalaenopsis	Epiphyte	SRR13734113	internode	Russia	SRA
Alphaflexiviridae	Potexvirus	Cymbidium mosaic virus	Potexvirus cymbidii	CymMV	CymMV	known_virus	Phalaenopsis equestris	Higher Epidendroideae	Vandeae	Phalaenopsis	Epiphyte	SRR13734114	anthers	Russia	SRA
Alphaflexiviridae	Potexvirus	Cymbidium mosaic virus	Potexvirus cymbidii	CymMV	CymMV	known_virus	Phalaenopsis equestris	Higher Epidendroideae	Vandeae	Phalaenopsis	Epiphyte	SRR13734115	anthers	Russia	SRA
Alphaflexiviridae	Potexvirus	Cymbidium mosaic virus	Potexvirus cymbidii	CymMV	CymMV	known_virus	Phalaenopsis equestris	Higher Epidendroideae	Vandeae	Phalaenopsis	Epiphyte	SRR13734116	root	Russia	SRA
Alphaflexiviridae	Potexvirus	Cymbidium mosaic virus	Potexvirus cymbidii	CymMV	CymMV	known_virus	Phalaenopsis equestris	Higher Epidendroideae	Vandeae	Phalaenopsis	Epiphyte	SRR13734117	root	Russia	SRA
Alphaflexiviridae	Potexvirus	Cymbidium mosaic virus	Potexvirus cymbidii	CymMV	CymMV	known_virus	Phalaenopsis equestris	Higher Epidendroideae	Vandeae	Phalaenopsis	Epiphyte	SRR13734118	leaf	Russia	SRA
Alphaflexiviridae	Potexvirus	Cymbidium mosaic virus	Potexvirus cymbidii	CymMV	CymMV	known_virus	Phalaenopsis equestris	Higher Epidendroideae	Vandeae	Phalaenopsis	Epiphyte	SRR13734119	leaf	Russia	SRA
Alphaflexiviridae	Potexvirus	Cymbidium mosaic virus	Potexvirus cymbidii	CymMV	CymMV	known_virus	Phalaenopsis equestris	Higher Epidendroideae	Vandeae	Phalaenopsis	Epiphyte	SRR2080202	leaf	China	SRA
Alphaflexiviridae	Potexvirus	Cymbidium mosaic virus	Potexvirus cymbidii	CymMV	CymMV	known_virus	Phalaenopsis equestris	Higher Epidendroideae	Vandeae	Phalaenopsis	Epiphyte	SRR2080204	flower	China	SRA
Alphaflexiviridae	Potexvirus	Cymbidium mosaic virus	Potexvirus cymbidii	CymMV	CymMV	known_virus	Phalaenopsis equestris	Higher Epidendroideae	Vandeae	Phalaenopsis	Epiphyte	SRR22284834	flower	China	SRA
Alphaflexiviridae	Potexvirus	Cymbidium mosaic virus	Potexvirus cymbidii	CymMV	CymMV	known_virus	Phalaenopsis equestris	Higher Epidendroideae	Vandeae	Phalaenopsis	Epiphyte	SRR22284835	flower	China	SRA
Alphaflexiviridae	Potexvirus	Cymbidium mosaic virus	Potexvirus cymbidii	CymMV	CymMV	known_virus	Phalaenopsis equestris	Higher Epidendroideae	Vandeae	Phalaenopsis	Epiphyte	SRR22284836	flower	China	SRA
Alphaflexiviridae	Potexvirus	Cymbidium mosaic virus	Potexvirus cymbidii	CymMV	CymMV	known_virus	Phalaenopsis equestris	Higher Epidendroideae	Vandeae	Phalaenopsis	Epiphyte	SRR22284839	labellum	China	SRA
Alphaflexiviridae	Potexvirus	Cymbidium mosaic virus	Potexvirus cymbidii	CymMV	CymMV	known_virus	Phalaenopsis aphrodite subsp. formosana	Higher Epidendroideae	Vandeae	Phalaenopsis	Epiphyte	SRR2431793	leaf	nd	SRA
Alphaflexiviridae	Potexvirus	Cymbidium mosaic virus	Potexvirus cymbidii	CymMV	CymMV	known_virus	Phalaenopsis aphrodite subsp. formosana	Higher Epidendroideae	Vandeae	Phalaenopsis	Epiphyte	SRR2431794	leaf	nd	SRA
Alphaflexiviridae	Potexvirus	Cymbidium mosaic virus	Potexvirus cymbidii	CymMV	CymMV	known_virus	Phalaenopsis equestris	Higher Epidendroideae	Vandeae	Phalaenopsis	Epiphyte	SRR3600816	column	China	SRA
Alphaflexiviridae	Potexvirus	Cymbidium mosaic virus	Potexvirus cymbidii	CymMV	CymMV	known_virus	Phalaenopsis equestris	Higher Epidendroideae	Vandeae	Phalaenopsis	Epiphyte	SRR3602277	labellum	China	SRA
Alphaflexiviridae	Potexvirus	Cymbidium mosaic virus	Potexvirus cymbidii	CymMV	CymMV	known_virus	Phalaenopsis equestris	Higher Epidendroideae	Vandeae	Phalaenopsis	Epiphyte	SRR3602299	flower	China	SRA
Alphaflexiviridae	Potexvirus	Cymbidium mosaic virus	Potexvirus cymbidii	CymMV	CymMV	known_virus	Phalaenopsis equestris	Higher Epidendroideae	Vandeae	Phalaenopsis	Epiphyte	SRR3602300	flower	China	SRA
Alphaflexiviridae	Potexvirus	Cymbidium mosaic virus	Potexvirus cymbidii	CymMV	CymMV	known_virus	Phalaenopsis equestris	Higher Epidendroideae	Vandeae	Phalaenopsis	Epiphyte	SRR3613481	leaf	Taiwan	SRA
Alphaflexiviridae	Potexvirus	Cymbidium mosaic virus	Potexvirus cymbidii	CymMV	CymMV	known_virus	Phalaenopsis equestris	Higher Epidendroideae	Vandeae	Phalaenopsis	Epiphyte	SRR3992752	root	Taiwan	SRA
Alphaflexiviridae	Potexvirus	Cymbidium mosaic virus	Potexvirus cymbidii	CymMV	CymMV	known_virus	Phalaenopsis equestris	Higher Epidendroideae	Vandeae	Phalaenopsis	Epiphyte	SRR3992886	stem	Taiwan	SRA
Alphaflexiviridae	Potexvirus	Cymbidium mosaic virus	Potexvirus cymbidii	CymMV	CymMV	known_virus	Phalaenopsis equestris	Higher Epidendroideae	Vandeae	Phalaenopsis	Epiphyte	SRR3995494	flower	Taiwan	SRA
Alphaflexiviridae	Potexvirus	Cymbidium mosaic virus	Potexvirus cymbidii	CymMV	CymMV	known_virus	Phalaenopsis equestris	Higher Epidendroideae	Vandeae	Phalaenopsis	Epiphyte	SRR4002887	capsule	Taiwan	SRA
Alphaflexiviridae	Potexvirus	Cymbidium mosaic virus	Potexvirus cymbidii	CymMV	CymMV	known_virus	Phalaenopsis aphrodite	Higher Epidendroideae	Vandeae	Phalaenopsis	Epiphyte	SRR4302013	bud	Taiwan	SRA
Alphaflexiviridae	Potexvirus	Cymbidium mosaic virus	Potexvirus cymbidii	CymMV	CymMV	known_virus	Phalaenopsis schilleriana	Higher Epidendroideae	Vandeae	Phalaenopsis	Epiphyte	SRR4343821	flower	Taiwan	SRA
Alphaflexiviridae	Potexvirus	Cymbidium mosaic virus	Potexvirus cymbidii	CymMV	CymMV	known_virus	Phalaenopsis schilleriana	Higher Epidendroideae	Vandeae	Phalaenopsis	Epiphyte	SRR4343822	bud	Taiwan	SRA
Alphaflexiviridae	Potexvirus	Cymbidium mosaic virus	Potexvirus cymbidii	CymMV	CymMV	known_virus	Phalaenopsis lueddemanniana	Higher Epidendroideae	Vandeae	Phalaenopsis	Epiphyte	SRR4343825	flower	Taiwan	SRA
Alphaflexiviridae	Potexvirus	Cymbidium mosaic virus	Potexvirus cymbidii	CymMV	CymMV	known_virus	Phalaenopsis lueddemanniana	Higher Epidendroideae	Vandeae	Phalaenopsis	Epiphyte	SRR4343826	bud	Taiwan	SRA
Alphaflexiviridae	Potexvirus	Cymbidium mosaic virus	Potexvirus cymbidii	CymMV	CymMV	known_virus	Phalaenopsis lueddemanniana	Higher Epidendroideae	Vandeae	Phalaenopsis	Epiphyte	SRR4343827	bud	Taiwan	SRA
Alphaflexiviridae	Potexvirus	Cymbidium mosaic virus	Potexvirus cymbidii	CymMV	CymMV	known_virus	Phalaenopsis lueddemanniana	Higher Epidendroideae	Vandeae	Phalaenopsis	Epiphyte	SRR4343828	root	Taiwan	SRA
Alphaflexiviridae	Potexvirus	Cymbidium mosaic virus	Potexvirus cymbidii	CymMV	CymMV	known_virus	Phalaenopsis lueddemanniana	Higher Epidendroideae	Vandeae	Phalaenopsis	Epiphyte	SRR4343829	leaf	Taiwan	SRA
Alphaflexiviridae	Potexvirus	Cymbidium mosaic virus	Potexvirus cymbidii	CymMV	CymMV	known_virus	Phalaenopsis modesta	Higher Epidendroideae	Vandeae	Phalaenopsis	Epiphyte	SRR4343832	flower	Taiwan	SRA
Alphaflexiviridae	Potexvirus	Cymbidium mosaic virus	Potexvirus cymbidii	CymMV	CymMV	known_virus	Phalaenopsis modesta	Higher Epidendroideae	Vandeae	Phalaenopsis	Epiphyte	SRR4343833	bud	Taiwan	SRA
Alphaflexiviridae	Potexvirus	Cymbidium mosaic virus	Potexvirus cymbidii	CymMV	CymMV	known_virus	Phalaenopsis bellina	Higher Epidendroideae	Vandeae	Phalaenopsis	Epiphyte	SRR4343835	flower	Taiwan	SRA
Alphaflexiviridae	Potexvirus	Cymbidium mosaic virus	Potexvirus cymbidii	CymMV	CymMV	known_virus	Phalaenopsis bellina	Higher Epidendroideae	Vandeae	Phalaenopsis	Epiphyte	SRR4343836	bud	Taiwan	SRA
Alphaflexiviridae	Potexvirus	Cymbidium mosaic virus	Potexvirus cymbidii	CymMV	CymMV	known_virus	Phalaenopsis bellina	Higher Epidendroideae	Vandeae	Phalaenopsis	Epiphyte	SRR4343837	root	Taiwan	SRA
Alphaflexiviridae	Potexvirus	Cymbidium mosaic virus	Potexvirus cymbidii	CymMV	CymMV	known_virus	Phalaenopsis bellina	Higher Epidendroideae	Vandeae	Phalaenopsis	Epiphyte	SRR4343838	leaf	Taiwan	SRA
Alphaflexiviridae	Potexvirus	Cymbidium mosaic virus	Potexvirus cymbidii	CymMV	CymMV	known_virus	Phalaenopsis equestris	Higher Epidendroideae	Vandeae	Phalaenopsis	Epiphyte	SRR4691469	protocorm	Taiwan	SRA
Alphaflexiviridae	Potexvirus	Cymbidium mosaic virus	Potexvirus cymbidii	CymMV	CymMV	known_virus	Phalaenopsis aphrodite	Higher Epidendroideae	Vandeae	Phalaenopsis	Epiphyte	SRR5075717	stalk	Taiwan	SRA
Alphaflexiviridae	Potexvirus	Cymbidium mosaic virus	Potexvirus cymbidii	CymMV	CymMV	known_virus	Phalaenopsis equestris	Higher Epidendroideae	Vandeae	Phalaenopsis	Epiphyte	SRR5722144	pollem	China	SRA
Alphaflexiviridae	Potexvirus	Cymbidium mosaic virus	Potexvirus cymbidii	CymMV	CymMV	known_virus	Phalaenopsis amabilis	Higher Epidendroideae	Vandeae	Phalaenopsis	Epiphyte	SRR7125083	flower	China	SRA
Alphaflexiviridae	Potexvirus	Cymbidium mosaic virus	Potexvirus cymbidii	CymMV	CymMV	known_virus	Phalaenopsis amabilis	Higher Epidendroideae	Vandeae	Phalaenopsis	Epiphyte	SRR7125084	flower	China	SRA
Alphaflexiviridae	Potexvirus	Cymbidium mosaic virus	Potexvirus cymbidii	CymMV	CymMV	known_virus	Phalaenopsis amabilis	Higher Epidendroideae	Vandeae	Phalaenopsis	Epiphyte	SRR7125086	flower	China	SRA
Alphaflexiviridae	Potexvirus	Cymbidium mosaic virus	Potexvirus cymbidii	CymMV	CymMV	known_virus	Phalaenopsis amabilis	Higher Epidendroideae	Vandeae	Phalaenopsis	Epiphyte	SRR7125087	flower	China	SRA
Alphaflexiviridae	Potexvirus	Cymbidium mosaic virus	Potexvirus cymbidii	CymMV	CymMV	known_virus	Phalaenopsis amabilis	Higher Epidendroideae	Vandeae	Phalaenopsis	Epiphyte	SRR7125088	flower	China	SRA
Alphaflexiviridae	Potexvirus	Cymbidium mosaic virus	Potexvirus cymbidii	CymMV	CymMV	known_virus	Phalaenopsis celebensis	Higher Epidendroideae	Vandeae	Phalaenopsis	Epiphyte	SRR8984584	flower	Indonesia	SRA
Alphaflexiviridae	Potexvirus	Cymbidium mosaic virus	Potexvirus cymbidii	CymMV	CymMV	known_virus	Phalaenopsis javanica	Higher Epidendroideae	Vandeae	Phalaenopsis	Epiphyte	SRR8984587	flower	Philippines	SRA
Alphaflexiviridae	Potexvirus	Cymbidium mosaic virus	Potexvirus cymbidii	CymMV	CymMV	known_virus	Phalaenopsis javanica	Higher Epidendroideae	Vandeae	Phalaenopsis	Epiphyte	SRR8984588	leaf	Philippines	SRA
Alphaflexiviridae	Potexvirus	Cymbidium mosaic virus	Potexvirus cymbidii	CymMV	CymMV	known_virus	Phalaenopsis fasciata	Higher Epidendroideae	Vandeae	Phalaenopsis	Epiphyte	SRR8984589	flower	Philippines	SRA
Alphaflexiviridae	Potexvirus	Cymbidium mosaic virus	Potexvirus cymbidii	CymMV	CymMV	known_virus	Phalaenopsis fasciata	Higher Epidendroideae	Vandeae	Phalaenopsis	Epiphyte	SRR8984590	leaf	Philippines	SRA
Alphaflexiviridae	Potexvirus	Cymbidium mosaic virus	Potexvirus cymbidii	CymMV	CymMV	known_virus	Phalaenopsis sp	Higher Epidendroideae	Vandeae	Phalaenopsis	Epiphyte or Lithophyte	AB693986	not_found	Indonesia	NCBI
Alphaflexiviridae	Potexvirus	Cymbidium mosaic virus	Potexvirus cymbidii	CymMV	CymMV	known_virus	Phalaenopsis sp	Higher Epidendroideae	Vandeae	Phalaenopsis	Epiphyte or Lithophyte	AJ606102	not_found	South_Korea	NCBI
Alphaflexiviridae	Potexvirus	Cymbidium mosaic virus	Potexvirus cymbidii	CymMV	CymMV	known_virus	Phalaenopsis sp	Higher Epidendroideae	Vandeae	Phalaenopsis	Epiphyte or Lithophyte	AJ606103	not_found	South_Korea	NCBI
Alphaflexiviridae	Potexvirus	Cymbidium mosaic virus	Potexvirus cymbidii	CymMV	CymMV	known_virus	Phalaenopsis sp	Higher Epidendroideae	Vandeae	Phalaenopsis	Epiphyte or Lithophyte	AJ606104	not_found	South_Korea	NCBI
Alphaflexiviridae	Potexvirus	Cymbidium mosaic virus	Potexvirus cymbidii	CymMV	CymMV	known_virus	Phalaenopsis sp	Higher Epidendroideae	Vandeae	Phalaenopsis	Epiphyte or Lithophyte	DQ915439	not_found	China	NCBI
Alphaflexiviridae	Potexvirus	Cymbidium mosaic virus	Potexvirus cymbidii	CymMV	CymMV	known_virus	Phalaenopsis sp	Higher Epidendroideae	Vandeae	Phalaenopsis	Epiphyte or Lithophyte	GQ507023	not_found	China	NCBI
Alphaflexiviridae	Potexvirus	Cymbidium mosaic virus	Potexvirus cymbidii	CymMV	CymMV	known_virus	Phalaenopsis sp	Higher Epidendroideae	Vandeae	Phalaenopsis	Epiphyte or Lithophyte	KF853247	not_found	China	NCBI
Alphaflexiviridae	Potexvirus	Cymbidium mosaic virus	Potexvirus cymbidii	CymMV	CymMV	known_virus	Phalaenopsis sp	Higher Epidendroideae	Vandeae	Phalaenopsis	Epiphyte or Lithophyte	KF853248	not_found	China	NCBI
Alphaflexiviridae	Potexvirus	Cymbidium mosaic virus	Potexvirus cymbidii	CymMV	CymMV	known_virus	Phalaenopsis sp	Higher Epidendroideae	Vandeae	Phalaenopsis	Epiphyte or Lithophyte	KF853249	not_found	China	NCBI
Alphaflexiviridae	Potexvirus	Cymbidium mosaic virus	Potexvirus cymbidii	CymMV	CymMV	known_virus	Phalaenopsis sp	Higher Epidendroideae	Vandeae	Phalaenopsis	Epiphyte or Lithophyte	KF853250	not_found	China	NCBI
Alphaflexiviridae	Potexvirus	Cymbidium mosaic virus	Potexvirus cymbidii	CymMV	CymMV	known_virus	Phalaenopsis sp	Higher Epidendroideae	Vandeae	Phalaenopsis	Epiphyte or Lithophyte	KF853253	not_found	China	NCBI
Alphaflexiviridae	Potexvirus	Cymbidium mosaic virus	Potexvirus cymbidii	CymMV	CymMV	known_virus	Phalaenopsis sp	Higher Epidendroideae	Vandeae	Phalaenopsis	Epiphyte or Lithophyte	KF853254	not_found	China	NCBI
Alphaflexiviridae	Potexvirus	Cymbidium mosaic virus	Potexvirus cymbidii	CymMV	CymMV	known_virus	Phalaenopsis sp	Higher Epidendroideae	Vandeae	Phalaenopsis	Epiphyte or Lithophyte	KF853257	not_found	China	NCBI
Alphaflexiviridae	Potexvirus	Cymbidium mosaic virus	Potexvirus cymbidii	CymMV	CymMV	known_virus	Phalaenopsis sp	Higher Epidendroideae	Vandeae	Phalaenopsis	Epiphyte or Lithophyte	KF853258	not_found	China	NCBI
Alphaflexiviridae	Potexvirus	Cymbidium mosaic virus	Potexvirus cymbidii	CymMV	CymMV	known_virus	Phalaenopsis sp	Higher Epidendroideae	Vandeae	Phalaenopsis	Epiphyte or Lithophyte	KF853261	not_found	China	NCBI
Alphaflexiviridae	Potexvirus	Cymbidium mosaic virus	Potexvirus cymbidii	CymMV	CymMV	known_virus	Phalaenopsis sp	Higher Epidendroideae	Vandeae	Phalaenopsis	Epiphyte or Lithophyte	KF853262	not_found	China	NCBI
Alphaflexiviridae	Potexvirus	Cymbidium mosaic virus	Potexvirus cymbidii	CymMV	CymMV	known_virus	Phalaenopsis sp	Higher Epidendroideae	Vandeae	Phalaenopsis	Epiphyte or Lithophyte	KF853263	not_found	China	NCBI
Alphaflexiviridae	Potexvirus	Cymbidium mosaic virus	Potexvirus cymbidii	CymMV	CymMV	known_virus	Phalaenopsis sp	Higher Epidendroideae	Vandeae	Phalaenopsis	Epiphyte or Lithophyte	KF853264	not_found	China	NCBI
Alphaflexiviridae	Potexvirus	Cymbidium mosaic virus	Potexvirus cymbidii	CymMV	CymMV	known_virus	Phalaenopsis sp	Higher Epidendroideae	Vandeae	Phalaenopsis	Epiphyte or Lithophyte	KF853265	not_found	China	NCBI
Alphaflexiviridae	Potexvirus	Cymbidium mosaic virus	Potexvirus cymbidii	CymMV	CymMV	known_virus	Phalaenopsis sp	Higher Epidendroideae	Vandeae	Phalaenopsis	Epiphyte or Lithophyte	KU873000	not_found	China	NCBI
Alphaflexiviridae	Potexvirus	Cymbidium mosaic virus	Potexvirus cymbidii	CymMV	CymMV	known_virus	Phalaenopsis sp	Higher Epidendroideae	Vandeae	Phalaenopsis	Epiphyte or Lithophyte	KU873001	not_found	China	NCBI
Alphaflexiviridae	Potexvirus	Cymbidium mosaic virus	Potexvirus cymbidii	CymMV	CymMV	known_virus	Phalaenopsis sp	Higher Epidendroideae	Vandeae	Phalaenopsis	Epiphyte or Lithophyte	MG821322	leaf	India	NCBI
Alphaflexiviridae	Potexvirus	Cymbidium mosaic virus	Potexvirus cymbidii	CymMV	CymMV	known_virus	Phalaenopsis sp	Higher Epidendroideae	Vandeae	Phalaenopsis	Epiphyte or Lithophyte	SRR13959503	leaf	South_Korea	SRA
Alphaflexiviridae	Potexvirus	Cymbidium mosaic virus	Potexvirus cymbidii	CymMV	CymMV	known_virus	Phalaenopsis sp	Higher Epidendroideae	Vandeae	Phalaenopsis	Epiphyte or Lithophyte	SRR13959504	leaf	South_Korea	SRA
Alphaflexiviridae	Potexvirus	Cymbidium mosaic virus	Potexvirus cymbidii	CymMV	CymMV	known_virus	Phalaenopsis sp	Higher Epidendroideae	Vandeae	Phalaenopsis	Epiphyte or Lithophyte	SRR13959505	leaf	South_Korea	SRA
Alphaflexiviridae	Potexvirus	Cymbidium mosaic virus	Potexvirus cymbidii	CymMV	CymMV	known_virus	Phalaenopsis sp	Higher Epidendroideae	Vandeae	Phalaenopsis	Epiphyte or Lithophyte	SRR13959506	leaf	South_Korea	SRA
Alphaflexiviridae	Potexvirus	Cymbidium mosaic virus	Potexvirus cymbidii	CymMV	CymMV	known_virus	Phalaenopsis sp	Higher Epidendroideae	Vandeae	Phalaenopsis	Epiphyte or Lithophyte	SRR13959507	leaf	South_Korea	SRA
Alphaflexiviridae	Potexvirus	Cymbidium mosaic virus	Potexvirus cymbidii	CymMV	CymMV	known_virus	Phalaenopsis sp	Higher Epidendroideae	Vandeae	Phalaenopsis	Epiphyte or Lithophyte	SRR13959508	leaf	South_Korea	SRA
Alphaflexiviridae	Potexvirus	Cymbidium mosaic virus	Potexvirus cymbidii	CymMV	CymMV	known_virus	Phalaenopsis sp	Higher Epidendroideae	Vandeae	Phalaenopsis	Epiphyte or Lithophyte	SRR13959509	leaf	South_Korea	SRA
Alphaflexiviridae	Potexvirus	Cymbidium mosaic virus	Potexvirus cymbidii	CymMV	CymMV	known_virus	Phalaenopsis sp	Higher Epidendroideae	Vandeae	Phalaenopsis	Epiphyte or Lithophyte	SRR13959510	leaf	South_Korea	SRA
Alphaflexiviridae	Potexvirus	Cymbidium mosaic virus	Potexvirus cymbidii	CymMV	CymMV	known_virus	Phalaenopsis sp	Higher Epidendroideae	Vandeae	Phalaenopsis	Epiphyte or Lithophyte	SRR13959511	leaf	South_Korea	SRA
Alphaflexiviridae	Potexvirus	Cymbidium mosaic virus	Potexvirus cymbidii	CymMV	CymMV	known_virus	Phalaenopsis sp	Higher Epidendroideae	Vandeae	Phalaenopsis	Epiphyte or Lithophyte	SRR17039080	bud	China	SRA
Alphaflexiviridae	Potexvirus	Cymbidium mosaic virus	Potexvirus cymbidii	CymMV	CymMV	known_virus	Phalaenopsis sp	Higher Epidendroideae	Vandeae	Phalaenopsis	Epiphyte or Lithophyte	SRR17039082	bud	China	SRA
Alphaflexiviridae	Potexvirus	Cymbidium mosaic virus	Potexvirus cymbidii	CymMV	CymMV	known_virus	Phalaenopsis sp	Higher Epidendroideae	Vandeae	Phalaenopsis	Epiphyte or Lithophyte	SRR17039083	bud	China	SRA
Alphaflexiviridae	Potexvirus	Cymbidium mosaic virus	Potexvirus cymbidii	CymMV	CymMV	known_virus	Phalaenopsis sp	Higher Epidendroideae	Vandeae	Phalaenopsis	Epiphyte or Lithophyte	SRR17039084	bud	China	SRA
Alphaflexiviridae	Potexvirus	Cymbidium mosaic virus	Potexvirus cymbidii	CymMV	CymMV	known_virus	Phalaenopsis sp	Higher Epidendroideae	Vandeae	Phalaenopsis	Epiphyte or Lithophyte	SRR17039086	bud	China	SRA
Alphaflexiviridae	Potexvirus	Cymbidium mosaic virus	Potexvirus cymbidii	CymMV	CymMV	known_virus	Phalaenopsis sp	Higher Epidendroideae	Vandeae	Phalaenopsis	Epiphyte or Lithophyte	SRR17039092	bud	China	SRA
Alphaflexiviridae	Potexvirus	Cymbidium mosaic virus	Potexvirus cymbidii	CymMV	CymMV	known_virus	Phalaenopsis cornu-cervi	Higher Epidendroideae	Vandeae	Phalaenopsis	Epiphyte or Lithophyte	SRR8984585	flower	Myanmar	SRA
Alphaflexiviridae	Potexvirus	Cymbidium mosaic virus	Potexvirus cymbidii	CymMV	CymMV	known_virus	Phalaenopsis cornu-cervi	Higher Epidendroideae	Vandeae	Phalaenopsis	Epiphyte or Lithophyte	SRR8984586	leaf	Myanmar	SRA
Alphaflexiviridae	Potexvirus	Cymbidium mosaic virus	Potexvirus cymbidii	CymMV	CymMV	known_virus	Renanthera sp	Higher Epidendroideae	Vandeae	Renanthera	Epiphyte or Terrestrial	AY049769	not_found	Singapore	NCBI
Alphaflexiviridae	Potexvirus	Cymbidium mosaic virus	Potexvirus cymbidii	CymMV	CymMV	known_virus	Vanda hybrid	Higher Epidendroideae	Vandeae	Vanda	Epiphyte	ERR908490	nd	nd	SRA
Alphaflexiviridae	Potexvirus	Cymbidium mosaic virus	Potexvirus cymbidii	CymMV	CymMV	known_virus	Vanda hybrid	Higher Epidendroideae	Vandeae	Vanda	Epiphyte	ERR908491	nd	nd	SRA
Alphaflexiviridae	Potexvirus	Cymbidium mosaic virus	Potexvirus cymbidii	CymMV	CymMV	known_virus	Vanda cristata	Higher Epidendroideae	Vandeae	Vanda	Epiphyte	KP137371	not_found	China	NCBI
Alphaflexiviridae	Potexvirus	Cymbidium mosaic virus	Potexvirus cymbidii	CymMV	CymMV	known_virus	Vanda hybrid	Higher Epidendroideae	Vandeae	Vanda	Epiphyte	SRR2064672	flower	Malaysia	SRA
Alphaflexiviridae	Potexvirus	Cymbidium mosaic virus	Potexvirus cymbidii	CymMV	CymMV	known_virus	Vanda hybrid	Higher Epidendroideae	Vandeae	Vanda	Epiphyte	SRR2064673	flower	Malaysia	SRA
Alphaflexiviridae	Potexvirus	Cymbidium mosaic virus	Potexvirus cymbidii	CymMV	CymMV	known_virus	Vanda hybrid	Higher Epidendroideae	Vandeae	Vanda	Epiphyte	SRR7901101	flower	Malaysia	SRA
Alphaflexiviridae	Potexvirus	Cymbidium mosaic virus	Potexvirus cymbidii	CymMV	CymMV	known_virus	Vanda hybrid	Higher Epidendroideae	Vandeae	Vanda	Epiphyte	SRR7901152	flower	Malaysia	SRA
Alphaflexiviridae	Potexvirus	Cymbidium mosaic virus	Potexvirus cymbidii	CymMV	CymMV	known_virus	Vanda hybrid	Higher Epidendroideae	Vandeae	Vanda	Epiphyte	SRR7901153	flower	Malaysia	SRA
Alphaflexiviridae	Potexvirus	Cymbidium mosaic virus	Potexvirus cymbidii	CymMV	CymMV	known_virus	Vanda hybrid	Higher Epidendroideae	Vandeae	Vanda	Epiphyte	SRR7901154	flower	Malaysia	SRA
Alphaflexiviridae	Potexvirus	Cymbidium mosaic virus	Potexvirus cymbidii	CymMV	CymMV	known_virus	Vanda sp	Higher Epidendroideae	Vandeae	Vanda	Epiphyte or Lithophyte	AF405717	not_found	Singapore	NCBI
Alphaflexiviridae	Potexvirus	Cymbidium mosaic virus	Potexvirus cymbidii	CymMV	CymMV	known_virus	Vanda sp	Higher Epidendroideae	Vandeae	Vanda	Epiphyte or Lithophyte	AF405729	not_found	Singapore	NCBI
Alphaflexiviridae	Potexvirus	Cymbidium mosaic virus	Potexvirus cymbidii	CymMV	CymMV	known_virus	Vanda sp	Higher Epidendroideae	Vandeae	Vanda	Epiphyte or Lithophyte	AJ311909	not_found	Thailand	NCBI
Alphaflexiviridae	Potexvirus	Cymbidium mosaic virus	Potexvirus cymbidii	CymMV	CymMV	known_virus	Vanda sp	Higher Epidendroideae	Vandeae	Vanda	Epiphyte or Lithophyte	AJ311913	not_found	Thailand	NCBI
Alphaflexiviridae	Potexvirus	Cymbidium mosaic virus	Potexvirus cymbidii	CymMV	CymMV	known_virus	Vanilla planifolia	Vanilloideae	Vanilleae	Vanilla	Climbing_vine	AJ301844	not_found	France	NCBI
Alphaflexiviridae	Potexvirus	Cymbidium mosaic virus	Potexvirus cymbidii	CymMV	CymMV	known_virus	Vanilla planifolia	Vanilloideae	Vanilleae	Vanilla	Climbing_vine	AJ301845	not_found	France	NCBI
Alphaflexiviridae	Potexvirus	Cymbidium mosaic virus	Potexvirus cymbidii	CymMV	CymMV	known_virus	Vanilla planifolia	Vanilloideae	Vanilleae	Vanilla	Climbing_vine	AJ301846	not_found	France	NCBI
Alphaflexiviridae	Potexvirus	Cymbidium mosaic virus	Potexvirus cymbidii	CymMV	CymMV	known_virus	Vanilla planifolia	Vanilloideae	Vanilleae	Vanilla	Climbing_vine	AJ301847	not_found	France	NCBI
Alphaflexiviridae	Potexvirus	Cymbidium mosaic virus	Potexvirus cymbidii	CymMV	CymMV	known_virus	Vanilla planifolia	Vanilloideae	Vanilleae	Vanilla	Climbing_vine	AJ301848	not_found	France	NCBI
Alphaflexiviridae	Potexvirus	Cymbidium mosaic virus	Potexvirus cymbidii	CymMV	CymMV	known_virus	Vanilla planifolia	Vanilloideae	Vanilleae	Vanilla	Climbing_vine	AJ301849	not_found	France	NCBI
Alphaflexiviridae	Potexvirus	Cymbidium mosaic virus	Potexvirus cymbidii	CymMV	CymMV	known_virus	Vanilla planifolia	Vanilloideae	Vanilleae	Vanilla	Climbing_vine	AJ301850	not_found	France	NCBI
Alphaflexiviridae	Potexvirus	Cymbidium mosaic virus	Potexvirus cymbidii	CymMV	CymMV	known_virus	Vanilla x tahitensis	Vanilloideae	Vanilleae	Vanilla	Climbing_vine	AJ311908	not_found	French Polynesia	NCBI
Alphaflexiviridae	Potexvirus	Cymbidium mosaic virus	Potexvirus cymbidii	CymMV	CymMV	known_virus	Vanilla x tahitensis	Vanilloideae	Vanilleae	Vanilla	Climbing_vine	AJ311910	not_found	French Polynesia	NCBI
Alphaflexiviridae	Potexvirus	Cymbidium mosaic virus	Potexvirus cymbidii	CymMV	CymMV	known_virus	Vanilla x tahitensis	Vanilloideae	Vanilleae	Vanilla	Climbing_vine	AJ311914	not_found	French Polynesia	NCBI
Alphaflexiviridae	Potexvirus	Cymbidium mosaic virus	Potexvirus cymbidii	CymMV	CymMV	known_virus	Vanilla x tahitensis	Vanilloideae	Vanilleae	Vanilla	Climbing_vine	AM236019	not_found	French Polynesia	NCBI
Alphaflexiviridae	Potexvirus	Cymbidium mosaic virus	Potexvirus cymbidii	CymMV	CymMV	known_virus	Vanilla x tahitensis	Vanilloideae	Vanilleae	Vanilla	Climbing_vine	AM236020	not_found	French Polynesia	NCBI
Alphaflexiviridae	Potexvirus	Cymbidium mosaic virus	Potexvirus cymbidii	CymMV	CymMV	known_virus	Vanilla planifolia	Vanilloideae	Vanilleae	Vanilla	Climbing_vine	AM236021	not_found	France	NCBI
Alphaflexiviridae	Potexvirus	Cymbidium mosaic virus	Potexvirus cymbidii	CymMV	CymMV	known_virus	Vanilla planifolia	Vanilloideae	Vanilleae	Vanilla	Climbing_vine	AM236022	not_found	Reunion	NCBI
Alphaflexiviridae	Potexvirus	Cymbidium mosaic virus	Potexvirus cymbidii	CymMV	CymMV	known_virus	Vanilla planifolia	Vanilloideae	Vanilleae	Vanilla	Climbing_vine	AM236023	not_found	Reunion	NCBI
Alphaflexiviridae	Potexvirus	Cymbidium mosaic virus	Potexvirus cymbidii	CymMV	CymMV	known_virus	Vanilla planifolia	Vanilloideae	Vanilleae	Vanilla	Climbing_vine	AM236024	not_found	Madagascar	NCBI
Alphaflexiviridae	Potexvirus	Cymbidium mosaic virus	Potexvirus cymbidii	CymMV	CymMV	known_virus	Vanilla x tahitensis	Vanilloideae	Vanilleae	Vanilla	Climbing_vine	AM236028	not_found	French Polynesia	NCBI
Alphaflexiviridae	Potexvirus	Cymbidium mosaic virus	Potexvirus cymbidii	CymMV	CymMV	known_virus	Vanilla planifolia	Vanilloideae	Vanilleae	Vanilla	Climbing_vine	AM236029	not_found	Fiji	NCBI
Alphaflexiviridae	Potexvirus	Cymbidium mosaic virus	Potexvirus cymbidii	CymMV	CymMV	known_virus	Vanilla x tahitensis	Vanilloideae	Vanilleae	Vanilla	Climbing_vine	AM236030	not_found	French Polynesia	NCBI
Alphaflexiviridae	Potexvirus	Cymbidium mosaic virus	Potexvirus cymbidii	CymMV	CymMV	known_virus	Vanilla x tahitensis	Vanilloideae	Vanilleae	Vanilla	Climbing_vine	AM236031	not_found	French Polynesia	NCBI
Alphaflexiviridae	Potexvirus	Cymbidium mosaic virus	Potexvirus cymbidii	CymMV	CymMV	known_virus	Vanilla x tahitensis	Vanilloideae	Vanilleae	Vanilla	Climbing_vine	AM236032	not_found	French Polynesia	NCBI
Alphaflexiviridae	Potexvirus	Cymbidium mosaic virus	Potexvirus cymbidii	CymMV	CymMV	known_virus	Vanilla x tahitensis	Vanilloideae	Vanilleae	Vanilla	Climbing_vine	AM236033	not_found	French Polynesia	NCBI
Alphaflexiviridae	Potexvirus	Cymbidium mosaic virus	Potexvirus cymbidii	CymMV	CymMV	known_virus	Vanilla x tahitensis	Vanilloideae	Vanilleae	Vanilla	Climbing_vine	AM236034	not_found	French Polynesia	NCBI
Alphaflexiviridae	Potexvirus	Cymbidium mosaic virus	Potexvirus cymbidii	CymMV	CymMV	known_virus	Vanilla planifolia	Vanilloideae	Vanilleae	Vanilla	Climbing_vine	AM236035	not_found	France	NCBI
Alphaflexiviridae	Potexvirus	Cymbidium mosaic virus	Potexvirus cymbidii	CymMV	CymMV	known_virus	Vanilla planifolia	Vanilloideae	Vanilleae	Vanilla	Climbing_vine	AM236039	not_found	Reunion	NCBI
Alphaflexiviridae	Potexvirus	Cymbidium mosaic virus	Potexvirus cymbidii	CymMV	CymMV	known_virus	Vanilla planifolia	Vanilloideae	Vanilleae	Vanilla	Climbing_vine	AM236040	not_found	Reunion	NCBI
Alphaflexiviridae	Potexvirus	Cymbidium mosaic virus	Potexvirus cymbidii	CymMV	CymMV	known_virus	Vanilla planifolia	Vanilloideae	Vanilleae	Vanilla	Climbing_vine	AM236041	not_found	Madagascar	NCBI
Alphaflexiviridae	Potexvirus	Cymbidium mosaic virus	Potexvirus cymbidii	CymMV	CymMV	known_virus	Vanilla planifolia	Vanilloideae	Vanilleae	Vanilla	Climbing_vine	AM236042	not_found	Fiji	NCBI
Alphaflexiviridae	Potexvirus	Cymbidium mosaic virus	Potexvirus cymbidii	CymMV	CymMV	known_virus	Vanilla planifolia	Vanilloideae	Vanilleae	Vanilla	Climbing_vine	DQ208422	not_found	India	NCBI
Alphaflexiviridae	Potexvirus	Cymbidium mosaic virus	Potexvirus cymbidii	CymMV	CymMV	known_virus	Vanilla planifolia	Vanilloideae	Vanilleae	Vanilla	Climbing_vine	HQ681906	not_found	China	NCBI
Alphaflexiviridae	Potexvirus	Cymbidium mosaic virus	Potexvirus cymbidii	CymMV	CymMV	known_virus	Vanilla madagascariensis	Vanilloideae	Vanilleae	Vanilla	Climbing_vine	MW188032	not_found	Czech Republic	NCBI
Alphaflexiviridae	Potexvirus	Cymbidium mosaic virus	Potexvirus cymbidii	CymMV	CymMV	known_virus	Vanilla shenzhenica	Vanilloideae	Vanilleae	Vanilla	Climbing_vine	SRR5722167	aerial_root	China	SRA
Alphaflexiviridae	Potexvirus	Cymbidium mosaic virus	Potexvirus cymbidii	CymMV	CymMV	known_virus	Vanilla sp	Vanilloideae	Vanilleae	Vanilla	Hemiepiphytic, Terrestrial, Climbing_vine	AM236025	not_found	France	NCBI
Alphaflexiviridae	Potexvirus	Cymbidium mosaic virus	Potexvirus cymbidii	CymMV	CymMV	known_virus	Vanilla sp	Vanilloideae	Vanilleae	Vanilla	Hemiepiphytic, Terrestrial, Climbing_vine	AM236026	not_found	France	NCBI
Alphaflexiviridae	Potexvirus	Cymbidium mosaic virus	Potexvirus cymbidii	CymMV	CymMV	known_virus	Vanilla bahiana	Vanilloideae	Vanilleae	Vanilla	Hemiepiphytic, Terrestrial, Climbing_vine	AM236027	not_found	France	NCBI
Alphaflexiviridae	Potexvirus	Cymbidium mosaic virus	Potexvirus cymbidii	CymMV	CymMV	known_virus	Vanilla sp	Vanilloideae	Vanilleae	Vanilla	Hemiepiphytic, Terrestrial, Climbing_vine	AM236036	not_found	France	NCBI
Alphaflexiviridae	Potexvirus	Cymbidium mosaic virus	Potexvirus cymbidii	CymMV	CymMV	known_virus	Vanilla sp	Vanilloideae	Vanilleae	Vanilla	Hemiepiphytic, Terrestrial, Climbing_vine	AM236037	not_found	France	NCBI
Alphaflexiviridae	Potexvirus	Cymbidium mosaic virus	Potexvirus cymbidii	CymMV	CymMV	known_virus	Vanilla bahiana	Vanilloideae	Vanilleae	Vanilla	Hemiepiphytic, Terrestrial, Climbing_vine	AM236038	not_found	France	NCBI
Rhabdoviridae	betacytorhabdovirus	Cypripedium betacytorhabdovirus 1	not_found	CypBCRV1	CypBCRV1	known_virus	Cypripedium flavum	Higher Epidendroideae	Cypripedieae	Cypripedium	Terrestial	SRR7466540	leaf	China	SRA
Rhabdoviridae	betacytorhabdovirus	Cypripedium betacytorhabdovirus 1	not_found	CypBCRV1	CypBCRV1	known_virus	Cypripedium flavum	Higher Epidendroideae	Cypripedieae	Cypripedium	Terrestial	SRR7466541	flower	China	SRA
Rhabdoviridae				CypBCRV1-like	CypBCRV1-like	new_species	Cypripedium forrestii	Higher Epidendroideae	Cypripedieae	Cypripedium	Terrestial	SRR26456899	leaf	China	SRA
Partitiviridae	Deltapartitivirus			CyprDPV1	CyprDPV1	new_species	Cypripedium forrestii	Higher Epidendroideae	Cypripedieae	Cypripedium	Terrestial	SRR26456895	leaf	China	SRA
Partitiviridae	Deltapartitivirus			CyprDPV1	CyprDPV1	new_species	Cypripedium forrestii	Higher Epidendroideae	Cypripedieae	Cypripedium	Terrestial	SRR26456926	leaf	China	SRA
Partitiviridae	Deltapartitivirus			CyprDPV1	CyprDPV1	new_species	Cypripedium forrestii	Higher Epidendroideae	Cypripedieae	Cypripedium	Terrestial	SRR26456931	leaf	China	SRA
Partitiviridae	Deltapartitivirus			CyprDPV1	CyprDPV1	new_species	Cypripedium forrestii	Higher Epidendroideae	Cypripedieae	Cypripedium	Terrestial	SRR26456940	leaf	China	SRA
Partitiviridae	Deltapartitivirus			CyprDPV1	CyprDPV1	new_species	Cypripedium forrestii	Higher Epidendroideae	Cypripedieae	Cypripedium	Terrestial	SRR26456942	leaf	China	SRA
Partitiviridae	Deltapartitivirus			CyprDPV1	CyprDPV1	new_species	Cypripedium forrestii	Higher Epidendroideae	Cypripedieae	Cypripedium	Terrestial	SRR26456945	leaf	China	SRA
Partitiviridae	Deltapartitivirus			CyprDPV1	CyprDPV1	new_species	Cypripedium lichiangense	Higher Epidendroideae	Cypripedieae	Cypripedium	Terrestial	SRR26456953	leaf	China	SRA
Partitiviridae	Deltapartitivirus			CyprDPV1	CyprDPV1	new_species	Cypripedium lentiginosum	Higher Epidendroideae	Cypripedieae	Cypripedium	Terrestial	SRR7466533	flower	China	SRA
Partitiviridae	Deltapartitivirus			CyprDPV1	CyprDPV1	new_species	Cypripedium lentiginosum	Higher Epidendroideae	Cypripedieae	Cypripedium	Terrestial	SRR7466547	leaf	China	SRA
Partitiviridae	Deltapartitivirus			CyprDPV2	CyprDPV2	new_species	Cypripedium lentiginosum	Higher Epidendroideae	Cypripedieae	Cypripedium	Terrestial	SRR7466533	flower	China	SRA
Partitiviridae	Deltapartitivirus			CyprDPV2	CyprDPV2	new_species	Cypripedium lentiginosum	Higher Epidendroideae	Cypripedieae	Cypripedium	Terrestial	SRR7466547	leaf	China	SRA
Partitiviridae	Deltapartitivirus			CyprDPV3	CyprDPV3	new_species	Cypripedium lentiginosum	Higher Epidendroideae	Cypripedieae	Cypripedium	Terrestial	SRR7466533	flower	China	SRA
Partitiviridae	Deltapartitivirus			CyprDPV3	CyprDPV3	new_species	Cypripedium lentiginosum	Higher Epidendroideae	Cypripedieae	Cypripedium	Terrestial	SRR7466547	leaf	China	SRA
Potyviridae	Potyvirus	Cypripedium virus Y	Potyvirus cypripedii	CypVY	CypVY	known_virus	Cypripedium parviflorum	Higher Epidendroideae	Cypripedieae	Cypripedium	Terrestial	AF185954	not_found	United_Kingdom	NCBI
Potyviridae	Potyvirus	Cypripedium virus Y	Potyvirus cypripedii	CypVY	CypVY	known_virus	Cypripedium franchetii	Higher Epidendroideae	Cypripedieae	Cypripedium	Terrestial	AF185955	not_found	United_Kingdom	NCBI
Potyviridae	Potyvirus	Cypripedium virus Y	Potyvirus cypripedii	CypVY	CypVY	known_virus	Cypripedium parviflorum	Higher Epidendroideae	Cypripedieae	Cypripedium	Terrestial	NC_043146	not_found	United_Kingdom	NCBI
Caulimoviridae	Badnavirus	Dendrobium_catenatum associated badnavirus 1	not_found	DaBV1	DaBV1	new_species	Dendrobium catenatum	Higher Epidendroideae	Podochileae	Dendrobium	Epiphyte 	SRR14635797	leaf	nd	SRA
Partitiviridae	Deltapartitivirus			DacthDPV1	DacthDPV1	new_species	Dactylorhiza fuchsii	Higher Epidendroideae	Orchideae	Dactylorhiza	Terrestial	SRR17665593	leaf	Hungary	SRA
Partitiviridae	Deltapartitivirus			DacthDPV1	DacthDPV1	new_species	Dactylorhiza fuchsii	Higher Epidendroideae	Orchideae	Dactylorhiza	Terrestial	SRR17665595	leaf	Hungary	SRA
Partitiviridae	Deltapartitivirus			DacthDPV1	DacthDPV1	new_species	Dactylorhiza fuchsii	Higher Epidendroideae	Orchideae	Dactylorhiza	Terrestial	SRR17665606	leaf	Hungary	SRA
Partitiviridae	Deltapartitivirus			DacthDPV1	DacthDPV1	new_species	Dactylorhiza incarnata	Higher Epidendroideae	Orchideae	Dactylorhiza	Terrestial	SRR3330398	leaf	Sweden	SRA
Partitiviridae	Deltapartitivirus			DacthDPV1	DacthDPV1	new_species	Dactylorhiza incarnata	Higher Epidendroideae	Orchideae	Dactylorhiza	Terrestial	SRR3330400	leaf	United_Kingdom	SRA
Partitiviridae	Deltapartitivirus			DacthDPV2	DacthDPV2	new_species	Dactylorhiza fuchsii	Higher Epidendroideae	Orchideae	Dactylorhiza	Terrestial	SRR17665596	leaf	Hungary	SRA
Partitiviridae	Deltapartitivirus			DacthDPV2	DacthDPV2	new_species	Dactylorhiza fuchsii	Higher Epidendroideae	Orchideae	Dactylorhiza	Terrestial	SRR3330395	leaf	United_Kingdom	SRA
Partitiviridae	Deltapartitivirus			DacthDPV3	DacthDPV3	new_species	Dactylorhiza fuchsii	Higher Epidendroideae	Orchideae	Dactylorhiza	Terrestial	SRR17665600	leaf	Hungary	SRA
Partitiviridae	Deltapartitivirus			DacthDPV3	DacthDPV3	new_species	Dactylorhiza fuchsii	Higher Epidendroideae	Orchideae	Dactylorhiza	Terrestial	SRR17665606	leaf	Hungary	SRA
Partitiviridae	Deltapartitivirus			DacthDPV3	DacthDPV3	new_species	Dactylorhiza fuchsii	Higher Epidendroideae	Orchideae	Dactylorhiza	Terrestial	SRR17665611	leaf	Hungary	SRA
Partitiviridae	Deltapartitivirus			DacthDPV3	DacthDPV3	new_species	Dactylorhiza fuchsii	Higher Epidendroideae	Orchideae	Dactylorhiza	Terrestial	SRR17665620	leaf	Hungary	SRA
Partitiviridae	Deltapartitivirus			DacthDPV3	DacthDPV3	new_species	Dactylorhiza fuchsii	Higher Epidendroideae	Orchideae	Dactylorhiza	Terrestial	SRR3330392	leaf	France	SRA
Partitiviridae	Deltapartitivirus			DacthDPV3	DacthDPV3	new_species	Dactylorhiza fuchsii	Higher Epidendroideae	Orchideae	Dactylorhiza	Terrestial	SRR3330393	leaf	France	SRA
Partitiviridae	Deltapartitivirus			DacthDPV3	DacthDPV3	new_species	Dactylorhiza incarnata	Higher Epidendroideae	Orchideae	Dactylorhiza	Terrestial	SRR3330396	leaf	Austria	SRA
Partitiviridae	Deltapartitivirus			DacthDPV3	DacthDPV3	new_species	Dactylorhiza incarnata	Higher Epidendroideae	Orchideae	Dactylorhiza	Terrestial	SRR3330398	leaf	Sweden	SRA
Partitiviridae	Deltapartitivirus			DacthDPV3	DacthDPV3	new_species	Dactylorhiza incarnata	Higher Epidendroideae	Orchideae	Dactylorhiza	Terrestial	SRR3330400	leaf	United_Kingdom	SRA
Partitiviridae	Deltapartitivirus			DacthDPV4	DacthDPV4	new_species	Dactylorhiza fuchsii	Higher Epidendroideae	Orchideae	Dactylorhiza	Terrestial	SRR17665611	leaf	Hungary	SRA
Partitiviridae	Deltapartitivirus			DacthDPV4	DacthDPV4	new_species	Dactylorhiza incarnata	Higher Epidendroideae	Orchideae	Dactylorhiza	Terrestial	SRR3330400	leaf	United_Kingdom	SRA
Partitiviridae	Deltapartitivirus			DacthDPV5	DacthDPV5	new_species	Dactylorhiza fuchsii	Higher Epidendroideae	Orchideae	Dactylorhiza	Terrestial	SRR3330395	leaf	United_Kingdom	SRA
Partitiviridae	Deltapartitivirus			DacthDPV6	DacthDPV6	new_species	Dactylorhiza fuchsii	Higher Epidendroideae	Orchideae	Dactylorhiza	Terrestial	SRR17665618	leaf	Hungary	SRA
Partitiviridae	Deltapartitivirus			DacthDPV6	DacthDPV6	new_species	Dactylorhiza fuchsii	Higher Epidendroideae	Orchideae	Dactylorhiza	Terrestial	SRR17665619	leaf	Hungary	SRA
Partitiviridae	Deltapartitivirus			DacthDPV6	DacthDPV6	new_species	Dactylorhiza fuchsii	Higher Epidendroideae	Orchideae	Dactylorhiza	Terrestial	SRR17665620	leaf	Hungary	SRA
Partitiviridae	Deltapartitivirus			DacthDPV7	DacthDPV7	new_species	Dactylorhiza fuchsii	Higher Epidendroideae	Orchideae	Dactylorhiza	Terrestial	SRR17665596	leaf	Hungary	SRA
Partitiviridae	Deltapartitivirus			DacthDPV7	DacthDPV7	new_species	Dactylorhiza fuchsii	Higher Epidendroideae	Orchideae	Dactylorhiza	Terrestial	SRR17665597	leaf	Hungary	SRA
Partitiviridae	Deltapartitivirus			DacthDPV7	DacthDPV7	new_species	Dactylorhiza fuchsii	Higher Epidendroideae	Orchideae	Dactylorhiza	Terrestial	SRR17665598	leaf	Hungary	SRA
Potyviridae	Potyvirus	Dendrobiurm  associated potyvirus 1	not_found	DaPV1	DaPV1	new_species	Dendrobium nobile	Higher Epidendroideae	Podochileae	Dendrobium	Epiphyte	SRR24694124	flower	China	SRA
Potyviridae	Potyvirus	Dendrobiurm  associated potyvirus 1	not_found	DaPV1	DaPV1	new_species	Dendrobium nobile	Higher Epidendroideae	Podochileae	Dendrobium	Epiphyte	SRR24694136	flower	China	SRA
Potyviridae	Potyvirus	Dendrobiurm  associated potyvirus 1	not_found	DaPV1	DaPV1	new_species	Dendrobium nobile	Higher Epidendroideae	Podochileae	Dendrobium	Epiphyte	SRR24694138	flower	China	SRA
Potyviridae	Potyvirus	Dendrobiurm  associated potyvirus 1	not_found	DaPV1	DaPV1	new_species	Dendrobium nobile	Higher Epidendroideae	Podochileae	Dendrobium	Epiphyte	SRR24694139	flower	China	SRA
Potyviridae	Potyvirus	Dendrobiurm  associated potyvirus 1	not_found	DaPV1	DaPV1	new_species	Dendrobium sp	Higher Epidendroideae	Podochileae	Dendrobium	Epiphyte 	SRR10197560	leaf	China	SRA
Potyviridae	Potyvirus	Dendrobiurm  associated potyvirus 1	not_found	DaPV1	DaPV1	new_species	Dendrobium sp	Higher Epidendroideae	Podochileae	Dendrobium	Epiphyte 	SRR10197561	leaf	China	SRA
Potyviridae	Potyvirus	Dendrobiurm  associated potyvirus 1	not_found	DaPV1	DaPV1	new_species	Dendrobium nobile	Higher Epidendroideae	Podochileae	Dendrobium	not_found	SRR18030157	stem	not_found	SRA
Potyviridae	Potyvirus	Dendrobiurm  associated potyvirus 1	not_found	DaPV1	DaPV1	new_species	Dendrobium nobile	Higher Epidendroideae	Podochileae	Dendrobium	not_found	SRR18030158	not_found	not_found	SRA
Potyviridae	Potyvirus	Dendrobiurm  associated potyvirus 1	not_found	DaPV1	DaPV1	new_species	Dendrobium nobile	Higher Epidendroideae	Podochileae	Dendrobium	not_found	SRR18030160	not_found	not_found	SRA
Potyviridae	Potyvirus	Dendrobiurm  associated potyvirus 1	not_found	DaPV1	DaPV1	new_species	Dendrobium nobile	Higher Epidendroideae	Podochileae	Dendrobium	not_found	SRR18030162	not_found	not_found	SRA
Potyviridae	Potyvirus	Dendrobiurm  associated potyvirus 1	not_found	DaPV1	DaPV1	new_species	Dendrobium nobile	Higher Epidendroideae	Podochileae	Dendrobium	not_found	SRR18030163	not_found	not_found	SRA
Rhabdoviridae		Dendrobium_chrysotoxum associated rhabdovirus 1	not_found	DCaRV1	DCaRV1	new_species	Dendrobium chrysotoxum	Higher Epidendroideae	Podochileae	Dendrobium	Epiphyte 	SRR13425885	flower	China	SRA
Rhabdoviridae		Dendrobium_chrysotoxum associated rhabdovirus 1	not_found	DCaRV1	DCaRV1	new_species	Dendrobium chrysotoxum	Higher Epidendroideae	Podochileae	Dendrobium	Epiphyte 	SRR13425887	flower	China	SRA
Partitiviridae		Dactylorhiza cryptic virus 1	Dactylorhiza cryptic virus 1	DCV1	DCV1	known_virus	Dactylorhiza incarnata	Higher Epidendroideae	Orchideae	Dactylorhiza	Terrestial	MH898486	not_found	Sweden	NCBI
Partitiviridae		Dactylorhiza cryptic virus 1	Dactylorhiza cryptic virus 1	DCV1	DCV1	known_virus	Dactylorhiza incarnata	Higher Epidendroideae	Orchideae	Dactylorhiza	Terrestial	MH898488	not_found	Sweden	NCBI
Partitiviridae		Dactylorhiza cryptic virus 2	Dactylorhiza cryptic virus 2	DCV2	DCV2	known_virus	Dactylorhiza incarnata	Higher Epidendroideae	Orchideae	Dactylorhiza	Terrestial	MH898487	not_found	Sweden	NCBI
Partitiviridae		Dactylorhiza cryptic virus 2	Dactylorhiza cryptic virus 2	DCV2	DCV2	known_virus	Dactylorhiza incarnata	Higher Epidendroideae	Orchideae	Dactylorhiza	Terrestial	MH898489	not_found	Sweden	NCBI
Partitiviridae		Dactylorhiza cryptic virus 3	Dactylorhiza cryptic virus 3	DCV3	DCV3	known_virus	Dactylorhiza incarnata	Higher Epidendroideae	Orchideae	Dactylorhiza	Terrestial	MT159307	not_found	Sweden	NCBI
Partitiviridae		Dactylorhiza cryptic virus 3	Dactylorhiza cryptic virus 3	DCV3	DCV3	known_virus	Dactylorhiza incarnata	Higher Epidendroideae	Orchideae	Dactylorhiza	Terrestial	MT159308	not_found	Sweden	NCBI
Potyviridae	Potyvirus	Dendrobium chlorotic mosaic virus	Potyvirus dendrobii	DeCMV	DeCMV	known_virus	Dendrobium smillieae	Higher Epidendroideae	Podochileae	Dendrobium	Epiphyte or Lithophyte	MK241979	not_found	Taiwan	NCBI
Potyviridae	Potyvirus	Dendrobium chlorotic mosaic virus	Potyvirus dendrobii	DeCMV	DeCMV	known_virus	Dendrobium smillieae	Higher Epidendroideae	Podochileae	Dendrobium	Epiphyte or Lithophyte	MK241980	not_found	Taiwan	NCBI
Potyviridae	Potyvirus	Dendrobium chlorotic mosaic virus	Potyvirus dendrobii	DeCMV	DeCMV	known_virus	Dendrobium smillieae	Higher Epidendroideae	Podochileae	Dendrobium	Epiphyte or Lithophyte	NC_055520	not_found	Taiwan	NCBI
Partitiviridae	Deltapartitivirus			DendrDPV1	DendrDPV1	new_species	Dendrobium chrysotoxum	Higher Epidendroideae	Podochileae	Dendrobium	Epiphyte 	SRR13425885	flower	China	SRA
Partitiviridae	Deltapartitivirus			DendrDPV1	DendrDPV1	new_species	Dendrobium chrysotoxum	Higher Epidendroideae	Podochileae	Dendrobium	Epiphyte 	SRR13425887	flower	China	SRA
Partitiviridae	Deltapartitivirus			DendrDPV1	DendrDPV1	new_species	Dendrobium chrysotoxum	Higher Epidendroideae	Podochileae	Dendrobium	Epiphyte 	SRR13425888	flower	China	SRA
Partitiviridae	Deltapartitivirus			DendrDPV2	DendrDPV2	new_species	Dendrobium nobile	Higher Epidendroideae	Podochileae	Dendrobium	Epiphyte	SRR15036782	stem	China	SRA
Partitiviridae	Deltapartitivirus			DendrDPV2	DendrDPV2	new_species	Dendrobium nobile	Higher Epidendroideae	Podochileae	Dendrobium	Epiphyte	SRR15036783	leaf	China	SRA
Partitiviridae	Deltapartitivirus			DendrDPV2	DendrDPV2	new_species	Dendrobium nobile	Higher Epidendroideae	Podochileae	Dendrobium	Epiphyte	SRR15036791	root	China	SRA
Partitiviridae	Deltapartitivirus			DendrDPV2	DendrDPV2	new_species	Dendrobium officinale	Higher Epidendroideae	Podochileae	Dendrobium	Epiphyte	SRR24083826	stem	China	SRA
Partitiviridae	Deltapartitivirus			DendrDPV2	DendrDPV2	new_species	Dendrobium officinale	Higher Epidendroideae	Podochileae	Dendrobium	Epiphyte	SRR24083828	stem	China	SRA
Partitiviridae	Deltapartitivirus			DendrDPV2	DendrDPV2	new_species	Dendrobium officinale	Higher Epidendroideae	Podochileae	Dendrobium	Epiphyte	SRR24083829	stem	China	SRA
Partitiviridae	Deltapartitivirus			DendrDPV2	DendrDPV2	new_species	Dendrobium nobile	Higher Epidendroideae	Podochileae	Dendrobium	Epiphyte	SRR7135783	leaf	China	SRA
Partitiviridae	Deltapartitivirus			DendrDPV2	DendrDPV2	new_species	Dendrobium nobile	Higher Epidendroideae	Podochileae	Dendrobium	Epiphyte	SRR7135787	leaf	China	SRA
Partitiviridae	Deltapartitivirus			DendrDPV2	DendrDPV2	new_species	Dendrobium nobile	Higher Epidendroideae	Podochileae	Dendrobium	Epiphyte	SRR7135797	leaf	China	SRA
Partitiviridae	Deltapartitivirus			DendrDPV2	DendrDPV2	new_species	Dendrobium nobile	Higher Epidendroideae	Podochileae	Dendrobium	Epiphyte	SRR7135799	leaf	China	SRA
Partitiviridae	Deltapartitivirus			DendrDPV2	DendrDPV2	new_species	Dendrobium nobile	Higher Epidendroideae	Podochileae	Dendrobium	Epiphyte	SRR7135803	leaf	China	SRA
Partitiviridae	Deltapartitivirus			DendrDPV2	DendrDPV2	new_species	Dendrobium nobile	Higher Epidendroideae	Podochileae	Dendrobium	Epiphyte	SRR7135805	leaf	China	SRA
Partitiviridae	Deltapartitivirus			DendrDPV2	DendrDPV2	new_species	Dendrobium nobile	Higher Epidendroideae	Podochileae	Dendrobium	Epiphyte	SRR7135815	leaf	China	SRA
Partitiviridae	Deltapartitivirus			DendrDPV2	DendrDPV2	new_species	Dendrobium nobile	Higher Epidendroideae	Podochileae	Dendrobium	Epiphyte	SRR7135816	leaf	China	SRA
Partitiviridae	Deltapartitivirus			DendrDPV2	DendrDPV2	new_species	Dendrobium nobile	Higher Epidendroideae	Podochileae	Dendrobium	Epiphyte	SRR7135827	leaf	China	SRA
Partitiviridae	Deltapartitivirus			DendrDPV2	DendrDPV2	new_species	Dendrobium nobile	Higher Epidendroideae	Podochileae	Dendrobium	Epiphyte	SRR7135828	leaf	China	SRA
Partitiviridae	Deltapartitivirus			DendrDPV2	DendrDPV2	new_species	Dendrobium nobile	Higher Epidendroideae	Podochileae	Dendrobium	Epiphyte	SRR7135832	leaf	China	SRA
Partitiviridae	Deltapartitivirus			DendrDPV2	DendrDPV2	new_species	Dendrobium nobile	Higher Epidendroideae	Podochileae	Dendrobium	Epiphyte	SRR7135838	leaf	China	SRA
Partitiviridae	Deltapartitivirus			DendrDPV2	DendrDPV2	new_species	Dendrobium nobile	Higher Epidendroideae	Podochileae	Dendrobium	Epiphyte	SRR7135844	leaf	China	SRA
Partitiviridae	Deltapartitivirus			DendrDPV2	DendrDPV2	new_species	Dendrobium nobile	Higher Epidendroideae	Podochileae	Dendrobium	Epiphyte	SRR7135849	leaf	China	SRA
Partitiviridae	Deltapartitivirus			DendrDPV2	DendrDPV2	new_species	Dendrobium nobile	Higher Epidendroideae	Podochileae	Dendrobium	Epiphyte	SRR7135852	leaf	China	SRA
Partitiviridae	Deltapartitivirus			DendrDPV2	DendrDPV2	new_species	Dendrobium nobile	Higher Epidendroideae	Podochileae	Dendrobium	Epiphyte	SRR7135867	leaf	China	SRA
Partitiviridae	Deltapartitivirus			DendrDPV2	DendrDPV2	new_species	Dendrobium nobile	Higher Epidendroideae	Podochileae	Dendrobium	Epiphyte	SRR7135871	leaf	China	SRA
Partitiviridae	Deltapartitivirus			DendrDPV2	DendrDPV2	new_species	Dendrobium nobile	Higher Epidendroideae	Podochileae	Dendrobium	Epiphyte	SRR870464	nd	nd	SRA
Partitiviridae	Deltapartitivirus			DendrDPV2	DendrDPV2	new_species	Dendrobium nobile	Higher Epidendroideae	Podochileae	Dendrobium	Epiphyte	SRR870656	leaf	nd	SRA
Partitiviridae	Deltapartitivirus			DendrDPV2	DendrDPV2	new_species	Dendrobium nobile	Higher Epidendroideae	Podochileae	Dendrobium	Epiphyte	SRR870658	stem	nd	SRA
Partitiviridae	Deltapartitivirus			DendrDPV2	DendrDPV2	new_species	Dendrobium catenatum	Higher Epidendroideae	Podochileae	Dendrobium	Epiphyte 	SRR12805742	stem	nd	SRA
Partitiviridae	Deltapartitivirus			DendrDPV2	DendrDPV2	new_species	Dendrobium catenatum	Higher Epidendroideae	Podochileae	Dendrobium	Epiphyte 	SRR12805743	stem	nd	SRA
Partitiviridae	Deltapartitivirus			DendrDPV2	DendrDPV2	new_species	Dendrobium catenatum	Higher Epidendroideae	Podochileae	Dendrobium	Epiphyte 	SRR12805743	stem	nd	SRA
Partitiviridae	Deltapartitivirus			DendrDPV2	DendrDPV2	new_species	Dendrobium catenatum	Higher Epidendroideae	Podochileae	Dendrobium	Epiphyte 	SRR12805747	stem	nd	SRA
Partitiviridae	Deltapartitivirus			DendrDPV2	DendrDPV2	new_species	Dendrobium catenatum	Higher Epidendroideae	Podochileae	Dendrobium	Epiphyte 	SRR12805748	stem	nd	SRA
Partitiviridae	Deltapartitivirus			DendrDPV2	DendrDPV2	new_species	Dendrobium moniliforme	Higher Epidendroideae	Podochileae	Dendrobium	Epiphyte or Lithophyte	SRR16643616	stem	China	SRA
Partitiviridae	Deltapartitivirus			DendrDPV3	DendrDPV3	new_species	Dendrobium chrysanthum	Higher Epidendroideae	Podochileae	Dendrobium	Epiphyte 	SRR8887202	pistil	China	SRA
Partitiviridae	Deltapartitivirus			DendrDPV3	DendrDPV3	new_species	Dendrobium chrysanthum	Higher Epidendroideae	Podochileae	Dendrobium	Epiphyte 	SRR8887202	pistil	China	SRA
Partitiviridae	Deltapartitivirus			DendrDPV4	DendrDPV4	new_species	Dendrobium nobile	Higher Epidendroideae	Podochileae	Dendrobium	Epiphyte	SRR15036785	stem	China	SRA
Partitiviridae	Deltapartitivirus			DendrDPV4	DendrDPV4	new_species	Dendrobium nobile	Higher Epidendroideae	Podochileae	Dendrobium	Epiphyte	SRR15036786	leaf	China	SRA
Partitiviridae	Deltapartitivirus			DendrDPV4	DendrDPV4	new_species	Dendrobium nobile	Higher Epidendroideae	Podochileae	Dendrobium	Epiphyte	SRR4169965	nd	China	SRA
Partitiviridae	Deltapartitivirus			DendrDPV4	DendrDPV4	new_species	Dendrobium nobile	Higher Epidendroideae	Podochileae	Dendrobium	Epiphyte	SRR5813591	stem	China	SRA
Partitiviridae	Deltapartitivirus			DendrDPV4	DendrDPV4	new_species	Dendrobium nobile	Higher Epidendroideae	Podochileae	Dendrobium	Epiphyte	SRR5813593	stem	China	SRA
Partitiviridae	Deltapartitivirus			DendrDPV4	DendrDPV4	new_species	Dendrobium nobile	Higher Epidendroideae	Podochileae	Dendrobium	Epiphyte	SRR5813595	stem	China	SRA
Partitiviridae	Deltapartitivirus			DendrDPV4	DendrDPV4	new_species	Dendrobium nobile	Higher Epidendroideae	Podochileae	Dendrobium	Epiphyte	SRR7135800	leaf	China	SRA
Partitiviridae	Deltapartitivirus			DendrDPV4	DendrDPV4	new_species	Dendrobium nobile	Higher Epidendroideae	Podochileae	Dendrobium	Epiphyte	SRR7135854	leaf	China	SRA
Partitiviridae	Deltapartitivirus			DendrDPV4	DendrDPV4	new_species	Dendrobium nobile	Higher Epidendroideae	Podochileae	Dendrobium	Epiphyte	SRR870464	nd	nd	SRA
Partitiviridae	Deltapartitivirus			DendrDPV4	DendrDPV4	new_species	Dendrobium nobile	Higher Epidendroideae	Podochileae	Dendrobium	Epiphyte	SRR870656	leaf	nd	SRA
Partitiviridae	Deltapartitivirus			DendrDPV4	DendrDPV4	new_species	Dendrobium nobile	Higher Epidendroideae	Podochileae	Dendrobium	Epiphyte	SRR870658	stem	nd	SRA
Partitiviridae	Deltapartitivirus			DendrDPV4	DendrDPV4	new_species	Dendrobium chrysanthum	Higher Epidendroideae	Podochileae	Dendrobium	Epiphyte 	SRR8887201	pistil	China	SRA
Partitiviridae	Deltapartitivirus			DendrDPV4	DendrDPV4	new_species	Dendrobium moniliforme	Higher Epidendroideae	Podochileae	Dendrobium	Epiphyte or Lithophyte	SRR24751332	flower	China	SRA
Partitiviridae	Deltapartitivirus			DendrDPV4	DendrDPV4	new_species	Dendrobium nobile	Higher Epidendroideae	Podochileae	Dendrobium	not_found	SRR18030163	stem	not_found	SRA
Partitiviridae	Deltapartitivirus			DendrDPV4	DendrDPV4	new_species	Dendrobium nobile	Higher Epidendroideae	Podochileae	Dendrobium	not_found	SRR18030164	stem	not_found	SRA
Betaflexiviridae	Divavirus-like	Dactylorhiza_fuchsii associated divavirus-like	not_found	DfaDLV	DfaDLV	new_species	Dactylorhiza fuchsii	Higher Epidendroideae	Orchideae	Dactylorhiza	Terrestial	SRR17665596	leaf	Hungary	SRA
Betaflexiviridae	Divavirus-like	Dactylorhiza_fuchsii associated divavirus-like	not_found	DfaDLV	DfaDLV	new_species	Dactylorhiza fuchsii	Higher Epidendroideae	Orchideae	Dactylorhiza	Terrestial	SRR17665597	leaf	Hungary	SRA
Betaflexiviridae	Divavirus-like	Dactylorhiza_fuchsii associated divavirus-like	not_found	DfaDLV	DfaDLV	new_species	Dactylorhiza fuchsii	Higher Epidendroideae	Orchideae	Dactylorhiza	Terrestial	SRR17665598	leaf	Hungary	SRA
Betaflexiviridae	Divavirus-like	Dactylorhiza_fuchsii associated divavirus-like	not_found	DfaDLV	DfaDLV	new_species	Dactylorhiza fuchsii	Higher Epidendroideae	Orchideae	Dactylorhiza	Terrestial	SRR17665605	leaf	Hungary	SRA
Betaflexiviridae	Divavirus-like	Dactylorhiza_fuchsii associated divavirus-like	not_found	DfaDLV	DfaDLV	new_species	Dactylorhiza fuchsii	Higher Epidendroideae	Orchideae	Dactylorhiza	Terrestial	SRR17665606	leaf	Hungary	SRA
Betaflexiviridae	Divavirus-like	Dactylorhiza_fuchsii associated divavirus-like	not_found	DfaDLV	DfaDLV	new_species	Dactylorhiza fuchsii	Higher Epidendroideae	Orchideae	Dactylorhiza	Terrestial	SRR17665608	leaf	Hungary	SRA
Betaflexiviridae	Divavirus-like	Dactylorhiza_fuchsii associated divavirus-like	not_found	DfaDLV	DfaDLV	new_species	Dactylorhiza fuchsii	Higher Epidendroideae	Orchideae	Dactylorhiza	Terrestial	SRR17665609	leaf	Hungary	SRA
Betaflexiviridae	Divavirus-like	Dactylorhiza_fuchsii associated divavirus-like	not_found	DfaDLV	DfaDLV	new_species	Dactylorhiza fuchsii	Higher Epidendroideae	Orchideae	Dactylorhiza	Terrestial	SRR17665616	leaf	Hungary	SRA
Betaflexiviridae	Divavirus-like	Dactylorhiza_fuchsii associated divavirus-like	not_found	DfaDLV	DfaDLV	new_species	Dactylorhiza fuchsii	Higher Epidendroideae	Orchideae	Dactylorhiza	Terrestial	SRR17665623	leaf	Hungary	SRA
Benyviridae	Benyivirus-like	Dactylorhiza hatagirea beny-like virus	not_found	DhBLV	DhBLV	new_species	Orchis hatagirea	Higher Epidendroideae	Orchideae	Orchis	Terrestrial	SRR8863098	leaf	India	SRA
Benyviridae		Dactylorhiza hatagirea beny-like virus	Dactylorhiza hatagirea beny-like virus	DhBLV	DhBLV	known_virus	Orchis hatagirea	Higher Epidendroideae	Orchideae	Orchis	Terrestrial	BK013327	not_found	India	NCBI
Partitiviridae	Deltapartitivirus	Dactylorhiza hatagirea deltapartitivirus	Dactylorhiza hatagirea deltapartitivirus	DhDPV1	DhDPV1	known_virus	Orchis hatagirea	Higher Epidendroideae	Orchideae	Orchis	Terrestrial	BK013329	not_found	India	NCBI
Partitiviridae	Deltapartitivirus	Dactylorhiza hatagirea deltapartitivirus	Dactylorhiza hatagirea deltapartitivirus	DhDPV1	DhDPV1	known_virus	Orchis hatagirea	Higher Epidendroideae	Orchideae	Orchis	Terrestrial	BK013330	not_found	India	NCBI
Aspiviridae	Ophiovirus	Dactylorhiza hatagirea ophiovirus	not_found	DhOV	DhOV	known_virus	Orchis hatagirea	Higher Epidendroideae	Orchideae	Orchis	Terrestrial	BK013328	not_found	India	NCBI
Aspiviridae	Ophiovirus	Dactylorhiza hatagirea ophiovirus	not_found	DhOV	DhOV	known_virus	Orchis hatagirea	Higher Epidendroideae	Orchideae	Orchis	Terrestrial	SRR8863097	tuber	India	SRA
Aspiviridae	Ophiovirus	Dactylorhiza hatagirea ophiovirus	not_found	DhOV	DhOV	known_virus	Orchis hatagirea	Higher Epidendroideae	Orchideae	Orchis	Terrestrial	SRR8863098	leaf	India	SRA
Potyviridae	Potyvirus	Diuris virus Y	Potyvirus yidiuris	DiVY	DiVY	known_virus	Diuris orientis	Higher Epidendroideae	Diurideae	Diuris	Terrestial	AF203527	not_found	Australia	NCBI
Potyviridae	Potyvirus	Diuris virus Y	Potyvirus yidiuris	DiVY	DiVY	known_virus	Diuris orientis	Higher Epidendroideae	Diurideae	Diuris	Terrestial	NC_043147	not_found	Australia	NCBI
Kitaviridae	Blunervirus	Dendrobium officinale associated Blunervirus	not_found	DoaBV1	DoaBV1	new_species	Dendrobium officinale	Higher Epidendroideae	Podochileae	Dendrobium	Epiphyte	SRR21782702	flower	China	SRA
Alphaflexiviridae	Platypuvirus	Donkey orchid symptomless virus	Platypuvirus asinorchis	DOSV	DOSV	known_virus	Diuris longifolia	Higher Epidendroideae	Diurideae	Diuris	Terrestial	KC923234	not_found	Australia	NCBI
Alphaflexiviridae	Platypuvirus	Donkey orchid symptomless virus	Platypuvirus asinorchis	DOSV	DOSV	known_virus	Diuris longifolia	Higher Epidendroideae	Diurideae	Diuris	Terrestial	KC923235	not_found	Australia	NCBI
Alphaflexiviridae	Platypuvirus	Donkey orchid symptomless virus	Platypuvirus asinorchis	DOSV	DOSV	known_virus	Diuris longifolia	Higher Epidendroideae	Diurideae	Diuris	Terrestial	NC_022894	not_found	Australia	NCBI
Alphaflexiviridae	Platypuvirus	Donkey orchid symptomless virus	Platypuvirus asinorchis	DOSV	DOSV	known_virus	Drakaea elastica	Higher Epidendroideae	Diurideae	Drakaea	Terrestial	KP760463	not_found	Australia	NCBI
Potyviridae	Potyvirus	Donkey orchid virus A	Potyvirus adiuris	DOVA	DOVA	known_virus	Diuris corymbosa	Higher Epidendroideae	Diurideae	Diuris	Terrestial	JX156422	not_found	Australia	NCBI
Potyviridae	Potyvirus	Donkey orchid virus A	Potyvirus adiuris	DOVA	DOVA	known_virus	Diuris corymbosa	Higher Epidendroideae	Diurideae	Diuris	Terrestial	NC_021197	not_found	Australia	NCBI
Secoviridae	Cholivirus (?)	Dendrobium palpebrae cholivirus	not_found	DpCV	DpCV	known_virus	Dendrobium palpebrae	Higher Epidendroideae	Podochileae	Dendrobium	Epiphyte	SRR6127588	leaf	USA	SRA
Secoviridae	Sadwavirus	Dendrobium palpebrae cholivirus	not_found	DpCV	DpCV	known_virus	Dendrobium palpebrae	Higher Epidendroideae	Podochileae	Dendrobium	Epiphyte	BK065122	not_found	not_found	NCBI
Secoviridae	Sadwavirus	Dendrobium palpebrae cholivirus	not_found	DpCV	DpCV	known_virus	Dendrobium palpebrae	Higher Epidendroideae	Podochileae	Dendrobium	Epiphyte	BK065123	not_found	not_found	NCBI
Partitiviridae		Diuris pendunculata cryptic virus	Diuris pedunculata cryptic virus	DPCV	DPCV	known_virus	Diuris pedunculata	Higher Epidendroideae	Diurideae	Diuris	Terrestial	JX156424	not_found	Australia	NCBI
Partitiviridae		Diuris pendunculata cryptic virus	Diuris pedunculata cryptic virus	DPCV	DPCV	known_virus	Diuris pedunculata	Higher Epidendroideae	Diurideae	Diuris	Terrestial	JX891460	not_found	Australia	NCBI
Virgaviridae	Goravirus	Drakaea virus A	Goravirus drakeae	DrVA	DrVA	known_virus	Drakaea livida	Higher Epidendroideae	Diurideae	Drakaea	Terrestial	KP760461	not_found	Australia	NCBI
Virgaviridae	Goravirus	Drakaea virus A	Goravirus drakeae	DrVA	DrVA	known_virus	Drakaea livida	Higher Epidendroideae	Diurideae	Drakaea	Terrestial	KP760462	not_found	Australia	NCBI
Virgaviridae	Goravirus	Drakaea virus A	Goravirus drakeae	DrVA	DrVA	known_virus	Drakaea livida	Higher Epidendroideae	Diurideae	Drakaea	Terrestial	NC_043398	not_found	Australia	NCBI
Virgaviridae	Goravirus	Drakaea virus A	Goravirus drakeae	DrVA	DrVA	known_virus	Drakaea livida	Higher Epidendroideae	Diurideae	Drakaea	Terrestial	NC_043399	not_found	Australia	NCBI
Betaflexiviridae	Divavirus	Diuris virus A	Divavirus alphadiuris	DVA	DVA	known_virus	Dactylorhiza fuchsii	Higher Epidendroideae	Orchideae	Dactylorhiza	Terrestial	SRR17665594	leaf	Hungary	SRA
Betaflexiviridae	Divavirus	Diuris virus A	Divavirus alphadiuris	DVA	DVA	known_virus	Dactylorhiza fuchsii	Higher Epidendroideae	Orchideae	Dactylorhiza	Terrestial	SRR17665595	leaf	Hungary	SRA
Betaflexiviridae	Divavirus	Diuris virus A	Divavirus alphadiuris	DVA	DVA	known_virus	Dactylorhiza fuchsii	Higher Epidendroideae	Orchideae	Dactylorhiza	Terrestial	SRR17665621	leaf	Hungary	SRA
Betaflexiviridae	Divavirus	Diuris virus A	Divavirus alphadiuris	DVA	DVA	known_virus	Dactylorhiza majalis	Higher Epidendroideae	Orchideae	Dactylorhiza	Terrestial	SRR27827666	root	Poland	SRA
Betaflexiviridae	Divavirus	Diuris virus A	Divavirus alphadiuris	DVA	DVA	known_virus	Dactylorhiza majalis	Higher Epidendroideae	Orchideae	Dactylorhiza	Terrestial	SRR27827671	leaf	Poland	SRA
Betaflexiviridae	Divavirus	Diuris virus A	Divavirus alphadiuris	DVA	DVA	known_virus	Dactylorhiza fuchsii	Higher Epidendroideae	Orchideae	Dactylorhiza	Terrestial	SRR3330394	leaf	United_Kingdom	SRA
Betaflexiviridae	Divavirus	Diuris virus A	Divavirus alphadiuris	DVA	DVA	known_virus	Dactylorhiza fuchsii	Higher Epidendroideae	Orchideae	Dactylorhiza	Terrestial	SRR3330395	leaf	United_Kingdom	SRA
Betaflexiviridae	Divavirus	Diuris virus A	Divavirus alphadiuris	DVA	DVA	known_virus	Diuris pedunculata	Higher Epidendroideae	Diurideae	Diuris	Terrestial	JX173276	not_found	Australia	NCBI
Betaflexiviridae	Divavirus	Diuris virus A	Divavirus alphadiuris	DVA	DVA	known_virus	Diuris pedunculata	Higher Epidendroideae	Diurideae	Diuris	Terrestial	NC_019029	not_found	Australia	NCBI
Betaflexiviridae	Divavirus	Diuris virus A-like	not_found	DVAL	DVAL	new_species	Gymnadenia orchidis	Higher Epidendroideae	Orchideae	Gymnadenia	Terrestrial	SRR22671435	leaf	China	SRA
Betaflexiviridae	Divavirus	Diuris virus A-like	not_found	DVAL	DVAL	new_species	Orchis militaris	Higher Epidendroideae	Orchideae	Orchis	Terrestrial	SRR27827643	root	Poland	SRA
Betaflexiviridae	Divavirus	Diuris virus B	Divavirus betadiuris	DVB	DVB	known_virus	Diuris pedunculata	Higher Epidendroideae	Diurideae	Diuris	Terrestial	JX173277	not_found	Australia	NCBI
Betaflexiviridae	Divavirus	Diuris virus B	Divavirus betadiuris	DVB	DVB	known_virus	Diuris pedunculata	Higher Epidendroideae	Diurideae	Diuris	Terrestial	NC_019030	not_found	Australia	NCBI
Pospiviroidae	Apscaviroid	Dendrobium viroid	Apscaviroid dendrobii	DVd	DVd	known_virus	Dendrobium nobile	Higher Epidendroideae	Podochileae	Dendrobium	Epiphyte	MT013216	not_found	China	NCBI
Pospiviroidae	Apscaviroid	Dendrobium viroid	Apscaviroid dendrobii	DVd	DVd	known_virus	Dendrobium nobile	Higher Epidendroideae	Podochileae	Dendrobium	Epiphyte	MT013217	not_found	China	NCBI
Pospiviroidae	Apscaviroid	Dendrobium viroid	Apscaviroid dendrobii	DVd	DVd	known_virus	Dendrobium nobile	Higher Epidendroideae	Podochileae	Dendrobium	Epiphyte	MT013218	not_found	China	NCBI
Pospiviroidae	Apscaviroid	Dendrobium viroid	Apscaviroid dendrobii	DVd	DVd	known_virus	Dendrobium nobile	Higher Epidendroideae	Podochileae	Dendrobium	Epiphyte	MT013219	not_found	China	NCBI
Pospiviroidae	Apscaviroid	Dendrobium viroid	Apscaviroid dendrobii	DVd	DVd	known_virus	Dendrobium nobile	Higher Epidendroideae	Podochileae	Dendrobium	Epiphyte	MT013220	not_found	China	NCBI
Pospiviroidae	Apscaviroid	Dendrobium viroid	Apscaviroid dendrobii	DVd	DVd	known_virus	Dendrobium phalaenopsis	Higher Epidendroideae	Podochileae	Dendrobium	Epiphyte	MT013221	not_found	China	NCBI
Pospiviroidae	Apscaviroid	Dendrobium viroid	Apscaviroid dendrobii	DVd	DVd	known_virus	Dendrobium phalaenopsis	Higher Epidendroideae	Podochileae	Dendrobium	Epiphyte	MT013222	not_found	China	NCBI
Pospiviroidae	Apscaviroid	Dendrobium viroid	Apscaviroid dendrobii	DVd	DVd	known_virus	Dendrobium phalaenopsis	Higher Epidendroideae	Podochileae	Dendrobium	Epiphyte	MT013223	not_found	China	NCBI
Pospiviroidae	Apscaviroid	Dendrobium viroid	Apscaviroid dendrobii	DVd	DVd	known_virus	Dendrobium phalaenopsis	Higher Epidendroideae	Podochileae	Dendrobium	Epiphyte	MT013224	not_found	China	NCBI
Pospiviroidae	Apscaviroid	Dendrobium viroid	Apscaviroid dendrobii	DVd	DVd	known_virus	Dendrobium phalaenopsis	Higher Epidendroideae	Podochileae	Dendrobium	Epiphyte	MT013225	not_found	China	NCBI
Pospiviroidae	Apscaviroid	Dendrobium viroid	Apscaviroid dendrobii	DVd	DVd	known_virus	Dendrobium phalaenopsis	Higher Epidendroideae	Podochileae	Dendrobium	Epiphyte	MT013226	not_found	China	NCBI
Pospiviroidae	Apscaviroid	Dendrobium viroid	Apscaviroid dendrobii	DVd	DVd	known_virus	Dendrobium officinale	Higher Epidendroideae	Podochileae	Dendrobium	Epiphyte	MT013227	not_found	China	NCBI
Pospiviroidae	Apscaviroid	Dendrobium viroid	Apscaviroid dendrobii	DVd	DVd	known_virus	Dendrobium officinale	Higher Epidendroideae	Podochileae	Dendrobium	Epiphyte	MT013228	not_found	China	NCBI
Pospiviroidae	Apscaviroid	Dendrobium viroid	Apscaviroid dendrobii	DVd	DVd	known_virus	Dendrobium officinale	Higher Epidendroideae	Podochileae	Dendrobium	Epiphyte	MT013229	not_found	China	NCBI
Pospiviroidae	Apscaviroid	Dendrobium viroid	Apscaviroid dendrobii	DVd	DVd	known_virus	Dendrobium officinale	Higher Epidendroideae	Podochileae	Dendrobium	Epiphyte	MT013230	not_found	China	NCBI
Pospiviroidae	Apscaviroid	Dendrobium viroid	Apscaviroid dendrobii	DVd	DVd	known_virus	Dendrobium officinale	Higher Epidendroideae	Podochileae	Dendrobium	Epiphyte	MT013231	not_found	China	NCBI
Pospiviroidae	Apscaviroid	Dendrobium viroid	Apscaviroid dendrobii	DVd	DVd	known_virus	Dendrobium officinale	Higher Epidendroideae	Podochileae	Dendrobium	Epiphyte	MT013232	not_found	China	NCBI
Pospiviroidae	Apscaviroid	Dendrobium viroid	Apscaviroid dendrobii	DVd	DVd	known_virus	Dendrobium nobile	Higher Epidendroideae	Podochileae	Dendrobium	Epiphyte	NC_076868	not_found	China	NCBI
Solemoviridae	Polerovirus	Dendrobium williamsonii-associated polerovirus 1	not_found	DwaPV1	DwaPV1	new_species	Dendrobium williamsonii	Higher Epidendroideae	Podochileae	Dendrobium	Epiphyte	SRR10295919	stem	China	SRA
Solemoviridae	Polerovirus	Dendrobium williamsonii-associated polerovirus 1	not_found	DwaPV1	DwaPV1	new_species	Dendrobium williamsonii	Higher Epidendroideae	Podochileae	Dendrobium	Epiphyte	SRR10295920	stem	China	SRA
Betaflexiviridae	Divavirus	Epipactis associated divavirus	not_found	EaDV	EaDV	new_species	Epipactis atrorubens	Higher Epidendroideae	Neottieae	Epipactis	Terrestial	SRR27827662	root	Poland	SRA
Phenuiviridae	Rudovirus_like 1			EaPhV1	EaPhV1	new_species	Erycina crista-galli	Higher Epidendroideae	Cymbidieae	Erycina	Epiphyte	SRR7649992	leaf	Panama	SRA
Phenuiviridae	Rudovirus_like 1			EaPhV1	EaPhV1	new_species	Erycina crista-galli	Higher Epidendroideae	Cymbidieae	Erycina	Epiphyte	SRR7649994	leaf	Panama	SRA
Phenuiviridae	Rudovirus_like 1			EaPhV1	EaPhV1	new_species	Erycina crista-galli	Higher Epidendroideae	Cymbidieae	Erycina	Epiphyte	SRR7649996	leaf	Panama	SRA
Phenuiviridae	Rudovirus_like 1			EaPhV1	EaPhV1	new_species	Erycina crista-galli	Higher Epidendroideae	Cymbidieae	Erycina	Epiphyte	SRR7649998	leaf	Panama	SRA
Phenuiviridae	Rudovirus_like 1			EaPhV1	EaPhV1	new_species	Erycina crista-galli	Higher Epidendroideae	Cymbidieae	Erycina	Epiphyte	SRR7650032	leaf	Panama	SRA
Phenuiviridae	Rudovirus_like 1			EaPhV1	EaPhV1	new_species	Erycina crista-galli	Higher Epidendroideae	Cymbidieae	Erycina	Epiphyte	SRR7650034	leaf	Panama	SRA
Phenuiviridae	Rudovirus_like 1			EaPhV1	EaPhV1	new_species	Erycina crista-galli	Higher Epidendroideae	Cymbidieae	Erycina	Epiphyte	SRR7650035	leaf	Panama	SRA
Phenuiviridae	Rudovirus_like 1			EaPhV1	EaPhV1	new_species	Erycina crista-galli	Higher Epidendroideae	Cymbidieae	Erycina	Epiphyte	SRR7650053	leaf	Panama	SRA
Phenuiviridae	Rudovirus_like 1			EaPhV1	EaPhV1	new_species	Erycina crista-galli	Higher Epidendroideae	Cymbidieae	Erycina	Epiphyte	SRR7650056	leaf	Panama	SRA
Potyviridae	Potyvirus	East Asian Passiflora virus	Potyvirus orionspassiflorae	EAPV	EAPV	known_virus	Paphiopedilum concolor x Paphiopedilum hirsutissimum	Higher Epidendroideae	Cypripedium	Paphiopedilum	Terrestial	SRR16573718	leaf	China	SRA
Benyviridae	Benyivirus-like	epipactis helleborine associated beny-like virus	not_found	EhaBLV1	EhaBLV1	new_species	Epipactis helleborine	Higher Epidendroideae	Neottieae	Epipactis	Terrestial	SRR27827651	root	Poland	SRA
Benyviridae	Benyivirus-like	epipactis helleborine associated beny-like virus	not_found	EhaBLV1	EhaBLV1	new_species	Epipactis helleborine	Higher Epidendroideae	Neottieae	Epipactis	Terrestial	SRR27827654	root	Poland	SRA
Benyviridae	Benyivirus-like	epipactis helleborine associated beny-like virus	not_found	EhaBLV1	EhaBLV1	new_species	Epipactis helleborine	Higher Epidendroideae	Neottieae	Epipactis	Terrestial	SRR27827655	root	Poland	SRA
Benyviridae	Benyivirus-like	epipactis helleborine associated beny-like virus	not_found	EhaBLV1	EhaBLV1	new_species	Epipactis helleborine	Higher Epidendroideae	Neottieae	Epipactis	Terrestial	SRR27827664	leaf	Poland	SRA
Benyviridae	Benyivirus-like	epipactis helleborine associated beny-like virus	not_found	EhaBLV1	EhaBLV1	new_species	Epipactis helleborine	Higher Epidendroideae	Neottieae	Epipactis	Terrestial	SRR7030601	leaf	France	SRA
Benyviridae	Benyivirus-like	epipactis helleborine associated beny-like virus	not_found	EhaBLV1	EhaBLV1	new_species	Epipactis helleborine	Higher Epidendroideae	Neottieae	Epipactis	Terrestial	SRR7030602	leaf	France	SRA
Benyviridae	Benyivirus-like	epipactis helleborine associated beny-like virus	not_found	EhaBLV1	EhaBLV1	new_species	Epipactis helleborine	Higher Epidendroideae	Neottieae	Epipactis	Terrestial	SRR7030607	leaf	Luxembourg	SRA
Betaflexiviridae	Citrivirus-like	Epipactis_helleborine associated betaflexivirus	not_found	EhaBV	EhaBV	new_species	Epipactis helleborine	Higher Epidendroideae	Neottieae	Epipactis	Terrestial	SRR27827651	root	Poland	SRA
Betaflexiviridae	Citrivirus-like	Epipactis_helleborine associated betaflexivirus	not_found	EhaBV	EhaBV	new_species	Epipactis helleborine	Higher Epidendroideae	Neottieae	Epipactis	Terrestial	SRR27827654	root	Poland	SRA
Betaflexiviridae	Citrivirus-like	Epipactis_helleborine associated betaflexivirus	not_found	EhaBV	EhaBV	new_species	Epipactis helleborine	Higher Epidendroideae	Neottieae	Epipactis	Terrestial	SRR27827655	root	Poland	SRA
Betaflexiviridae	Citrivirus-like	Epipactis_helleborine associated betaflexivirus	not_found	EhaBV	EhaBV	new_species	Epipactis helleborine	Higher Epidendroideae	Neottieae	Epipactis	Terrestial	SRR7030597	leaf	France	SRA
Betaflexiviridae	Citrivirus-like	Epipactis_helleborine associated betaflexivirus	not_found	EhaBV	EhaBV	new_species	Epipactis helleborine	Higher Epidendroideae	Neottieae	Epipactis	Terrestial	SRR7030607	leaf	Luxembourg	SRA
Tymoviridae	Tymo-like 1	Epidendrum puniceoluteum-associated tymo-like virus	not_found	EpaTLV	EpaTLV	new_species	Epidendrum puniceoluteum	Higher Epidendroideae	Epidendreae	Epidendrum	Terrestrial	SRR13069831	root	Brazil	SRA
Tymoviridae	Tymo-like 1	Epidendrum puniceoluteum-associated tymo-like virus	not_found	EpaTLV	EpaTLV	new_species	Epidendrum puniceoluteum	Higher Epidendroideae	Epidendreae	Epidendrum	Terrestrial	SRR13069833	root	Brazil	SRA
Tymoviridae	Tymo-like 1	Epidendrum puniceoluteum-associated tymo-like virus	not_found	EpaTLV	EpaTLV	new_species	Epidendrum puniceoluteum	Higher Epidendroideae	Epidendreae	Epidendrum	Terrestrial	SRR13069835	root	Brazil	SRA
Tymoviridae	Tymo-like 1	Epidendrum puniceoluteum-associated tymo-like virus	not_found	EpaTLV	EpaTLV	new_species	Epidendrum puniceoluteum	Higher Epidendroideae	Epidendreae	Epidendrum	Terrestrial	SRR13069853	not_found	not_found	SRA
Endornaviridae	Alphaendornavirus	Epipactis purpurata-associated alphendornavirus 1	not_found	EpEDV1	EpEDV1	new_species	Epipactis purpurata	Higher Epidendroideae	Neottieae	Epipactis	Terrestial	SRR7030606	leaf	France	SRA
Endornaviridae	Alphaendornavirus	Epipactis purpurata-associated alphendornavirus 1	not_found	EpEDV1	EpEDV1	new_species	Epipactis purpurata	Higher Epidendroideae	Neottieae	Epipactis	Terrestial	SRR7030609	leaf	France	SRA
Endornaviridae	Alphaendornavirus	Epipactis purpurata-associated alphendornavirus 2	not_found	EpEDV2	EpEDV2	new_species	Epipactis purpurata	Higher Epidendroideae	Neottieae	Epipactis	Terrestial	SRR7030609	leaf	France	SRA
Partitiviridae	Deltapartitivirus			EpidDPV1	EpidDPV1	new_species	Epidendrum fulgens x Epidendrum puniceoluteum	Higher Epidendroideae	Epidendreae	Epidendrum	Terrestrial	SRR13069835	root	Brazil	SRA
Partitiviridae	Deltapartitivirus			EpipDPV1	EpipDPV1	new_species	Epipactis helleborine	Higher Epidendroideae	Neottieae	Epipactis	Terrestial	SRR7030597	leaf	France	SRA
Partitiviridae	Deltapartitivirus			EpipDPV2	EpipDPV2	new_species	Epipactis purpurata	Higher Epidendroideae	Neottieae	Epipactis	Terrestial	SRR7030605	leaf	France	SRA
Partitiviridae	Deltapartitivirus			EpipDPV2	EpipDPV2	new_species	Epipactis helleborine	Higher Epidendroideae	Neottieae	Epipactis	Terrestial	SRR7030607	leaf	Luxembourg	SRA
Partitiviridae	Deltapartitivirus			EpipDPV2	EpipDPV2	new_species	Epipactis purpurata	Higher Epidendroideae	Neottieae	Epipactis	Terrestial	SRR7030609	leaf	France	SRA
Partitiviridae	Deltapartitivirus			EpipDPV3	EpipDPV3	new_species	Epipactis purpurata	Higher Epidendroideae	Neottieae	Epipactis	Terrestial	SRR7030609	leaf	France	SRA
Partitiviridae	Deltapartitivirus			EpipDPV4	EpipDPV4	new_species	Epipactis purpurata	Higher Epidendroideae	Neottieae	Epipactis	Terrestial	SRR7030605	leaf	France	SRA
Partitiviridae	Deltapartitivirus			EpipDPV4	EpipDPV4	new_species	Epipactis purpurata	Higher Epidendroideae	Neottieae	Epipactis	Terrestial	SRR7030609	leaf	France	SRA
Partitiviridae	Deltapartitivirus			EpipDPV5	EpipDPV5	new_species	Epipactis helleborine	Higher Epidendroideae	Neottieae	Epipactis	Terrestial	SRR7030601	leaf	France	SRA
Partitiviridae	Deltapartitivirus			EpipDPV5	EpipDPV5	new_species	Epipactis helleborine	Higher Epidendroideae	Neottieae	Epipactis	Terrestial	SRR7030602	leaf	France	SRA
Partitiviridae	Deltapartitivirus			EpipDPV5	EpipDPV5	new_species	Epipactis helleborine	Higher Epidendroideae	Neottieae	Epipactis	Terrestial	SRR7030607	leaf	Luxembourg	SRA
Partitiviridae	Deltapartitivirus			EpipDPV5	EpipDPV5	new_species	Epipactis purpurata	Higher Epidendroideae	Neottieae	Epipactis	Terrestial	SRR7030609	leaf	France	SRA
Rhabdoviridae	gammacytorhabdovirus	Epipactis gammacytorhabdovirus 1	not_found	EpipGCV1	EpipGCV1	known_virus	Epipactis atrorubens	Higher Epidendroideae	Neottieae	Epipactis	Terrestial	SRR27827662	root	Poland	SRA
Amalgaviridae	Amalgavirus	Epipogium roseum amalgavirus 1	Epipogium roseum amalgavirus 1	ErAV1	ErAV1	known_virus	Epipogium roseum	Higher Epidendroideae	Epipogieae	Epipogium	Terrestial	BK062286	not_found	not_found	NCBI
Partitiviridae	Deltapartitivirus			ErycDPV1	ErycDPV1	new_species	Erycina crista-galli	Higher Epidendroideae	Cymbidieae	Erycina	Epiphyte	SRR7649989	leaf	Panama	SRA
Partitiviridae	Deltapartitivirus			ErycDPV1	ErycDPV1	new_species	Erycina crista-galli	Higher Epidendroideae	Cymbidieae	Erycina	Epiphyte	SRR7649993	leaf	Panama	SRA
Partitiviridae	Deltapartitivirus			ErycDPV1	ErycDPV1	new_species	Erycina crista-galli	Higher Epidendroideae	Cymbidieae	Erycina	Epiphyte	SRR7649993	leaf	Panama	SRA
Partitiviridae	Deltapartitivirus			ErycDPV1	ErycDPV1	new_species	Erycina crista-galli	Higher Epidendroideae	Cymbidieae	Erycina	Epiphyte	SRR7649997	leaf	Panama	SRA
Partitiviridae	Deltapartitivirus			ErycDPV1	ErycDPV1	new_species	Erycina crista-galli	Higher Epidendroideae	Cymbidieae	Erycina	Epiphyte	SRR7649997	leaf	Panama	SRA
Partitiviridae	Deltapartitivirus			ErycDPV1	ErycDPV1	new_species	Erycina crista-galli	Higher Epidendroideae	Cymbidieae	Erycina	Epiphyte	SRR7650031	leaf	Panama	SRA
Partitiviridae	Deltapartitivirus			ErycDPV1	ErycDPV1	new_species	Erycina crista-galli	Higher Epidendroideae	Cymbidieae	Erycina	Epiphyte	SRR7650031	leaf	Panama	SRA
Partitiviridae	Deltapartitivirus			ErycDPV2	ErycDPV2	new_species	Erycina pusilla	Higher Epidendroideae	Cymbidieae	Erycina	Epiphyte	SRR1913867	leaf	Taiwan	SRA
Partitiviridae	Deltapartitivirus			ErycDPV2	ErycDPV2	new_species	Erycina pusilla	Higher Epidendroideae	Cymbidieae	Erycina	Epiphyte	SRR4696539	flower	Taiwan	SRA
Partitiviridae	Deltapartitivirus			ErycDPV2	ErycDPV2	new_species	Erycina pusilla	Higher Epidendroideae	Cymbidieae	Erycina	Epiphyte	SRR4996610	protocorm	Taiwan	SRA
Partitiviridae	Deltapartitivirus			ErycDPV2	ErycDPV2	new_species	Erycina pusilla	Higher Epidendroideae	Cymbidieae	Erycina	Epiphyte	SRR5012150	fruit	Taiwan	SRA
Partitiviridae	Deltapartitivirus			ErycDPV2	ErycDPV2	new_species	Erycina pusilla	Higher Epidendroideae	Cymbidieae	Erycina	Epiphyte	SRR5012152	pedicel	Taiwan	SRA
Potyviridae	Potyvirus	Freesia mosaic virus	Potyvirus freesiae	FreMV	FreMV	known_virus	Spiranthes cernua	Orchidoideae	Cranichideae	Spiranthes	Terrestrial	AY685219	not_found	not_found	NCBI
Partitiviridae	Deltapartitivirus			GalDPV1	GalDPV1	new_species	Galeola faberi	Higher Epidendroideae	Vanilleae	Galeola	Terrestrial	SRR5722169	flower	China	SRA
Aspiviridae	Ophiovirus	Gymnadenia ophiovirus_den	not_found	GaOV1	GymOV_den	known_virus	Gymnadenia x densiflora	Higher Epidendroideae	Orchideae	Gymnadenia	Terrestial	SRR8175718	flower	Switzerland	SRA
Aspiviridae	Ophiovirus	Gymnadenia ophiovirus_odo	not_found	GaOV1	GymOV_odo	known_virus	Gymnadenia odoratissima	Higher Epidendroideae	Orchideae	Gymnadenia	Terrestrial	SRR8175672	flower	Switzerland	SRA
Betaflexiviridae	Divavirus-like	Gymnadenia betaflexivirus 1	not_found	GBFV1	GBFV1	known_virus	Gymnadenia rhellicani	Higher Epidendroideae	Orchideae	Gymnadenia	Terrestial	MW328732	not_found	not_found	NCBI
Betaflexiviridae	Divavirus-like	Gymnadenia_betaflexivirus_1	not_found	GBFV1	GBFV1	known_virus	Gymnadenia rhellicani	Higher Epidendroideae	Orchideae	Gymnadenia	Terrestial	SRR8175674	flower	Switzerland	SRA
Tospoviridae	Orthotospovirus	Groundnut bud necrosis virus	Orthotospovirus arachinecrosis	GBNV	GBNV	known_virus	Phalaenopsis amabilis	Higher Epidendroideae	Vandeae	Phalaenopsis	Epiphyte	KY794416	not_found	India	NCBI
Tospoviridae	Orthotospovirus	Orthotospovirus arachinecrosis	Orthotospovirus arachinecrosis	GBNV	GBNV	known_virus	Phaius	Higher Epidendroideae	Arethuseae	Phaius	Terrestrial	MT770922	leaf	India	NCBI
Tospoviridae	Orthotospovirus	Orthotospovirus arachinecrosis	Orthotospovirus arachinecrosis	GBNV	GBNV	known_virus	Phalaenopsis pulcherrima	Higher Epidendroideae	Vandeae	Phalaenopsis	Epiphyte	MT219977	leaf	India	NCBI
Virgaviridae	Tobravirus	Gatrodia elata associated tobravirus	not_found	GEaTBV1	GEaTBV1	new_species	Gastrodia elata	Higher Epidendroideae	Gastrodieae	Gastrodia	Terrestrial	SRR13334631	stem	China	SRA
Virgaviridae	Tobravirus	Gatrodia elata associated tobravirus	not_found	GEaTBV1	GEaTBV1	new_species	Gastrodia elata	Higher Epidendroideae	Gastrodieae	Gastrodia	Terrestrial	SRR13334637	flower	China	SRA
Secoviridae	Fabavirus	Grapevine fabavirus	Fabavirus vitis	GFabV	GFabV	known_virus	Paphiopedilum concolor x Paphiopedilum hirsutissimum	Higher Epidendroideae	Cypripedium	Paphiopedilum	Terrestial	SRR15793048	leaf	China	SRA
Secoviridae	Fabavirus	Grapevine fabavirus	Fabavirus vitis	GFabV	GFabV	known_virus	Paphiopedilum concolor x Paphiopedilum hirsutissimum	Higher Epidendroideae	Cypripedium	Paphiopedilum	Terrestial	SRR15793056	leaf	China	SRA
Secoviridae	Fabavirus	Grapevine fabavirus	Fabavirus vitis	GFabV	GFabV	known_virus	Paphiopedilum concolor x Paphiopedilum hirsutissimum	Higher Epidendroideae	Cypripedium	Paphiopedilum	Terrestial	SRR15793081	leaf	China	SRA
Secoviridae	Fabavirus	Grapevine fabavirus	Fabavirus vitis	GFabV	GFabV	known_virus	Paphiopedilum concolor x Paphiopedilum hirsutissimum	Higher Epidendroideae	Cypripedium	Paphiopedilum	Terrestial	SRR15801649	leaf	China	SRA
Partitiviridae	Deltapartitivirus			GlossDPV1	GlossDPV1	new_species	Glossodia major	Higher Epidendroideae	Diurideae	Glossodia	Terrestrial	SRR26799544	leaf	Australia	SRA
Partitiviridae	Deltapartitivirus			GoodDPV1	GoodDPV1	new_species	Goodyera fumata	Higher Epidendroideae	Cranichideae	Goodyera	Terrestrial	SRR1867375	leaf	Taiwan	SRA
Benyviridae	Benyivirus-like	gymnadenia rhellicani associated beny-like virus	not_found	GraBLV1	GraBLV1	new_species	Gymnadenia rhellicani	Higher Epidendroideae	Orchideae	Gymnadenia	Terrestial	SRR8175675	flower	Italy	SRA
Virgaviridae	Hordeivirus	Gymnadenia_rhellicani associated hordeivirus	not_found	GraHV1	GraHV1	new_species	Gymnadenia rhellicani	Higher Epidendroideae	Orchideae	Gymnadenia	Terrestial	SRR8175633	flower	Switzerland	SRA
Amalgaviridae	Amalgavirus	Gymnadenia rhellicani amalgavirus 1	Gymnadenia rhellicani amalgavirus 1	GrAV1	GrAV1	known_virus	Gymnadenia rhellicani	Higher Epidendroideae	Orchideae	Gymnadenia	Terrestial	BK062291	not_found	not_found	NCBI
Amalgaviridae	Amalgavirus	Gymnadenia amalgavirus 1	Gymnadenia amalgavirus 1	GyAV1	GyAV1	known_virus	Gymnadenia rhellicani	Higher Epidendroideae	Orchideae	Gymnadenia	Terrestial	MZ042632	not_found	Italy	NCBI
Amalgaviridae	Amalgavirus	Gymnadenia amalgavirus 1	Gymnadenia amalgavirus 1	GyAV1	GyAV1	known_virus	Gymnadenia conopsea	Higher Epidendroideae	Orchideae	Gymnadenia	Terrestial	OK422865	not_found	Switzerland	NCBI
Amalgaviridae	Amalgavirus	Gymnadenia amalgavirus 2	Gymnadenia amalgavirus 2	GyAV2	GyAV2	known_virus	Gymnadenia rhellicani	Higher Epidendroideae	Orchideae	Gymnadenia	Terrestial	MZ042631	not_found	Italy	NCBI
Rhabdoviridae	Cytorhabdovirus	Gymnadenia densiflora virus 1	Cytorhabdovirus orchidaceae	GymDenV1	GymDenV1	known_virus	Gymnadenia x densiflora	Higher Epidendroideae	Orchideae	Gymnadenia	Terrestial	NC_076978	not_found	not_found	NCBI
Rhabdoviridae	Cytorhabdovirus	Gymnadenia x densiflora virus 1	Cytorhabdovirus orchidaceae	GymDenV1	GymDenV1	known_virus	Gymnadenia x densiflora	Higher Epidendroideae	Orchideae	Gymnadenia	Terrestial	BK014305	not_found	not_found	NCBI
Rhabdoviridae	Cytorhabdovirus	Gymnadenia densiflora virus 1	Cytorhabdovirus orchidaceae	GymDV1	GymDenV1	known_virus	Gymnadenia x densiflora	Higher Epidendroideae	Orchideae	Gymnadenia	Terrestial	SRR8175725	flower	Switzerland	SRA
Partitiviridae	Deltapartitivirus			GymnDPV1	GymnDPV1	new_species	Gymnadenia rhellicani	Higher Epidendroideae	Orchideae	Gymnadenia	Terrestial	SRR8175673	flower	Switzerland	SRA
Partitiviridae	Deltapartitivirus			GymnDPV2	GymnDPV2	new_species	Gymnadenia x densiflora	Higher Epidendroideae	Orchideae	Gymnadenia	Terrestial	SRR8175718	flower	Switzerland	SRA
Partitiviridae	Deltapartitivirus			GymnDPV2	GymnDPV2	new_species	Gymnadenia x densiflora	Higher Epidendroideae	Orchideae	Gymnadenia	Terrestial	SRR8175725	flower	Switzerland	SRA
Partitiviridae	Deltapartitivirus			GymnDPV3	GymnDPV3	new_species	Gymnadenia orchidis	Higher Epidendroideae	Orchideae	Gymnadenia	not_found	SRR22671435	leaf	China	SRA
Partitiviridae	Deltapartitivirus			GymnDPV4	GymnDPV4	new_species	Gymnadenia x densiflora	Higher Epidendroideae	Orchideae	Gymnadenia	Terrestial	SRR8175725	flower	Switzerland	SRA
Partitiviridae	Deltapartitivirus			GymnDPV5	GymnDPV5	new_species	Gymnadenia rhellicani	Higher Epidendroideae	Orchideae	Gymnadenia	Terrestial	SRR8175671	flower	Italy	SRA
Partitiviridae	Deltapartitivirus			GymnDPV5	GymnDPV5	new_species	Gymnadenia rhellicani	Higher Epidendroideae	Orchideae	Gymnadenia	Terrestial	SRR8175673	flower	Switzerland	SRA
Partitiviridae	Deltapartitivirus			GymnDPV5	GymnDPV5	new_species	Gymnadenia rhellicani	Higher Epidendroideae	Orchideae	Gymnadenia	Terrestial	SRR8175719	flower	Switzerland	SRA
Partitiviridae	Deltapartitivirus			GymnDPV6	GymnDPV6	new_species	Gymnadenia orchidis	Higher Epidendroideae	Orchideae	Gymnadenia	not_found	SRR22671435	leaf	China	SRA
Partitiviridae	Deltapartitivirus			GymnDPV7	GymnDPV7	new_species	Gymnadenia rhellicani	Higher Epidendroideae	Orchideae	Gymnadenia	Terrestial	SRR8175671	flower	Italy	SRA
Partitiviridae	Deltapartitivirus			GymnDPV7	GymnDPV7	new_species	Gymnadenia rhellicani	Higher Epidendroideae	Orchideae	Gymnadenia	Terrestial	SRR8175673	flower	Switzerland	SRA
Partitiviridae	Deltapartitivirus			GymnDPV7	GymnDPV7	new_species	Gymnadenia rhellicani	Higher Epidendroideae	Orchideae	Gymnadenia	Terrestial	SRR8175674	flower	Switzerland	SRA
Partitiviridae	Deltapartitivirus			GymnDPV7	GymnDPV7	new_species	Gymnadenia rhellicani	Higher Epidendroideae	Orchideae	Gymnadenia	Terrestial	SRR8175675	flower	Italy	SRA
Partitiviridae	Deltapartitivirus			HabDPV1	HabDPV1	new_species	Habenaria delavayi	Higher Epidendroideae	Orchideae	Habenaria	Terrestial	SRR5722143	leaf	China	SRA
Partitiviridae	Deltapartitivirus			HabDPV2	HabDPV2	new_species	Habenaria pantlingiana	Higher Epidendroideae	Orchideae	Habenaria	Terrestial	SRR1867575	leaf	Taiwan	SRA
Potyviridae	Potyvirus	Habenaria mosaic virus	Potyvirus habenariae	HaMV	HaMV	known_virus	Habenaria radiata	Higher Epidendroideae	Orchideae	Habenaria	Terrestial	AB818538	not_found	Japan	NCBI
Potyviridae	Potyvirus	Habenaria mosaic virus	Potyvirus habenariae	HaMV	HaMV	known_virus	Habenaria radiata	Higher Epidendroideae	Orchideae	Habenaria	Terrestial	NC_021786	not_found	Japan	NCBI
Endornaviridae	Alphaendornavirus	Habenaria_delavayi-associated alphendornavirus 1	not_found	HdEDV1	HdEDV1	new_species	Habenaria delavayi	Higher Epidendroideae	Orchideae	Habenaria	Terrestial	SRR5722143	leaf	China	SRA
Secoviridae	Nepovirus	Habenaria delavayi nepovirus	Habenaria delavayi nepovirus	HdNV	HdNV	known_virus	Habenaria delavayi	Higher Epidendroideae	Orchideae	Habenaria	Terrestial	BK065082	not_found	not_found	NCBI
Secoviridae	Nepovirus	Habenaria delavayi nepovirus	Habenaria delavayi nepovirus	HdNV	HdNV	known_virus	Habenaria delavayi	Higher Epidendroideae	Orchideae	Habenaria	Terrestial	BK065083	not_found	not_found	NCBI
Partitiviridae	Deltapartitivirus			HemDPV1	HemDPV1	new_species	Hemipilia forrestii	Higher Epidendroideae	Orchideae	Hemipilia	Terrestial	SRR5722142	flower	China	SRA
Partitiviridae	Deltapartitivirus			HemDPV2	HemDPV2	new_species	Hemipilia forrestii	Higher Epidendroideae	Orchideae	Hemipilia	Terrestial	SRR5722142	flower	China	SRA
Partitiviridae	Deltapartitivirus			HemDPV4	HemDPV4	new_species	Hemipilia forrestii	Higher Epidendroideae	Orchideae	Hemipilia	Terrestial	SRR5722142	flower	China	SRA
Partitiviridae	Deltapartitivirus			HemDPV5	HemDPV5	new_species	Hemipilia forrestii	Higher Epidendroideae	Orchideae	Hemipilia	Terrestial	SRR5722142	flower	China	SRA
Partitiviridae	Deltapartitivirus			HemDPV6	HemDPV6	new_species	Hemipilia forrestii	Higher Epidendroideae	Orchideae	Hemipilia	Terrestial	SRR5722142	flower	China	SRA
Benyviridae	Benyivirus-like	hemipilia forrestii associated beny-like virus	not_found	HfaBLV1	HfaBLV1	new_species	Hemipilia forrestii	Higher Epidendroideae	Orchideae	Hemipilia	Terrestial	SRR5722142	flower	China	SRA
Tospoviridae	Orthotospovirus	Impatiens necrotic spot virus	Orthotospovirus impatiensnecromaculae	INSV	INSV	known_virus	Dendrobium sp	Higher Epidendroideae	Podochileae	Dendrobium	Epiphyte	FN400773	not_found	China	NCBI
Tospoviridae	Orthotospovirus	Impatiens necrotic spot virus	Orthotospovirus impatiensnecromaculae	INSV	INSV	known_virus	Dendrobium sp	Higher Epidendroideae	Podochileae	Dendrobium	Epiphyte	FN400774	not_found	China	NCBI
Tospoviridae	Orthotospovirus	Impatiens necrotic spot virus	Orthotospovirus impatiensnecromaculae	INSV	INSV	known_virus	Dendrobium sp	Higher Epidendroideae	Podochileae	Dendrobium	Epiphyte	GU289905	not_found	China	NCBI
Tospoviridae	Orthotospovirus	Impatiens necrotic spot virus	Orthotospovirus impatiensnecromaculae	INSV	INSV	known_virus	Orchidaceae	Higher Epidendroideae	not_found	not_found	not_found	KF926828	not_found	USA	NCBI
Tospoviridae	Orthotospovirus	Impatiens necrotic spot virus	Orthotospovirus impatiensnecromaculae	INSV	INSV	known_virus	Oncidium sp	Higher Epidendroideae	Cymbidieae	Oncidium	Epiphyte	EU683751	not_found	China	NCBI
Tospoviridae	Orthotospovirus	Impatiens necrotic spot virus	Orthotospovirus impatiensnecromaculae	INSV	INSV	known_virus	Oncidium sp	Higher Epidendroideae	Cymbidieae	Oncidium	Epiphyte	FN400772	not_found	China	NCBI
Tospoviridae	Orthotospovirus	Impatiens necrotic spot virus	Orthotospovirus impatiensnecromaculae	INSV	INSV	known_virus	Phalaenopsis amabilis	Higher Epidendroideae	Vandeae	Phalaenopsis	Epiphyte	GQ336989	not_found	China	NCBI
Tospoviridae	Orthotospovirus	Impatiens necrotic spot virus	Orthotospovirus impatiensnecromaculae	INSV	INSV	known_virus	Phalaenopsis amabilis	Higher Epidendroideae	Vandeae	Phalaenopsis	Epiphyte	GQ336990	not_found	China	NCBI
Tospoviridae	Orthotospovirus	Impatiens necrotic spot virus	Orthotospovirus impatiensnecromaculae	INSV	INSV	known_virus	Phalaenopsis amabilis	Higher Epidendroideae	Vandeae	Phalaenopsis	Epiphyte	GQ336991	not_found	China	NCBI
Tospoviridae	Orthotospovirus	Impatiens necrotic spot virus	Orthotospovirus impatiensnecromaculae	INSV	INSV	known_virus	Phalaenopsis pulcherrima	Higher Epidendroideae	Vandeae	Phalaenopsis	Epiphyte	GU289904	not_found	China	NCBI
Tospoviridae	Orthotospovirus	Orthotospovirus impatiensnecromaculae	Orthotospovirus impatiensnecromaculae	INSV	INSV	known_virus	Orchidaceae	Higher Epidendroideae	not_found	not_found	not_found	MH673623	not_found	Costa Rica	NCBI
Tospoviridae	Orthotospovirus	Orthotospovirus impatiensnecromaculae	Orthotospovirus impatiensnecromaculae	INSV	INSV	known_virus	Orchidaceae	Higher Epidendroideae	not_found	not_found	not_found	MH673641	not_found	Costa Rica	NCBI
Tospoviridae	Orthotospovirus	Orthotospovirus impatiensnecromaculae	Orthotospovirus impatiensnecromaculae	INSV	INSV	known_virus	Orchidaceae	Higher Epidendroideae	not_found	not_found	not_found	MH687989	not_found	Costa Rica	NCBI
Potyviridae	Potyvirus	Lily mottle virus	Potyvirus lilimaculae	LMoV	LMoV	known_virus	Dendrobium officinale	Higher Epidendroideae	Podochileae	Dendrobium	Epiphyte	SRR13124374	leaf	China	SRA
Potyviridae	Potyvirus	Lily mottle virus	Potyvirus lilimaculae	LMoV	LMoV	known_virus	Dendrobium officinale	Higher Epidendroideae	Podochileae	Dendrobium	Epiphyte	SRR13124375	root	China	SRA
Potyviridae	Potyvirus	Lily mottle virus	Potyvirus lilimaculae	LMoV	LMoV	known_virus	Dendrobium officinale	Higher Epidendroideae	Podochileae	Dendrobium	Epiphyte	SRR13124376	root	China	SRA
Potyviridae	Potyvirus	Lily mottle virus	Potyvirus lilimaculae	LMoV	LMoV	known_virus	Dendrobium officinale	Higher Epidendroideae	Podochileae	Dendrobium	Epiphyte	SRR13124381	flower	China	SRA
Potyviridae	Potyvirus	Lily mottle virus	Potyvirus lilimaculae	LMoV	LMoV	known_virus	Dendrobium officinale	Higher Epidendroideae	Podochileae	Dendrobium	Epiphyte	SRR13124384	flower	China	SRA
Potyviridae	Potyvirus	Lily mottle virus	Potyvirus lilimaculae	LMoV	LMoV	known_virus	Dendrobium officinale	Higher Epidendroideae	Podochileae	Dendrobium	Epiphyte	SRR13124385	flower	China	SRA
Potyviridae	Potyvirus	Lily mottle virus	Potyvirus lilimaculae	LMoV	LMoV	known_virus	Dendrobium officinale	Higher Epidendroideae	Podochileae	Dendrobium	Epiphyte	SRR15836373	stem	China	SRA
Caulimoviridae	Badnavirus	Mexipedium_xerophyticum associated badnavirus 1	not_found	MaBV1	MaBV1	new_species	Mexipedium xerophyticum	Higher Epidendroideae	Mexipedieae	Mexipedium	Epiphyte	SRR6127592	leaf	USA	SRA
Betaflexiviridae	Carlavirus	Nerine latent virus	Carlavirus latensnerinis	NeLV	NeLV	known_virus	Phalaenopsis pulcherrima	Higher Epidendroideae	Vandeae	Phalaenopsis	Epiphyte	LC790456	not_found	South_Korea	NCBI
Partitiviridae	Deltapartitivirus			NeotDPV1	NeotDPV1	new_species	Neottia nidus-avis	Higher Epidendroideae	Neottieae	Neottia	Terrestial	SRR11805799	root	Poland	SRA
Partitiviridae	Deltapartitivirus			NeotDPV1	NeotDPV1	new_species	Neottia nidus-avis	Higher Epidendroideae	Neottieae	Neottia	Terrestial	SRR11805803	stem	Poland	SRA
Partitiviridae	Deltapartitivirus			NeotDPV1	NeotDPV1	new_species	Neottia nidus-avis	Higher Epidendroideae	Neottieae	Neottia	Terrestial	SRR11805804	stem	Poland	SRA
Partitiviridae	Deltapartitivirus			NeotDPV1	NeotDPV1	new_species	Neottia nidus-avis	Higher Epidendroideae	Neottieae	Neottia	Terrestial	SRR11805805	flower	Poland	SRA
Partitiviridae	Deltapartitivirus			NeotDPV1	NeotDPV1	new_species	Neottia nidus-avis	Higher Epidendroideae	Neottieae	Neottia	Terrestial	SRR11805806	flower	Poland	SRA
Benyviridae	Benyivirus-like	ophrys fusca associated beny-like virus	not_found	OfaBLV1	OfaBLV1	new_species	Ophrys fusca subsp. iricolor	Higher Epidendroideae	Orchideae	Ophrys	Terrestial	SRR10189295	flower	Greece	SRA
Benyviridae	Benyivirus-like	ophrys fusca associated beny-like virus	not_found	OfaBLV1	OfaBLV1	new_species	Ophrys fusca subsp. iricolor	Higher Epidendroideae	Orchideae	Ophrys	Terrestial	SRR10189348	flower	Greece	SRA
Amalagaviridae	Amalgavirus	Ophrys fusca amalgavirus 1	not_found	OfAVa1	OfAV1	known_virus	Ophrys iricolor	Higher Epidendroideae	Orchideae	Ophrys	Terrestial	SRR10189347	flower	Greece	SRA
Amalgaviridae	Amalgavirus	Ophrys fusca amalgavirus 1	not_found	OfAVa1	OfAV1	known_virus	Ophrys fusca subsp. iricolor	Higher Epidendroideae	Orchideae	Ophrys	Terrestial	BK062301	not_found	not_found	NCBI
Rhabdoviridae	Dichorhavirus	Dichorhavirus orchidaceae	Dichorhavirus orchidaceae	OFV	OFV	known_virus	Calanthe triplicata	Higher Epidendroideae	Arethuseae	Calanthe	Terrestrial	LC222636	not_found	Japan	NCBI
Rhabdoviridae	Dichorhavirus	Dichorhavirus orchidaceae	Dichorhavirus orchidaceae	OFV	OFV	known_virus	Calanthe sp	Higher Epidendroideae	Arethuseae	Calanthe	Terrestrial	LC222637	not_found	Japan	NCBI
Rhabdoviridae	Dichorhavirus	Dichorhavirus orchidaceae	Dichorhavirus orchidaceae	OFV	OFV	known_virus	Calanthe sp	Higher Epidendroideae	Arethuseae	Calanthe	Terrestrial	LC222638	not_found	Japan	NCBI
Rhabdoviridae	Dichorhavirus	Dichorhavirus orchidaceae	Dichorhavirus orchidaceae	OFV	OFV	known_virus	Cymbidium sp	Higher Epidendroideae	Cymbidieae	Cymbidium	Epiphytic, Lithophytic, Terrestrial	KF246571	not_found	China	NCBI
Rhabdoviridae	Dichorhavirus	Dichorhavirus orchidaceae	Dichorhavirus orchidaceae	OFV	OFV	known_virus	Cymbidium sp	Higher Epidendroideae	Cymbidieae	Cymbidium	Epiphytic, Lithophytic, Terrestrial	KT947974	not_found	Australia	NCBI
Rhabdoviridae	Dichorhavirus	Dichorhavirus orchidaceae	Dichorhavirus orchidaceae	OFV	OFV	known_virus	Cymbidium sp	Higher Epidendroideae	Cymbidieae	Cymbidium	Epiphytic, Lithophytic, Terrestrial	LC222629	not_found	Japan	NCBI
Rhabdoviridae	Dichorhavirus	Dichorhavirus orchidaceae	Dichorhavirus orchidaceae	OFV	OFV	known_virus	Cymbidium sp	Higher Epidendroideae	Cymbidieae	Cymbidium	Epiphytic, Lithophytic, Terrestrial	LC222630	not_found	Japan	NCBI
Rhabdoviridae	Dichorhavirus	Dichorhavirus orchidaceae	Dichorhavirus orchidaceae	OFV	OFV	known_virus	Cymbidium sp	Higher Epidendroideae	Cymbidieae	Cymbidium	Epiphytic, Lithophytic, Terrestrial	LC222631	not_found	Japan	NCBI
Rhabdoviridae	Dichorhavirus	Dichorhavirus orchidaceae	Dichorhavirus orchidaceae	OFV	OFV	known_virus	Cymbidium sp	Higher Epidendroideae	Cymbidieae	Cymbidium	Epiphytic, Lithophytic, Terrestrial	LC222632	not_found	Japan	NCBI
Rhabdoviridae	Dichorhavirus	Dichorhavirus orchidaceae	Dichorhavirus orchidaceae	OFV	OFV	known_virus	Cymbidium sp	Higher Epidendroideae	Cymbidieae	Cymbidium	Epiphytic, Lithophytic, Terrestrial	LC222634	not_found	Japan	NCBI
Rhabdoviridae	Dichorhavirus	Dichorhavirus orchidaceae	Dichorhavirus orchidaceae	OFV	OFV	known_virus	Cymbidium sp	Higher Epidendroideae	Cymbidieae	Cymbidium	Epiphytic, Lithophytic, Terrestrial	LC222635	not_found	Japan	NCBI
Rhabdoviridae	Dichorhavirus	Dichorhavirus orchidaceae	Dichorhavirus orchidaceae	OFV	OFV	known_virus	Cymbidium sp	Higher Epidendroideae	Cymbidieae	Cymbidium	Epiphytic, Lithophytic, Terrestrial	LC222639	not_found	Japan	NCBI
Rhabdoviridae	Dichorhavirus	Dichorhavirus orchidaceae	Dichorhavirus orchidaceae	OFV	OFV	known_virus	Cymbidium sp	Higher Epidendroideae	Cymbidieae	Cymbidium	Epiphytic, Lithophytic, Terrestrial	LC222640	not_found	Japan	NCBI
Rhabdoviridae	Dichorhavirus	Dichorhavirus orchidaceae	Dichorhavirus orchidaceae	OFV	OFV	known_virus	Cymbidium sp	Higher Epidendroideae	Cymbidieae	Cymbidium	Epiphytic, Lithophytic, Terrestrial	LC222641	not_found	Japan	NCBI
Rhabdoviridae	Dichorhavirus	Dichorhavirus orchidaceae	Dichorhavirus orchidaceae	OFV	OFV	known_virus	Cymbidium sp	Higher Epidendroideae	Cymbidieae	Cymbidium	Epiphytic, Lithophytic, Terrestrial	LC222642	not_found	Japan	NCBI
Rhabdoviridae	Dichorhavirus	Dichorhavirus orchidaceae	Dichorhavirus orchidaceae	OFV	OFV	known_virus	Cymbidium sp	Higher Epidendroideae	Cymbidieae	Cymbidium	Epiphytic, Lithophytic, Terrestrial	LC222643	not_found	Japan	NCBI
Rhabdoviridae	Dichorhavirus	Dichorhavirus orchidaceae	Dichorhavirus orchidaceae	OFV	OFV	known_virus	Cymbidium sp	Higher Epidendroideae	Cymbidieae	Cymbidium	Epiphytic, Lithophytic, Terrestrial	LC222644	not_found	Japan	NCBI
Rhabdoviridae	Dichorhavirus	Dichorhavirus orchidaceae	Dichorhavirus orchidaceae	OFV	OFV	known_virus	Cymbidium sp	Higher Epidendroideae	Cymbidieae	Cymbidium	Epiphytic, Lithophytic, Terrestrial	LC222645	not_found	Japan	NCBI
Rhabdoviridae	Dichorhavirus	Dichorhavirus orchidaceae	Dichorhavirus orchidaceae	OFV	OFV	known_virus	Cymbidium sp	Higher Epidendroideae	Cymbidieae	Cymbidium	Epiphytic, Lithophytic, Terrestrial	LC222646	not_found	Japan	NCBI
Rhabdoviridae	Dichorhavirus	Dichorhavirus orchidaceae	Dichorhavirus orchidaceae	OFV	OFV	known_virus	Dendrobium sp	Higher Epidendroideae	Podochileae	Dendrobium	Epiphyte	DQ531037	not_found	Australia	NCBI
Rhabdoviridae	Dichorhavirus	Dichorhavirus orchidaceae	Dichorhavirus orchidaceae	OFV	OFV	known_virus	Dendrobium moschatum	Higher Epidendroideae	Podochileae	Dendrobium	Epiphyte	KJ666535	leaf	Paraguay	NCBI
Rhabdoviridae	Dichorhavirus	Dichorhavirus orchidaceae	Dichorhavirus orchidaceae	OFV	OFV	known_virus	Dendrobium sp	Higher Epidendroideae	Podochileae	Dendrobium	Epiphyte	LC771578	not_found	South_Korea	NCBI
Rhabdoviridae	Dichorhavirus	Dichorhavirus orchidaceae	Dichorhavirus orchidaceae	OFV	OFV	known_virus	Dendrobium sp	Higher Epidendroideae	Podochileae	Dendrobium	Epiphyte	LC771579	not_found	South_Korea	NCBI
Rhabdoviridae	Dichorhavirus	Dichorhavirus orchidaceae	Dichorhavirus orchidaceae	OFV	OFV	known_virus	Dendrobium sp	Higher Epidendroideae	Podochileae	Dendrobium	Epiphyte	MT497517	not_found	Mexico	NCBI
Rhabdoviridae	Dichorhavirus	Dichorhavirus orchidaceae	Dichorhavirus orchidaceae	OFV	OFV	known_virus	Dendrobium sp	Higher Epidendroideae	Podochileae	Dendrobium	Epiphyte	MT497518	not_found	Mexico	NCBI
Rhabdoviridae	Dichorhavirus	Dichorhavirus orchidaceae	Dichorhavirus orchidaceae	OFV	OFV	known_virus	Maxillaria luteograndiflora	Higher Epidendroideae	Maxillarieae	Maxillaria	Epiphyte	MG970602	not_found	France	NCBI
Rhabdoviridae	Dichorhavirus	Dichorhavirus orchidaceae	Dichorhavirus orchidaceae	OFV	OFV	known_virus	Maxillaria luteograndiflora	Higher Epidendroideae	Maxillarieae	Maxillaria	Epiphyte	MG970603	not_found	France	NCBI
Rhabdoviridae	Dichorhavirus	Dichorhavirus orchidaceae	Dichorhavirus orchidaceae	OFV	OFV	known_virus	Miltonia sp	Higher Epidendroideae	Cymbidieae	Miltonia	Epiphyte	DQ531042	not_found	Brazil	NCBI
Rhabdoviridae	Dichorhavirus	Dichorhavirus orchidaceae	Dichorhavirus orchidaceae	OFV	OFV	known_virus	Orchidaceae	Higher Epidendroideae	not_found	not_found	not_found	MK522806	not_found	South Africa	NCBI
Rhabdoviridae	Dichorhavirus	Dichorhavirus orchidaceae	Dichorhavirus orchidaceae	OFV	OFV	known_virus	Orchidaceae	Higher Epidendroideae	not_found	not_found	not_found	MK522807	not_found	South Africa	NCBI
Rhabdoviridae	Dichorhavirus	Dichorhavirus orchidaceae	Dichorhavirus orchidaceae	OFV	OFV	known_virus	Cymbidium hybrid cultivar	Higher Epidendroideae	not_found	not_found	not_found	DQ531036	not_found	Australia	NCBI
Rhabdoviridae	Dichorhavirus	Dichorhavirus orchidaceae	Dichorhavirus orchidaceae	OFV	OFV	known_virus	Cymbidium hybrid cultivar	Higher Epidendroideae	not_found	not_found	not_found	DQ531039	not_found	Costa Rica	NCBI
Rhabdoviridae	Dichorhavirus	Dichorhavirus orchidaceae	Dichorhavirus orchidaceae	OFV	OFV	known_virus	Oncidium maculatum	Higher Epidendroideae	Cymbidieae	Oncidium	Epiphyte	DQ531040	not_found	Brazil	NCBI
Rhabdoviridae	Dichorhavirus	Dichorhavirus orchidaceae	Dichorhavirus orchidaceae	OFV	OFV	known_virus	Oncidium sp	Higher Epidendroideae	Cymbidieae	Oncidium	Epiphyte	KJ666536	leaf	Paraguay	NCBI
Rhabdoviridae	Dichorhavirus	Dichorhavirus orchidaceae	Dichorhavirus orchidaceae	OFV	OFV	known_virus	Oncidium sp	Higher Epidendroideae	Cymbidieae	Oncidium	Epiphyte	LC222633	not_found	Japan	NCBI
Rhabdoviridae	Dichorhavirus	Dichorhavirus orchidaceae	Dichorhavirus orchidaceae	OFV	OFV	known_virus	Oncidium sp	Higher Epidendroideae	Cymbidieae	Oncidium	Epiphyte	MW465658	leaf	Netherlands	NCBI
Rhabdoviridae	Dichorhavirus	Dichorhavirus orchidaceae	Dichorhavirus orchidaceae	OFV	OFV	known_virus	Oncidium sp	Higher Epidendroideae	Cymbidieae	Oncidium	Epiphyte	MW465659	leaf	Netherlands	NCBI
Rhabdoviridae	Dichorhavirus	Dichorhavirus orchidaceae	Dichorhavirus orchidaceae	OFV	OFV	known_virus	Phalaenopsis sp	Higher Epidendroideae	Vandeae	Phalaenopsis	Epiphyte or Lithophyte	KR074431	not_found	USA	NCBI
Rhabdoviridae	Dichorhavirus	Dichorhavirus orchidaceae	Dichorhavirus orchidaceae	OFV	OFV	known_virus	Phalaenopsis sp	Higher Epidendroideae	Vandeae	Phalaenopsis	Epiphyte or Lithophyte	KR822590	not_found	USA	NCBI
Rhabdoviridae	Dichorhavirus	Dichorhavirus orchidaceae	Dichorhavirus orchidaceae	OFV	OFV	known_virus	Phalaenopsis sp	Higher Epidendroideae	Vandeae	Phalaenopsis	Epiphyte or Lithophyte	KX932045	not_found	USA	NCBI
Rhabdoviridae	Dichorhavirus	Dichorhavirus orchidaceae	Dichorhavirus orchidaceae	OFV	OFV	known_virus	Trichopilia sp	Higher Epidendroideae	Cymbidieae	Trichopilia	Epiphyte, Terrestrial, Rupicolous	DQ531038	not_found	Costa Rica	NCBI
Benyviridae	Benyivirus-like	orchis hatagirea associated beny-like virus	not_found	OhaBLV1	OhaBLV1	new_species	Orchis hatagirea	Higher Epidendroideae	Orchideae	Orchis	Terrestrial	SRR8863096	tuber	India	SRA
Benyviridae	Benyivirus-like	orchis hatagirea associated beny-like virus	not_found	OhaBLV1	OhaBLV1	new_species	Orchis hatagirea	Higher Epidendroideae	Orchideae	Orchis	Terrestrial	SRR8863097	tuber	India	SRA
Benyviridae	Benyivirus-like	orchis hatagirea associated beny-like virus	not_found	OhaBLV1	OhaBLV1	new_species	Orchis hatagirea	Higher Epidendroideae	Orchideae	Orchis	Terrestrial	SRR8863098	leaf	India	SRA
Benyviridae	Benyivirus-like	orchis hatagirea associated beny-like virus	not_found	OhaBLV1	OhaBLV1	new_species	Orchis hatagirea	Higher Epidendroideae	Orchideae	Orchis	Terrestrial	SRR8863099	leaf	India	SRA
Benyviridae	Benyivirus-like	orchis militaris associated beny-like virus	not_found	OmaBLV1	OmaBLV1	new_species	Orchis militaris	Higher Epidendroideae	Orchideae	Orchis	Terrestrial	SRR27827613	root	Poland	SRA
Benyviridae	Benyivirus-like	orchis militaris associated beny-like virus	not_found	OmaBLV1	OmaBLV1	new_species	Orchis militaris	Higher Epidendroideae	Orchideae	Orchis	Terrestrial	SRR27827638	root	Poland	SRA
Potyviridae	Potyvirus	Ornithogalum mosaic virus	Potyvirus ornithogalitessellati	OMV	OMV	known_virus	Vanilla planifolia	Vanilloideae	Vanilleae	Vanilla	Climbing_vine	AY845013	not_found	India	NCBI
Potyviridae	Potyvirus	Ornithogalum mosaic virus	Potyvirus ornithogalitessellati	OMV	OMV	known_virus	Vanilla planifolia	Vanilloideae	Vanilleae	Vanilla	Climbing_vine	AY845014	not_found	India	NCBI
Amalgaviridae	Amalgavirus	Ophrys amalgavirus 1	Ophrys amalgavirus 1	OpAV1	OpAV1	known_virus	Ophrys fusca subsp. iricolor	Higher Epidendroideae	Orchideae	Ophrys	Terrestial	MZ042633	not_found	Italy	NCBI
Partitiviridae	Deltapartitivirus			OphrDPV1	OphrDPV1	new_species	Ophrys fusca subsp. iricolor	Higher Epidendroideae	Orchideae	Ophrys	Terrestial	SRR10189295	flower	Greece	SRA
Partitiviridae	Deltapartitivirus			OphrDPV1	OphrDPV1	new_species	Ophrys fusca subsp. iricolor	Higher Epidendroideae	Orchideae	Ophrys	Terrestial	SRR10189299	flower	Greece	SRA
Partitiviridae	Deltapartitivirus			OphrDPV1	OphrDPV1	new_species	Ophrys sphegodes	Higher Epidendroideae	Orchideae	Ophrys	Terrestial	SRR10189310	flower	Italy	SRA
Partitiviridae	Deltapartitivirus			OphrDPV1	OphrDPV1	new_species	Ophrys mesaritica	Higher Epidendroideae	Orchideae	Ophrys	Terrestial	SRR10189341	flower	Greece	SRA
Partitiviridae	Deltapartitivirus			OphrDPV1	OphrDPV1	new_species	Ophrys fusca subsp. iricolor	Higher Epidendroideae	Orchideae	Ophrys	Terrestial	SRR10189346	flower	Greece	SRA
Partitiviridae	Deltapartitivirus			OphrDPV2	OphrDPV2	new_species	Ophrys mesaritica	Higher Epidendroideae	Orchideae	Ophrys	Terrestial	SRR10189297	flower	Greece	SRA
Partitiviridae	Deltapartitivirus			OphrDPV3	OphrDPV3	new_species	Ophrys fusca subsp. iricolor	Higher Epidendroideae	Orchideae	Ophrys	Terrestial	SRR10189295	flower	Greece	SRA
Partitiviridae	Deltapartitivirus			OphrDPV3	OphrDPV3	new_species	Ophrys mesaritica	Higher Epidendroideae	Orchideae	Ophrys	Terrestial	SRR10189297	flower	Greece	SRA
Partitiviridae	Deltapartitivirus			OphrDPV3	OphrDPV3	new_species	Ophrys mesaritica	Higher Epidendroideae	Orchideae	Ophrys	Terrestial	SRR10189298	flower	Greece	SRA
Partitiviridae	Deltapartitivirus			OphrDPV3	OphrDPV3	new_species	Ophrys fusca subsp. iricolor	Higher Epidendroideae	Orchideae	Ophrys	Terrestial	SRR10189300	flower	Greece	SRA
Partitiviridae	Deltapartitivirus			OphrDPV3	OphrDPV3	new_species	Ophrys mesaritica	Higher Epidendroideae	Orchideae	Ophrys	Terrestial	SRR10189308	flower	Greece	SRA
Partitiviridae	Deltapartitivirus			OphrDPV3	OphrDPV3	new_species	Ophrys mesaritica	Higher Epidendroideae	Orchideae	Ophrys	Terrestial	SRR10189319	flower	Greece	SRA
Partitiviridae	Deltapartitivirus			OphrDPV4	OphrDPV4	new_species	Ophrys fusca subsp. iricolor	Higher Epidendroideae	Orchideae	Ophrys	Terrestial	SRR10189296	flower	Greece	SRA
Partitiviridae	Deltapartitivirus			OphrDPV4	OphrDPV4	new_species	Ophrys fusca subsp. iricolor	Higher Epidendroideae	Orchideae	Ophrys	Terrestial	SRR10189300	flower	Greece	SRA
Partitiviridae	Deltapartitivirus			OphrDPV4	OphrDPV4	new_species	Ophrys insectifera subsp. aymoninii	Higher Epidendroideae	Orchideae	Ophrys	Terrestial	SRR10189303	flower	Italy	SRA
Partitiviridae	Deltapartitivirus			OphrDPV4	OphrDPV4	new_species	Ophrys sphegodes	Higher Epidendroideae	Orchideae	Ophrys	Terrestial	SRR10189312	flower	Italy	SRA
Partitiviridae	Deltapartitivirus			OphrDPV4	OphrDPV4	new_species	Ophrys mesaritica	Higher Epidendroideae	Orchideae	Ophrys	Terrestial	SRR10189319	flower	Greece	SRA
Partitiviridae	Deltapartitivirus			OphrDPV4	OphrDPV4	new_species	Ophrys sphegodes subsp. sphegodes	Higher Epidendroideae	Orchideae	Ophrys	Terrestial	SRR10189328	flower	Italy	SRA
Partitiviridae	Deltapartitivirus			OphrDPV4	OphrDPV4	new_species	Ophrys mesaritica	Higher Epidendroideae	Orchideae	Ophrys	Terrestial	SRR10189341	flower	Greece	SRA
Partitiviridae	Deltapartitivirus			OphrDPV4	OphrDPV4	new_species	Ophrys fusca subsp. iricolor	Higher Epidendroideae	Orchideae	Ophrys	Terrestial	SRR10189346	flower	Greece	SRA
Partitiviridae	Deltapartitivirus			OphrDPV4	OphrDPV4	new_species	Ophrys fusca subsp. iricolor	Higher Epidendroideae	Orchideae	Ophrys	Terrestial	SRR10189347	flower	Greece	SRA
Partitiviridae	Deltapartitivirus			OphrDPV5	OphrDPV5	new_species	Ophrys sphegodes subsp. sphegodes	Higher Epidendroideae	Orchideae	Ophrys	Terrestial	SRR10189334	flower	Italy	SRA
Partitiviridae	Deltapartitivirus			OphrDPV6	OphrDPV6	new_species	Ophrys fusca subsp. iricolor	Higher Epidendroideae	Orchideae	Ophrys	Terrestial	SRR10189295	flower	Greece	SRA
Partitiviridae	Deltapartitivirus			OphrDPV6	OphrDPV6	new_species	Ophrys fusca subsp. iricolor	Higher Epidendroideae	Orchideae	Ophrys	Terrestial	SRR10189296	flower	Greece	SRA
Partitiviridae	Deltapartitivirus			OphrDPV6	OphrDPV6	new_species	Ophrys mesaritica	Higher Epidendroideae	Orchideae	Ophrys	Terrestial	SRR10189297	flower	Greece	SRA
Partitiviridae	Deltapartitivirus			OphrDPV6	OphrDPV6	new_species	Ophrys mesaritica	Higher Epidendroideae	Orchideae	Ophrys	Terrestial	SRR10189298	flower	Greece	SRA
Partitiviridae	Deltapartitivirus			OphrDPV6	OphrDPV6	new_species	Ophrys fusca subsp. iricolor	Higher Epidendroideae	Orchideae	Ophrys	Terrestial	SRR10189300	flower	Greece	SRA
Partitiviridae	Deltapartitivirus			OphrDPV6	OphrDPV6	new_species	Ophrys mesaritica	Higher Epidendroideae	Orchideae	Ophrys	Terrestial	SRR10189308	flower	Greece	SRA
Partitiviridae	Deltapartitivirus			OphrDPV6	OphrDPV6	new_species	Ophrys mesaritica	Higher Epidendroideae	Orchideae	Ophrys	Terrestial	SRR10189319	flower	Greece	SRA
Partitiviridae	Deltapartitivirus			OphrDPV6	OphrDPV6	new_species	Ophrys mesaritica	Higher Epidendroideae	Orchideae	Ophrys	Terrestial	SRR10189341	flower	Greece	SRA
Partitiviridae	Deltapartitivirus			OphrDPV6	OphrDPV6	new_species	Ophrys fusca subsp. iricolor	Higher Epidendroideae	Orchideae	Ophrys	Terrestial	SRR10189348	flower	Greece	SRA
Potyviridae	Potyvirus	Ornithogalum mosaic virus	Potyvirus ornithogalitessellati	OrMV	OrMV	known_virus	Cryptostylis ovata	Higher Epidendroideae	Diurideae	Cryptostylis	Terrestrial	PQ213088	not_found	Australia	NCBI
Virgaviridae	Tobamovirus	Odontoglossum ringspot virus	Tobamovirus odontoglossi	ORSV	ORSV	known_virus	x Aranda sp	Higher Epidendroideae	Vandeae	× Aranda	not_found	AF406776	not_found	Singapore	NCBI
Virgaviridae	Tobamovirus	Odontoglossum ringspot virus	Tobamovirus odontoglossi	ORSV	ORSV	known_virus	x Aranda sp	Higher Epidendroideae	Vandeae	× Aranda	not_found	AF406778	not_found	Singapore	NCBI
Virgaviridae	Tobamovirus	Odontoglossum ringspot virus	Tobamovirus odontoglossi	ORSV	ORSV	known_virus	x Rhyncholaeliocattleya hybrid cultivar	Higher Epidendroideae	Epidendreae	× Rhyncholaeliocattleya	Terrestrial	SRR9945597	root	China	SRA
Virgaviridae	Tobamovirus	Odontoglossum ringspot virus	Tobamovirus odontoglossi	ORSV	ORSV	known_virus	x Rhyncholaeliocattleya hybrid cultivar	Higher Epidendroideae	Epidendreae	× Rhyncholaeliocattleya	Terrestrial	SRR9945599	labellum	China	SRA
Virgaviridae	Tobamovirus	Odontoglossum ringspot virus	Tobamovirus odontoglossi	ORSV	ORSV	known_virus	x Rhyncholaeliocattleya hybrid cultivar	Higher Epidendroideae	Epidendreae	× Rhyncholaeliocattleya	Terrestrial	SRR9945600	root	China	SRA
Virgaviridae	Tobamovirus	Odontoglossum ringspot virus	Tobamovirus odontoglossi	ORSV	ORSV	known_virus	x Rhyncholaeliocattleya hybrid cultivar	Higher Epidendroideae	Epidendreae	× Rhyncholaeliocattleya	Terrestrial	SRR9945620	root	China	SRA
Virgaviridae	Tobamovirus	Odontoglossum ringspot virus	Tobamovirus odontoglossi	ORSV	ORSV	known_virus	x Rhyncholaeliocattleya hybrid cultivar	Higher Epidendroideae	Epidendreae	× Rhyncholaeliocattleya	Terrestrial	SRR9945623	flower	China	SRA
Virgaviridae	Tobamovirus	Odontoglossum ringspot virus	Tobamovirus odontoglossi	ORSV	ORSV	known_virus	x Rhyncholaeliocattleya hybrid cultivar	Higher Epidendroideae	Epidendreae	× Rhyncholaeliocattleya	Terrestrial	SRR9945624	flower	China	SRA
Virgaviridae	Tobamovirus	Odontoglossum ringspot virus	Tobamovirus odontoglossi	ORSV	ORSV	known_virus	x Rhyncholaeliocattleya hybrid cultivar	Higher Epidendroideae	Epidendreae	× Rhyncholaeliocattleya	Terrestrial	SRR9945627	flower	China	SRA
Virgaviridae	Tobamovirus	Odontoglossum ringspot virus	Tobamovirus odontoglossi	ORSV	ORSV	known_virus	x Rhyncholaeliocattleya hybrid cultivar	Higher Epidendroideae	Epidendreae	× Rhyncholaeliocattleya	Terrestrial	SRR9945629	flower	China	SRA
Virgaviridae	Tobamovirus	Odontoglossum ringspot virus	Tobamovirus odontoglossi	ORSV	ORSV	known_virus	x Rhyncholaeliocattleya hybrid cultivar	Higher Epidendroideae	Epidendreae	× Rhyncholaeliocattleya	Terrestrial	SRR9945637	flower	China	SRA
Virgaviridae	Tobamovirus	Odontoglossum ringspot virus	Tobamovirus odontoglossi	ORSV	ORSV	known_virus	x Rhyncholaeliocattleya hybrid cultivar	Higher Epidendroideae	Epidendreae	× Rhyncholaeliocattleya	Terrestrial	SRR9945638	flower	China	SRA
Virgaviridae	Tobamovirus	Odontoglossum ringspot virus	Tobamovirus odontoglossi	ORSV	ORSV	known_virus	x Rhyncholaeliocattleya hybrid cultivar	Higher Epidendroideae	Epidendreae	× Rhyncholaeliocattleya	Terrestrial	SRR9945639	labellum	China	SRA
Virgaviridae	Tobamovirus	Odontoglossum ringspot virus	Tobamovirus odontoglossi	ORSV	ORSV	known_virus	x Rhyncholaeliocattleya hybrid cultivar	Higher Epidendroideae	Epidendreae	× Rhyncholaeliocattleya	Terrestrial	SRR9945640	labellum	China	SRA
Virgaviridae	Tobamovirus	Odontoglossum ringspot virus	Tobamovirus odontoglossi	ORSV	ORSV	known_virus	Barkeria sp	Higher Epidendroideae	Epidendreae	Barkeria	Epiphyte	MW248355	not_found	Germany	NCBI
Virgaviridae	Tobamovirus	Odontoglossum ringspot virus	Tobamovirus odontoglossi	ORSV	ORSV	known_virus	Bulbophyllum sp	Higher Epidendroideae	Podochileae	Bulbophyllum	Epiphyte	KP137377	not_found	China	NCBI
Virgaviridae	Tobamovirus	Odontoglossum ringspot virus	Tobamovirus odontoglossi	ORSV	ORSV	known_virus	Calanthe discolor	Higher Epidendroideae	Arethuseae	Calanthe	Terrestrial	AB753720	not_found	South_Korea	NCBI
Virgaviridae	Tobamovirus	Odontoglossum ringspot virus	Tobamovirus odontoglossi	ORSV	ORSV	known_virus	Calanthe sp	Higher Epidendroideae	Arethuseae	Calanthe	Terrestrial	KP137380	not_found	China	NCBI
Virgaviridae	Tobamovirus	Odontoglossum ringspot virus	Tobamovirus odontoglossi	ORSV	ORSV	known_virus	Calanthe sylvatica	Higher Epidendroideae	Arethuseae	Calanthe	Terrestrial	MT770920	leaf	India	NCBI
Virgaviridae	Tobamovirus	Odontoglossum ringspot virus	Tobamovirus odontoglossi	ORSV	ORSV	known_virus	Cattleya sp	Higher Epidendroideae	Epidendreae	Cattleya	Epiphyte or Terrestrial	AF406769	not_found	South_Korea	NCBI
Virgaviridae	Tobamovirus	Odontoglossum ringspot virus	Tobamovirus odontoglossi	ORSV	ORSV	known_virus	Cattleya sp	Higher Epidendroideae	Epidendreae	Cattleya	Epiphyte or Terrestrial	KF836065	not_found	China	NCBI
Virgaviridae	Tobamovirus	Odontoglossum ringspot virus	Tobamovirus odontoglossi	ORSV	ORSV	known_virus	Cleisostoma racemiferum	Higher Epidendroideae	Vandeae	Cleisostoma	Epiphyte	KP137379	not_found	China	NCBI
Virgaviridae	Tobamovirus	Odontoglossum ringspot virus	Tobamovirus odontoglossi	ORSV	ORSV	known_virus	Cymbidium goeringii	Higher Epidendroideae	Cymbidieae	Cymbidium	Epiphyte	AF406770	not_found	South_Korea	NCBI
Virgaviridae	Tobamovirus	Odontoglossum ringspot virus	Tobamovirus odontoglossi	ORSV	ORSV	known_virus	Cymbidium goeringii	Higher Epidendroideae	Cymbidieae	Cymbidium	Epiphyte	AF406771	not_found	South_Korea	NCBI
Virgaviridae	Tobamovirus	Odontoglossum ringspot virus	Tobamovirus odontoglossi	ORSV	ORSV	known_virus	Cymbidium ensifolium	Higher Epidendroideae	Cymbidieae	Cymbidium	Epiphyte	AF406772	not_found	South_Korea	NCBI
Virgaviridae	Tobamovirus	Odontoglossum ringspot virus	Tobamovirus odontoglossi	ORSV	ORSV	known_virus	Cymbidium ensifolium	Higher Epidendroideae	Cymbidieae	Cymbidium	Epiphyte	AF406773	not_found	South_Korea	NCBI
Virgaviridae	Tobamovirus	Odontoglossum ringspot virus	Tobamovirus odontoglossi	ORSV	ORSV	known_virus	Cymbidium hookerianum	Higher Epidendroideae	Cymbidieae	Cymbidium	Epiphyte	FJ372909	not_found	India	NCBI
Virgaviridae	Tobamovirus	Odontoglossum ringspot virus	Tobamovirus odontoglossi	ORSV	ORSV	known_virus	Cymbidium dayanum	Higher Epidendroideae	Cymbidieae	Cymbidium	Epiphyte	KF836080	not_found	China	NCBI
Virgaviridae	Tobamovirus	Odontoglossum ringspot virus	Tobamovirus odontoglossi	ORSV	ORSV	known_virus	Cymbidium elegans	Higher Epidendroideae	Cymbidieae	Cymbidium	Epiphyte	KP137375	not_found	China	NCBI
Virgaviridae	Tobamovirus	Odontoglossum ringspot virus	Tobamovirus odontoglossi	ORSV	ORSV	known_virus	Cymbidium goeringii	Higher Epidendroideae	Cymbidieae	Cymbidium	Epiphyte	MG773324	not_found	China	NCBI
Virgaviridae	Tobamovirus	Odontoglossum ringspot virus	Tobamovirus odontoglossi	ORSV	ORSV	known_virus	Cymbidium goeringii	Higher Epidendroideae	Cymbidieae	Cymbidium	Epiphyte	MG773325	not_found	China	NCBI
Virgaviridae	Tobamovirus	Odontoglossum ringspot virus	Tobamovirus odontoglossi	ORSV	ORSV	known_virus	Cymbidium goeringii	Higher Epidendroideae	Cymbidieae	Cymbidium	Epiphyte	MG773326	not_found	China	NCBI
Virgaviridae	Tobamovirus	Odontoglossum ringspot virus	Tobamovirus odontoglossi	ORSV	ORSV	known_virus	Cymbidium goeringii	Higher Epidendroideae	Cymbidieae	Cymbidium	Epiphyte	MG773327	not_found	China	NCBI
Virgaviridae	Tobamovirus	Odontoglossum ringspot virus	Tobamovirus odontoglossi	ORSV	ORSV	known_virus	Cymbidium goeringii	Higher Epidendroideae	Cymbidieae	Cymbidium	Epiphyte	MG869629	not_found	China	NCBI
Virgaviridae	Tobamovirus	Odontoglossum ringspot virus	Tobamovirus odontoglossi	ORSV	ORSV	known_virus	Cymbidium goeringii	Higher Epidendroideae	Cymbidieae	Cymbidium	Epiphyte	MG869630	not_found	China	NCBI
Virgaviridae	Tobamovirus	Odontoglossum ringspot virus	Tobamovirus odontoglossi	ORSV	ORSV	known_virus	Cymbidium goeringii	Higher Epidendroideae	Cymbidieae	Cymbidium	Epiphyte	MG869631	not_found	China	NCBI
Virgaviridae	Tobamovirus	Odontoglossum ringspot virus	Tobamovirus odontoglossi	ORSV	ORSV	known_virus	Cymbidium goeringii	Higher Epidendroideae	Cymbidieae	Cymbidium	Epiphyte	MG869632	not_found	China	NCBI
Virgaviridae	Tobamovirus	Odontoglossum ringspot virus	Tobamovirus odontoglossi	ORSV	ORSV	known_virus	Cymbidium goeringii	Higher Epidendroideae	Cymbidieae	Cymbidium	Epiphyte	MG869633	not_found	China	NCBI
Virgaviridae	Tobamovirus	Odontoglossum ringspot virus	Tobamovirus odontoglossi	ORSV	ORSV	known_virus	Cymbidium goeringii	Higher Epidendroideae	Cymbidieae	Cymbidium	Epiphyte	MG869634	not_found	China	NCBI
Virgaviridae	Tobamovirus	Odontoglossum ringspot virus	Tobamovirus odontoglossi	ORSV	ORSV	known_virus	Cymbidium goeringii	Higher Epidendroideae	Cymbidieae	Cymbidium	Epiphyte	MG869635	not_found	China	NCBI
Virgaviridae	Tobamovirus	Odontoglossum ringspot virus	Tobamovirus odontoglossi	ORSV	ORSV	known_virus	Cymbidium goeringii	Higher Epidendroideae	Cymbidieae	Cymbidium	Epiphyte	MG869636	not_found	China	NCBI
Virgaviridae	Tobamovirus	Odontoglossum ringspot virus	Tobamovirus odontoglossi	ORSV	ORSV	known_virus	Cymbidium goeringii	Higher Epidendroideae	Cymbidieae	Cymbidium	Epiphyte	MG869637	not_found	China	NCBI
Virgaviridae	Tobamovirus	Odontoglossum ringspot virus	Tobamovirus odontoglossi	ORSV	ORSV	known_virus	Cymbidium goeringii	Higher Epidendroideae	Cymbidieae	Cymbidium	Epiphyte	MG869638	not_found	China	NCBI
Virgaviridae	Tobamovirus	Odontoglossum ringspot virus	Tobamovirus odontoglossi	ORSV	ORSV	known_virus	Cymbidium goeringii	Higher Epidendroideae	Cymbidieae	Cymbidium	Epiphyte	MG869639	not_found	China	NCBI
Virgaviridae	Tobamovirus	Odontoglossum ringspot virus	Tobamovirus odontoglossi	ORSV	ORSV	known_virus	Cymbidium goeringii	Higher Epidendroideae	Cymbidieae	Cymbidium	Epiphyte	MG869640	not_found	China	NCBI
Virgaviridae	Tobamovirus	Odontoglossum ringspot virus	Tobamovirus odontoglossi	ORSV	ORSV	known_virus	Cymbidium goeringii	Higher Epidendroideae	Cymbidieae	Cymbidium	Epiphyte	MG869641	not_found	China	NCBI
Virgaviridae	Tobamovirus	Odontoglossum ringspot virus	Tobamovirus odontoglossi	ORSV	ORSV	known_virus	Cymbidium goeringii	Higher Epidendroideae	Cymbidieae	Cymbidium	Epiphyte	MG869642	not_found	China	NCBI
Virgaviridae	Tobamovirus	Odontoglossum ringspot virus	Tobamovirus odontoglossi	ORSV	ORSV	known_virus	Cymbidium goeringii	Higher Epidendroideae	Cymbidieae	Cymbidium	Epiphyte	MG869643	not_found	China	NCBI
Virgaviridae	Tobamovirus	Odontoglossum ringspot virus	Tobamovirus odontoglossi	ORSV	ORSV	known_virus	Cymbidium goeringii	Higher Epidendroideae	Cymbidieae	Cymbidium	Epiphyte	MG869644	not_found	China	NCBI
Virgaviridae	Tobamovirus	Odontoglossum ringspot virus	Tobamovirus odontoglossi	ORSV	ORSV	known_virus	Cymbidium goeringii	Higher Epidendroideae	Cymbidieae	Cymbidium	Epiphyte	MG869645	not_found	China	NCBI
Virgaviridae	Tobamovirus	Odontoglossum ringspot virus	Tobamovirus odontoglossi	ORSV	ORSV	known_virus	Cymbidium goeringii	Higher Epidendroideae	Cymbidieae	Cymbidium	Epiphyte	MG869646	not_found	China	NCBI
Virgaviridae	Tobamovirus	Odontoglossum ringspot virus	Tobamovirus odontoglossi	ORSV	ORSV	known_virus	Cymbidium goeringii	Higher Epidendroideae	Cymbidieae	Cymbidium	Epiphyte	MG869647	not_found	China	NCBI
Virgaviridae	Tobamovirus	Odontoglossum ringspot virus	Tobamovirus odontoglossi	ORSV	ORSV	known_virus	Cymbidium goeringii	Higher Epidendroideae	Cymbidieae	Cymbidium	Epiphyte	MG869648	not_found	China	NCBI
Virgaviridae	Tobamovirus	Odontoglossum ringspot virus	Tobamovirus odontoglossi	ORSV	ORSV	known_virus	Cymbidium goeringii	Higher Epidendroideae	Cymbidieae	Cymbidium	Epiphyte	MG869649	not_found	China	NCBI
Virgaviridae	Tobamovirus	Odontoglossum ringspot virus	Tobamovirus odontoglossi	ORSV	ORSV	known_virus	Cymbidium ensifolium	Higher Epidendroideae	Cymbidieae	Cymbidium	Epiphyte	MH397319	not_found	China	NCBI
Virgaviridae	Tobamovirus	Odontoglossum ringspot virus	Tobamovirus odontoglossi	ORSV	ORSV	known_virus	Cymbidium ensifolium	Higher Epidendroideae	Cymbidieae	Cymbidium	Epiphyte	MH397320	not_found	China	NCBI
Virgaviridae	Tobamovirus	Odontoglossum ringspot virus	Tobamovirus odontoglossi	ORSV	ORSV	known_virus	Cymbidium ensifolium	Higher Epidendroideae	Cymbidieae	Cymbidium	Epiphyte	MH397321	not_found	China	NCBI
Virgaviridae	Tobamovirus	Odontoglossum ringspot virus	Tobamovirus odontoglossi	ORSV	ORSV	known_virus	Cymbidium ensifolium	Higher Epidendroideae	Cymbidieae	Cymbidium	Epiphyte	MH397322	not_found	China	NCBI
Virgaviridae	Tobamovirus	Odontoglossum ringspot virus	Tobamovirus odontoglossi	ORSV	ORSV	known_virus	Cymbidium ensifolium	Higher Epidendroideae	Cymbidieae	Cymbidium	Epiphyte	MH397323	not_found	China	NCBI
Virgaviridae	Tobamovirus	Odontoglossum ringspot virus	Tobamovirus odontoglossi	ORSV	ORSV	known_virus	Cymbidium ensifolium	Higher Epidendroideae	Cymbidieae	Cymbidium	Epiphyte	MH397324	not_found	China	NCBI
Virgaviridae	Tobamovirus	Odontoglossum ringspot virus	Tobamovirus odontoglossi	ORSV	ORSV	known_virus	Cymbidium ensifolium	Higher Epidendroideae	Cymbidieae	Cymbidium	Epiphyte	MH397325	not_found	China	NCBI
Virgaviridae	Tobamovirus	Odontoglossum ringspot virus	Tobamovirus odontoglossi	ORSV	ORSV	known_virus	Cymbidium ensifolium	Higher Epidendroideae	Cymbidieae	Cymbidium	Epiphyte	MH397326	not_found	China	NCBI
Virgaviridae	Tobamovirus	Odontoglossum ringspot virus	Tobamovirus odontoglossi	ORSV	ORSV	known_virus	Cymbidium ensifolium	Higher Epidendroideae	Cymbidieae	Cymbidium	Epiphyte	MH397327	not_found	China	NCBI
Virgaviridae	Tobamovirus	Odontoglossum ringspot virus	Tobamovirus odontoglossi	ORSV	ORSV	known_virus	Cymbidium ensifolium	Higher Epidendroideae	Cymbidieae	Cymbidium	Epiphyte	MH397328	not_found	China	NCBI
Virgaviridae	Tobamovirus	Odontoglossum ringspot virus	Tobamovirus odontoglossi	ORSV	ORSV	known_virus	Cymbidium ensifolium	Higher Epidendroideae	Cymbidieae	Cymbidium	Epiphyte	MH397329	not_found	China	NCBI
Virgaviridae	Tobamovirus	Odontoglossum ringspot virus	Tobamovirus odontoglossi	ORSV	ORSV	known_virus	Cymbidium ensifolium	Higher Epidendroideae	Cymbidieae	Cymbidium	Epiphyte	MH397330	not_found	China	NCBI
Virgaviridae	Tobamovirus	Odontoglossum ringspot virus	Tobamovirus odontoglossi	ORSV	ORSV	known_virus	Cymbidium ensifolium	Higher Epidendroideae	Cymbidieae	Cymbidium	Epiphyte	MH397331	not_found	China	NCBI
Virgaviridae	Tobamovirus	Odontoglossum ringspot virus	Tobamovirus odontoglossi	ORSV	ORSV	known_virus	Cymbidium ensifolium	Higher Epidendroideae	Cymbidieae	Cymbidium	Epiphyte	MH397332	not_found	China	NCBI
Virgaviridae	Tobamovirus	Odontoglossum ringspot virus	Tobamovirus odontoglossi	ORSV	ORSV	known_virus	Cymbidium ensifolium	Higher Epidendroideae	Cymbidieae	Cymbidium	Epiphyte	MH397333	not_found	China	NCBI
Virgaviridae	Tobamovirus	Odontoglossum ringspot virus	Tobamovirus odontoglossi	ORSV	ORSV	known_virus	Cymbidium ensifolium	Higher Epidendroideae	Cymbidieae	Cymbidium	Epiphyte	MH397334	not_found	China	NCBI
Virgaviridae	Tobamovirus	Odontoglossum ringspot virus	Tobamovirus odontoglossi	ORSV	ORSV	known_virus	Cymbidium goeringii	Higher Epidendroideae	Cymbidieae	Cymbidium	Epiphyte	MN057680	not_found	South_Korea	NCBI
Virgaviridae	Tobamovirus	Odontoglossum ringspot virus	Tobamovirus odontoglossi	ORSV	ORSV	known_virus	Cymbidium elegans	Higher Epidendroideae	Cymbidieae	Cymbidium	Epiphyte	ON113105	not_found	India	NCBI
Virgaviridae	Tobamovirus	Odontoglossum ringspot virus	Tobamovirus odontoglossi	ORSV	ORSV	known_virus	Cymbidium lowianum	Higher Epidendroideae	Cymbidieae	Cymbidium	Epiphyte	OR491293	not_found	India	NCBI
Virgaviridae	Tobamovirus	Odontoglossum ringspot virus	Tobamovirus odontoglossi	ORSV	ORSV	known_virus	Cymbidium sp	Higher Epidendroideae	Cymbidieae	Cymbidium	Epiphytic, Lithophytic, Terrestrial	AB541487	not_found	South_Korea	NCBI
Virgaviridae	Tobamovirus	Odontoglossum ringspot virus	Tobamovirus odontoglossi	ORSV	ORSV	known_virus	Cymbidium sp	Higher Epidendroideae	Cymbidieae	Cymbidium	Epiphytic, Lithophytic, Terrestrial	AB541488	not_found	South_Korea	NCBI
Virgaviridae	Tobamovirus	Odontoglossum ringspot virus	Tobamovirus odontoglossi	ORSV	ORSV	known_virus	Cymbidium sp	Higher Epidendroideae	Cymbidieae	Cymbidium	Epiphytic, Lithophytic, Terrestrial	AB541489	not_found	South_Korea	NCBI
Virgaviridae	Tobamovirus	Odontoglossum ringspot virus	Tobamovirus odontoglossi	ORSV	ORSV	known_virus	Cymbidium sp	Higher Epidendroideae	Cymbidieae	Cymbidium	Epiphytic, Lithophytic, Terrestrial	AB693989	not_found	Indonesia	NCBI
Virgaviridae	Tobamovirus	Odontoglossum ringspot virus	Tobamovirus odontoglossi	ORSV	ORSV	known_virus	Cymbidium sp	Higher Epidendroideae	Cymbidieae	Cymbidium	Epiphytic, Lithophytic, Terrestrial	AJ564563	not_found	India	NCBI
Virgaviridae	Tobamovirus	Odontoglossum ringspot virus	Tobamovirus odontoglossi	ORSV	ORSV	known_virus	Cymbidium sp	Higher Epidendroideae	Cymbidieae	Cymbidium	Epiphytic, Lithophytic, Terrestrial	EU683879	not_found	South_Korea	NCBI
Virgaviridae	Tobamovirus	Odontoglossum ringspot virus	Tobamovirus odontoglossi	ORSV	ORSV	known_virus	Cymbidium sp	Higher Epidendroideae	Cymbidieae	Cymbidium	Epiphytic, Lithophytic, Terrestrial	KF855954	not_found	Australia	NCBI
Virgaviridae	Tobamovirus	Odontoglossum ringspot virus	Tobamovirus odontoglossi	ORSV	ORSV	known_virus	Cymbidium sp	Higher Epidendroideae	Cymbidieae	Cymbidium	Epiphytic, Lithophytic, Terrestrial	LC381916	not_found	South_Korea	NCBI
Virgaviridae	Tobamovirus	Odontoglossum ringspot virus	Tobamovirus odontoglossi	ORSV	ORSV	known_virus	Cymbidium sp	Higher Epidendroideae	Cymbidieae	Cymbidium	Epiphytic, Lithophytic, Terrestrial	LC653144	not_found	South_Korea	NCBI
Virgaviridae	Tobamovirus	Odontoglossum ringspot virus	Tobamovirus odontoglossi	ORSV	ORSV	known_virus	Cymbidium sp	Higher Epidendroideae	Cymbidieae	Cymbidium	Epiphytic, Lithophytic, Terrestrial	ON113107	not_found	India	NCBI
Virgaviridae	Tobamovirus	Odontoglossum ringspot virus	Tobamovirus odontoglossi	ORSV	ORSV	known_virus	Cymbidium sp	Higher Epidendroideae	Cymbidieae	Cymbidium	Epiphytic, Lithophytic, Terrestrial	OP644547	not_found	China	NCBI
Virgaviridae	Tobamovirus	Odontoglossum ringspot virus	Tobamovirus odontoglossi	ORSV	ORSV	known_virus	Cymbidium sp	Higher Epidendroideae	Cymbidieae	Cymbidium	Epiphytic, Lithophytic, Terrestrial	PP681428	not_found	Italy	NCBI
Virgaviridae	Tobamovirus	Odontoglossum ringspot virus	Tobamovirus odontoglossi	ORSV	ORSV	known_virus	Cymbidium sp	Higher Epidendroideae	Cymbidieae	Cymbidium	Epiphytic, Lithophytic, Terrestrial	SRR4409630	various	China	SRA
Virgaviridae	Tobamovirus	Odontoglossum ringspot virus	Tobamovirus odontoglossi	ORSV	ORSV	known_virus	Cymbidium sp	Higher Epidendroideae	Cymbidieae	Cymbidium	Epiphytic, Lithophytic, Terrestrial	U89894	not_found	not_found	NCBI
Virgaviridae	Tobamovirus	Odontoglossum ringspot virus	Tobamovirus odontoglossi	ORSV	ORSV	known_virus	Cymbidium sp	Higher Epidendroideae	Cymbidieae	Cymbidium	Epiphytic, Lithophytic, Terrestrial	X78966	not_found	not_found	NCBI
Virgaviridae	Tobamovirus	Odontoglossum ringspot virus	Tobamovirus odontoglossi	ORSV	ORSV	known_virus	Cymbidium sp	Higher Epidendroideae	Cymbidieae	Cymbidium	Epiphytic, Lithophytic, Terrestrial	X80053	not_found	not_found	NCBI
Virgaviridae	Tobamovirus	Odontoglossum ringspot virus	Tobamovirus odontoglossi	ORSV	ORSV	known_virus	Cymbidium faberi	Higher Epidendroideae	Cymbidieae	Cymbidium	Geophyte	KP137373	not_found	China	NCBI
Virgaviridae	Tobamovirus	Odontoglossum ringspot virus	Tobamovirus odontoglossi	ORSV	ORSV	known_virus	Cymbidium faberi	Higher Epidendroideae	Cymbidieae	Cymbidium	Geophyte	KP137374	not_found	China	NCBI
Virgaviridae	Tobamovirus	Odontoglossum ringspot virus	Tobamovirus odontoglossi	ORSV	ORSV	known_virus	Cymbidium kanran	Higher Epidendroideae	Cymbidieae	Cymbidium	Lithophytes	AF406768	not_found	South_Korea	NCBI
Virgaviridae	Tobamovirus	Odontoglossum ringspot virus	Tobamovirus odontoglossi	ORSV	ORSV	known_virus	Cymbidium lancifolium	Higher Epidendroideae	Cymbidieae	Cymbidium	not_found	KP137376	not_found	China	NCBI
Virgaviridae	Tobamovirus	Odontoglossum ringspot virus	Tobamovirus odontoglossi	ORSV	ORSV	known_virus	Cymbidium sinense	Higher Epidendroideae	Cymbidieae	Cymbidium	Terrestial	AY360407	not_found	China	NCBI
Virgaviridae	Tobamovirus	Odontoglossum ringspot virus	Tobamovirus odontoglossi	ORSV	ORSV	known_virus	Cymbidium sinense	Higher Epidendroideae	Cymbidieae	Cymbidium	Terrestial	KF836063	not_found	China	NCBI
Virgaviridae	Tobamovirus	Odontoglossum ringspot virus	Tobamovirus odontoglossi	ORSV	ORSV	known_virus	Cymbidium sinense	Higher Epidendroideae	Cymbidieae	Cymbidium	Terrestial	KF836082	not_found	China	NCBI
Virgaviridae	Tobamovirus	Odontoglossum ringspot virus	Tobamovirus odontoglossi	ORSV	ORSV	known_virus	Cymbidium sinense	Higher Epidendroideae	Cymbidieae	Cymbidium	Terrestial	KF836083	not_found	China	NCBI
Virgaviridae	Tobamovirus	Odontoglossum ringspot virus	Tobamovirus odontoglossi	ORSV	ORSV	known_virus	Cymbidium sinense	Higher Epidendroideae	Cymbidieae	Cymbidium	Terrestial	KF836085	not_found	China	NCBI
Virgaviridae	Tobamovirus	Odontoglossum ringspot virus	Tobamovirus odontoglossi	ORSV	ORSV	known_virus	Cymbidium sinense	Higher Epidendroideae	Cymbidieae	Cymbidium	Terrestial	SRR13674030	leaf	China	SRA
Virgaviridae	Tobamovirus	Odontoglossum ringspot virus	Tobamovirus odontoglossi	ORSV	ORSV	known_virus	Cymbidium sinense	Higher Epidendroideae	Cymbidieae	Cymbidium	Terrestial	SRR15174944	not_found	not_found	SRA
Virgaviridae	Tobamovirus	Odontoglossum ringspot virus	Tobamovirus odontoglossi	ORSV	ORSV	known_virus	Cymbidium sinense	Higher Epidendroideae	Cymbidieae	Cymbidium	Terrestial	SRR15194897	various	China	SRA
Virgaviridae	Tobamovirus	Odontoglossum ringspot virus	Tobamovirus odontoglossi	ORSV	ORSV	known_virus	Cymbidium sinense	Higher Epidendroideae	Cymbidieae	Cymbidium	Terrestial	SRR15194898	various	China	SRA
Virgaviridae	Tobamovirus	Odontoglossum ringspot virus	Tobamovirus odontoglossi	ORSV	ORSV	known_virus	Cymbidium sinense	Higher Epidendroideae	Cymbidieae	Cymbidium	Terrestial	SRR15194899	various	China	SRA
Virgaviridae	Tobamovirus	Odontoglossum ringspot virus	Tobamovirus odontoglossi	ORSV	ORSV	known_virus	Cymbidium sinense	Higher Epidendroideae	Cymbidieae	Cymbidium	Terrestial	SRR15194900	various	China	SRA
Virgaviridae	Tobamovirus	Odontoglossum ringspot virus	Tobamovirus odontoglossi	ORSV	ORSV	known_virus	Dendrobium sp	Higher Epidendroideae	Podochileae	Dendrobium	Epiphyte	AB541490	not_found	South_Korea	NCBI
Virgaviridae	Tobamovirus	Odontoglossum ringspot virus	Tobamovirus odontoglossi	ORSV	ORSV	known_virus	Dendrobium sp	Higher Epidendroideae	Podochileae	Dendrobium	Epiphyte	AB541491	not_found	South_Korea	NCBI
Virgaviridae	Tobamovirus	Odontoglossum ringspot virus	Tobamovirus odontoglossi	ORSV	ORSV	known_virus	Dendrobium sp	Higher Epidendroideae	Podochileae	Dendrobium	Epiphyte	AB541492	not_found	South_Korea	NCBI
Virgaviridae	Tobamovirus	Odontoglossum ringspot virus	Tobamovirus odontoglossi	ORSV	ORSV	known_virus	Dendrobium sp	Higher Epidendroideae	Podochileae	Dendrobium	Epiphyte	AB541493	not_found	South_Korea	NCBI
Virgaviridae	Tobamovirus	Odontoglossum ringspot virus	Tobamovirus odontoglossi	ORSV	ORSV	known_virus	Dendrobium sp	Higher Epidendroideae	Podochileae	Dendrobium	Epiphyte	AB541494	not_found	South_Korea	NCBI
Virgaviridae	Tobamovirus	Odontoglossum ringspot virus	Tobamovirus odontoglossi	ORSV	ORSV	known_virus	Dendrobium sp	Higher Epidendroideae	Podochileae	Dendrobium	Epiphyte	AB541495	not_found	South_Korea	NCBI
Virgaviridae	Tobamovirus	Odontoglossum ringspot virus	Tobamovirus odontoglossi	ORSV	ORSV	known_virus	Dendrobium sp	Higher Epidendroideae	Podochileae	Dendrobium	Epiphyte	AB541496	not_found	South_Korea	NCBI
Virgaviridae	Tobamovirus	Odontoglossum ringspot virus	Tobamovirus odontoglossi	ORSV	ORSV	known_virus	Dendrobium sp	Higher Epidendroideae	Podochileae	Dendrobium	Epiphyte	AB541497	not_found	South_Korea	NCBI
Virgaviridae	Tobamovirus	Odontoglossum ringspot virus	Tobamovirus odontoglossi	ORSV	ORSV	known_virus	Dendrobium sp	Higher Epidendroideae	Podochileae	Dendrobium	Epiphyte	AB541498	not_found	South_Korea	NCBI
Virgaviridae	Tobamovirus	Odontoglossum ringspot virus	Tobamovirus odontoglossi	ORSV	ORSV	known_virus	Dendrobium sp	Higher Epidendroideae	Podochileae	Dendrobium	Epiphyte	AB541499	not_found	South_Korea	NCBI
Virgaviridae	Tobamovirus	Odontoglossum ringspot virus	Tobamovirus odontoglossi	ORSV	ORSV	known_virus	Dendrobium sp	Higher Epidendroideae	Podochileae	Dendrobium	Epiphyte	AB541500	not_found	South_Korea	NCBI
Virgaviridae	Tobamovirus	Odontoglossum ringspot virus	Tobamovirus odontoglossi	ORSV	ORSV	known_virus	Dendrobium sp	Higher Epidendroideae	Podochileae	Dendrobium	Epiphyte	AB541501	not_found	South_Korea	NCBI
Virgaviridae	Tobamovirus	Odontoglossum ringspot virus	Tobamovirus odontoglossi	ORSV	ORSV	known_virus	Dendrobium sp	Higher Epidendroideae	Podochileae	Dendrobium	Epiphyte	AB541502	not_found	South_Korea	NCBI
Virgaviridae	Tobamovirus	Odontoglossum ringspot virus	Tobamovirus odontoglossi	ORSV	ORSV	known_virus	Dendrobium sp	Higher Epidendroideae	Podochileae	Dendrobium	Epiphyte	AB541503	not_found	South_Korea	NCBI
Virgaviridae	Tobamovirus	Odontoglossum ringspot virus	Tobamovirus odontoglossi	ORSV	ORSV	known_virus	Dendrobium sp	Higher Epidendroideae	Podochileae	Dendrobium	Epiphyte	AB541504	not_found	South_Korea	NCBI
Virgaviridae	Tobamovirus	Odontoglossum ringspot virus	Tobamovirus odontoglossi	ORSV	ORSV	known_virus	Dendrobium sp	Higher Epidendroideae	Podochileae	Dendrobium	Epiphyte	AB693988	not_found	Indonesia	NCBI
Virgaviridae	Tobamovirus	Odontoglossum ringspot virus	Tobamovirus odontoglossi	ORSV	ORSV	known_virus	Dendrobium sp	Higher Epidendroideae	Podochileae	Dendrobium	Epiphyte	KF836070	not_found	China	NCBI
Virgaviridae	Tobamovirus	Odontoglossum ringspot virus	Tobamovirus odontoglossi	ORSV	ORSV	known_virus	Dendrobium sp	Higher Epidendroideae	Podochileae	Dendrobium	Epiphyte	KF836074	not_found	China	NCBI
Virgaviridae	Tobamovirus	Odontoglossum ringspot virus	Tobamovirus odontoglossi	ORSV	ORSV	known_virus	Epidendrum sp	Higher Epidendroideae	Epidendreae	Epidendrum	Epiphyte	AF405727	not_found	South_Korea	NCBI
Virgaviridae	Tobamovirus	Odontoglossum ringspot virus	Tobamovirus odontoglossi	ORSV	ORSV	known_virus	Epidendrum sp	Higher Epidendroideae	Epidendreae	Epidendrum	Epiphyte	MF420347	not_found	Mexico	NCBI
Virgaviridae	Tobamovirus	Odontoglossum ringspot virus	Tobamovirus odontoglossi	ORSV	ORSV	known_virus	Epidendrum sp	Higher Epidendroideae	Epidendreae	Epidendrum	Epiphyte	MF420348	not_found	Mexico	NCBI
Virgaviridae	Tobamovirus	Odontoglossum ringspot virus	Tobamovirus odontoglossi	ORSV	ORSV	known_virus	Gastrodia elata	Higher Epidendroideae	Gastrodieae	Gastrodia	Terrestrial	SRR2962594	corm	China	SRA
Virgaviridae	Tobamovirus	Odontoglossum ringspot virus	Tobamovirus odontoglossi	ORSV	ORSV	known_virus	Geodorum sp	Higher Epidendroideae	Cymbidieae	Geodorum	Terrestial	AB693991	not_found	Indonesia	NCBI
Virgaviridae	Tobamovirus	Odontoglossum ringspot virus	Tobamovirus odontoglossi	ORSV	ORSV	known_virus	Laelia sp	Higher Epidendroideae	Epidendreae	Laelia	Epiphyte	HQ393953	not_found	Mexico	NCBI
Virgaviridae	Tobamovirus	Odontoglossum ringspot virus	Tobamovirus odontoglossi	ORSV	ORSV	known_virus	Laelia sp	Higher Epidendroideae	Epidendreae	Laelia	Epiphyte	HQ393954	not_found	Mexico	NCBI
Virgaviridae	Tobamovirus	Odontoglossum ringspot virus	Tobamovirus odontoglossi	ORSV	ORSV	known_virus	Laelia sp	Higher Epidendroideae	Epidendreae	Laelia	Epiphyte	HQ393955	not_found	Mexico	NCBI
Virgaviridae	Tobamovirus	Odontoglossum ringspot virus	Tobamovirus odontoglossi	ORSV	ORSV	known_virus	Ludisia discolor	Higher Epidendroideae	Cranichideae	Ludisia	Terrestial	ERR2040744	nd	nd	SRA
Virgaviridae	Tobamovirus	Odontoglossum ringspot virus	Tobamovirus odontoglossi	ORSV	ORSV	known_virus	Aeridinae sp	Higher Epidendroideae	Vandeae	not_found	Epiphyte	AF406777	not_found	Singapore	NCBI
Virgaviridae	Tobamovirus	Odontoglossum ringspot virus	Tobamovirus odontoglossi	ORSV	ORSV	known_virus	Orchidaceae	Higher Epidendroideae	not_found	not_found	not_found	AB640863	not_found	Indonesia	NCBI
Virgaviridae	Tobamovirus	Odontoglossum ringspot virus	Tobamovirus odontoglossi	ORSV	ORSV	known_virus	Orchidaceae	Higher Epidendroideae	not_found	not_found	not_found	JN584484	not_found	China	NCBI
Virgaviridae	Tobamovirus	Odontoglossum ringspot virus	Tobamovirus odontoglossi	ORSV	ORSV	known_virus	Orchidaceae	Higher Epidendroideae	not_found	not_found	not_found	KP162182	not_found	China	NCBI
Virgaviridae	Tobamovirus	Odontoglossum ringspot virus	Tobamovirus odontoglossi	ORSV	ORSV	known_virus	Orchidaceae	Higher Epidendroideae	not_found	not_found	not_found	KP162183	not_found	China	NCBI
Virgaviridae	Tobamovirus	Odontoglossum ringspot virus	Tobamovirus odontoglossi	ORSV	ORSV	known_virus	Orchidaceae	Higher Epidendroideae	not_found	not_found	not_found	MK902741	not_found	Mexico	NCBI
Virgaviridae	Tobamovirus	Odontoglossum ringspot virus	Tobamovirus odontoglossi	ORSV	ORSV	known_virus	Orchidaceae	Higher Epidendroideae	not_found	not_found	not_found	MK902742	not_found	Mexico	NCBI
Virgaviridae	Tobamovirus	Odontoglossum ringspot virus	Tobamovirus odontoglossi	ORSV	ORSV	known_virus	Orchidaceae	Higher Epidendroideae	not_found	not_found	not_found	MN027917	leaf	India	NCBI
Virgaviridae	Tobamovirus	Odontoglossum ringspot virus	Tobamovirus odontoglossi	ORSV	ORSV	known_virus	Orchidaceae	Higher Epidendroideae	not_found	not_found	not_found	MN027918	leaf	India	NCBI
Virgaviridae	Tobamovirus	Odontoglossum ringspot virus	Tobamovirus odontoglossi	ORSV	ORSV	known_virus	Orchidaceae	Higher Epidendroideae	not_found	not_found	not_found	MN027919	leaf	India	NCBI
Virgaviridae	Tobamovirus	Odontoglossum ringspot virus	Tobamovirus odontoglossi	ORSV	ORSV	known_virus	Orchidaceae	Higher Epidendroideae	not_found	not_found	not_found	MN027920	leaf	India	NCBI
Virgaviridae	Tobamovirus	Odontoglossum ringspot virus	Tobamovirus odontoglossi	ORSV	ORSV	known_virus	Cymbidium hybrid cultivar	Higher Epidendroideae	not_found	not_found	not_found	AF406775	not_found	Taiwan	NCBI
Virgaviridae	Tobamovirus	Odontoglossum ringspot virus	Tobamovirus odontoglossi	ORSV	ORSV	known_virus	Cymbidium hybrid cultivar	Higher Epidendroideae	not_found	not_found	not_found	KF836071	not_found	China	NCBI
Virgaviridae	Tobamovirus	Odontoglossum ringspot virus	Tobamovirus odontoglossi	ORSV	ORSV	known_virus	Cymbidium hybrid cultivar	Higher Epidendroideae	not_found	not_found	not_found	KF836073	not_found	China	NCBI
Virgaviridae	Tobamovirus	Odontoglossum ringspot virus	Tobamovirus odontoglossi	ORSV	ORSV	known_virus	Cymbidium hybrid cultivar	Higher Epidendroideae	not_found	not_found	not_found	KF836077	not_found	China	NCBI
Virgaviridae	Tobamovirus	Odontoglossum ringspot virus	Tobamovirus odontoglossi	ORSV	ORSV	known_virus	Oncidium hybrid cultivar	Higher Epidendroideae	not_found	not_found	not_found	MZ662115	leaf	China	NCBI
Virgaviridae	Tobamovirus	Odontoglossum ringspot virus	Tobamovirus odontoglossi	ORSV	ORSV	known_virus	Cymbidium hybrid cultivar	Higher Epidendroideae	not_found	not_found	not_found	ON113108	not_found	India	NCBI
Virgaviridae	Tobamovirus	Odontoglossum ringspot virus	Tobamovirus odontoglossi	ORSV	ORSV	known_virus	Cymbidium hybrid cultivar	Higher Epidendroideae	not_found	not_found	not_found	OR491288	not_found	India	NCBI
Virgaviridae	Tobamovirus	Odontoglossum ringspot virus	Tobamovirus odontoglossi	ORSV	ORSV	known_virus	Cymbidium hybrid cultivar	Higher Epidendroideae	not_found	not_found	not_found	OR491289	not_found	India	NCBI
Virgaviridae	Tobamovirus	Odontoglossum ringspot virus	Tobamovirus odontoglossi	ORSV	ORSV	known_virus	Cattleya hybrid cultivar	Higher Epidendroideae	not_found	not_found	not_found	OR491290	not_found	India	NCBI
Virgaviridae	Tobamovirus	Odontoglossum ringspot virus	Tobamovirus odontoglossi	ORSV	ORSV	known_virus	Cattleya hybrid cultivar	Higher Epidendroideae	not_found	not_found	not_found	OR491291	not_found	India	NCBI
Virgaviridae	Tobamovirus	Odontoglossum ringspot virus	Tobamovirus odontoglossi	ORSV	ORSV	known_virus	Dendrobium hybrid cultivar	Higher Epidendroideae	not_found	not_found	not_found	OR491292	not_found	India	NCBI
Virgaviridae	Tobamovirus	Odontoglossum ringspot virus	Tobamovirus odontoglossi	ORSV	ORSV	known_virus	Cymbidium hybrid cultivar	Higher Epidendroideae	not_found	not_found	not_found	OR491294	not_found	India	NCBI
Virgaviridae	Tobamovirus	Odontoglossum ringspot virus	Tobamovirus odontoglossi	ORSV	ORSV	known_virus	Oncidium sp	Higher Epidendroideae	Cymbidieae	Oncidium	Epiphyte	AB541505	not_found	South_Korea	NCBI
Virgaviridae	Tobamovirus	Odontoglossum ringspot virus	Tobamovirus odontoglossi	ORSV	ORSV	known_virus	Oncidium sp	Higher Epidendroideae	Cymbidieae	Oncidium	Epiphyte	AB541506	not_found	South_Korea	NCBI
Virgaviridae	Tobamovirus	Odontoglossum ringspot virus	Tobamovirus odontoglossi	ORSV	ORSV	known_virus	Oncidium sp	Higher Epidendroideae	Cymbidieae	Oncidium	Epiphyte	AB541507	not_found	South_Korea	NCBI
Virgaviridae	Tobamovirus	Odontoglossum ringspot virus	Tobamovirus odontoglossi	ORSV	ORSV	known_virus	Oncidium sp	Higher Epidendroideae	Cymbidieae	Oncidium	Epiphyte	AB541508	not_found	South_Korea	NCBI
Virgaviridae	Tobamovirus	Odontoglossum ringspot virus	Tobamovirus odontoglossi	ORSV	ORSV	known_virus	Oncidium sp	Higher Epidendroideae	Cymbidieae	Oncidium	Epiphyte	AB541509	not_found	South_Korea	NCBI
Virgaviridae	Tobamovirus	Odontoglossum ringspot virus	Tobamovirus odontoglossi	ORSV	ORSV	known_virus	Oncidium sp	Higher Epidendroideae	Cymbidieae	Oncidium	Epiphyte	AB541510	not_found	South_Korea	NCBI
Virgaviridae	Tobamovirus	Odontoglossum ringspot virus	Tobamovirus odontoglossi	ORSV	ORSV	known_virus	Oncidium sp	Higher Epidendroideae	Cymbidieae	Oncidium	Epiphyte	AB541511	not_found	South_Korea	NCBI
Virgaviridae	Tobamovirus	Odontoglossum ringspot virus	Tobamovirus odontoglossi	ORSV	ORSV	known_virus	Oncidium sp	Higher Epidendroideae	Cymbidieae	Oncidium	Epiphyte	AB541512	not_found	South_Korea	NCBI
Virgaviridae	Tobamovirus	Odontoglossum ringspot virus	Tobamovirus odontoglossi	ORSV	ORSV	known_virus	Oncidium sp	Higher Epidendroideae	Cymbidieae	Oncidium	Epiphyte	AB541513	not_found	South_Korea	NCBI
Virgaviridae	Tobamovirus	Odontoglossum ringspot virus	Tobamovirus odontoglossi	ORSV	ORSV	known_virus	Oncidium sp	Higher Epidendroideae	Cymbidieae	Oncidium	Epiphyte	AB541514	not_found	South_Korea	NCBI
Virgaviridae	Tobamovirus	Odontoglossum ringspot virus	Tobamovirus odontoglossi	ORSV	ORSV	known_virus	Oncidium sp	Higher Epidendroideae	Cymbidieae	Oncidium	Epiphyte	AB541515	not_found	South_Korea	NCBI
Virgaviridae	Tobamovirus	Odontoglossum ringspot virus	Tobamovirus odontoglossi	ORSV	ORSV	known_virus	Oncidium sp	Higher Epidendroideae	Cymbidieae	Oncidium	Epiphyte	AB541516	not_found	South_Korea	NCBI
Virgaviridae	Tobamovirus	Odontoglossum ringspot virus	Tobamovirus odontoglossi	ORSV	ORSV	known_virus	Oncidium sp	Higher Epidendroideae	Cymbidieae	Oncidium	Epiphyte	AB541517	not_found	South_Korea	NCBI
Virgaviridae	Tobamovirus	Odontoglossum ringspot virus	Tobamovirus odontoglossi	ORSV	ORSV	known_virus	Oncidium sp	Higher Epidendroideae	Cymbidieae	Oncidium	Epiphyte	AB541518	not_found	South_Korea	NCBI
Virgaviridae	Tobamovirus	Odontoglossum ringspot virus	Tobamovirus odontoglossi	ORSV	ORSV	known_virus	Oncidium sp	Higher Epidendroideae	Cymbidieae	Oncidium	Epiphyte	AB541519	not_found	South_Korea	NCBI
Virgaviridae	Tobamovirus	Odontoglossum ringspot virus	Tobamovirus odontoglossi	ORSV	ORSV	known_virus	Oncidium sp	Higher Epidendroideae	Cymbidieae	Oncidium	Epiphyte	AB541520	not_found	South_Korea	NCBI
Virgaviridae	Tobamovirus	Odontoglossum ringspot virus	Tobamovirus odontoglossi	ORSV	ORSV	known_virus	Oncidium sp	Higher Epidendroideae	Cymbidieae	Oncidium	Epiphyte	AB541521	not_found	South_Korea	NCBI
Virgaviridae	Tobamovirus	Odontoglossum ringspot virus	Tobamovirus odontoglossi	ORSV	ORSV	known_virus	Oncidium sp	Higher Epidendroideae	Cymbidieae	Oncidium	Epiphyte	AB693990	not_found	Indonesia	NCBI
Virgaviridae	Tobamovirus	Odontoglossum ringspot virus	Tobamovirus odontoglossi	ORSV	ORSV	known_virus	Oncidium sp	Higher Epidendroideae	Cymbidieae	Oncidium	Epiphyte	AF455273	not_found	Taiwan	NCBI
Virgaviridae	Tobamovirus	Odontoglossum ringspot virus	Tobamovirus odontoglossi	ORSV	ORSV	known_virus	Oncidium sp	Higher Epidendroideae	Cymbidieae	Oncidium	Epiphyte	KF836064	not_found	China	NCBI
Virgaviridae	Tobamovirus	Odontoglossum ringspot virus	Tobamovirus odontoglossi	ORSV	ORSV	known_virus	Orchis sp	Higher Epidendroideae	Orchideae	Orchis	Terrestrial	OR607770	not_found	Germany	NCBI
Virgaviridae	Tobamovirus	Odontoglossum ringspot virus	Tobamovirus odontoglossi	ORSV	ORSV	known_virus	Phalaenopsis amabilis	Higher Epidendroideae	Vandeae	Phalaenopsis	Epiphyte	EU653020	not_found	China	NCBI
Virgaviridae	Tobamovirus	Odontoglossum ringspot virus	Tobamovirus odontoglossi	ORSV	ORSV	known_virus	Phalaenopsis pulcherrima	Higher Epidendroideae	Vandeae	Phalaenopsis	Epiphyte	HQ644131	not_found	South_Korea	NCBI
Virgaviridae	Tobamovirus	Odontoglossum ringspot virus	Tobamovirus odontoglossi	ORSV	ORSV	known_virus	Phalaenopsis pulcherrima	Higher Epidendroideae	Vandeae	Phalaenopsis	Epiphyte	LC790454	not_found	South_Korea	NCBI
Virgaviridae	Tobamovirus	Odontoglossum ringspot virus	Tobamovirus odontoglossi	ORSV	ORSV	known_virus	Phalaenopsis pulcherrima	Higher Epidendroideae	Vandeae	Phalaenopsis	Epiphyte	MN057679	not_found	South_Korea	NCBI
Virgaviridae	Tobamovirus	Odontoglossum ringspot virus	Tobamovirus odontoglossi	ORSV	ORSV	known_virus	Phalaenopsis pulcherrima	Higher Epidendroideae	Vandeae	Phalaenopsis	Epiphyte	MW316660	not_found	Taiwan	NCBI
Virgaviridae	Tobamovirus	Odontoglossum ringspot virus	Tobamovirus odontoglossi	ORSV	ORSV	known_virus	Phalaenopsis pulcherrima	Higher Epidendroideae	Vandeae	Phalaenopsis	Epiphyte	PQ566621	not_found	South_Korea	NCBI
Virgaviridae	Tobamovirus	Odontoglossum ringspot virus	Tobamovirus odontoglossi	ORSV	ORSV	known_virus	Phalaenopsis hybrid cultivar	Higher Epidendroideae	Vandeae	Phalaenopsis	Epiphyte	SRR1041671	nd	China	SRA
Virgaviridae	Tobamovirus	Odontoglossum ringspot virus	Tobamovirus odontoglossi	ORSV	ORSV	known_virus	Phalaenopsis hybrid cultivar	Higher Epidendroideae	Vandeae	Phalaenopsis	Epiphyte	SRR1041672	nd	China	SRA
Virgaviridae	Tobamovirus	Odontoglossum ringspot virus	Tobamovirus odontoglossi	ORSV	ORSV	known_virus	Phalaenopsis hybrid cultivar	Higher Epidendroideae	Vandeae	Phalaenopsis	Epiphyte	SRR1041674	nd	China	SRA
Virgaviridae	Tobamovirus	Odontoglossum ringspot virus	Tobamovirus odontoglossi	ORSV	ORSV	known_virus	Phalaenopsis hybrid cultivar	Higher Epidendroideae	Vandeae	Phalaenopsis	Epiphyte	SRR1055945	nd	nd	SRA
Virgaviridae	Tobamovirus	Odontoglossum ringspot virus	Tobamovirus odontoglossi	ORSV	ORSV	known_virus	Phalaenopsis hybrid cultivar	Higher Epidendroideae	Vandeae	Phalaenopsis	Epiphyte	SRR1055949	nd	nd	SRA
Virgaviridae	Tobamovirus	Odontoglossum ringspot virus	Tobamovirus odontoglossi	ORSV	ORSV	known_virus	Phalaenopsis equestris	Higher Epidendroideae	Vandeae	Phalaenopsis	Epiphyte	SRR13734080	leaf	Russia	SRA
Virgaviridae	Tobamovirus	Odontoglossum ringspot virus	Tobamovirus odontoglossi	ORSV	ORSV	known_virus	Phalaenopsis equestris	Higher Epidendroideae	Vandeae	Phalaenopsis	Epiphyte	SRR13734081	leaf	Russia	SRA
Virgaviridae	Tobamovirus	Odontoglossum ringspot virus	Tobamovirus odontoglossi	ORSV	ORSV	known_virus	Phalaenopsis equestris	Higher Epidendroideae	Vandeae	Phalaenopsis	Epiphyte	SRR13734082	leaf	Russia	SRA
Virgaviridae	Tobamovirus	Odontoglossum ringspot virus	Tobamovirus odontoglossi	ORSV	ORSV	known_virus	Phalaenopsis equestris	Higher Epidendroideae	Vandeae	Phalaenopsis	Epiphyte	SRR13734083	leaf	Russia	SRA
Virgaviridae	Tobamovirus	Odontoglossum ringspot virus	Tobamovirus odontoglossi	ORSV	ORSV	known_virus	Phalaenopsis equestris	Higher Epidendroideae	Vandeae	Phalaenopsis	Epiphyte	SRR13734084	leaf	Russia	SRA
Virgaviridae	Tobamovirus	Odontoglossum ringspot virus	Tobamovirus odontoglossi	ORSV	ORSV	known_virus	Phalaenopsis equestris	Higher Epidendroideae	Vandeae	Phalaenopsis	Epiphyte	SRR13734085	ovule	Russia	SRA
Virgaviridae	Tobamovirus	Odontoglossum ringspot virus	Tobamovirus odontoglossi	ORSV	ORSV	known_virus	Phalaenopsis equestris	Higher Epidendroideae	Vandeae	Phalaenopsis	Epiphyte	SRR13734087	leaf	Russia	SRA
Virgaviridae	Tobamovirus	Odontoglossum ringspot virus	Tobamovirus odontoglossi	ORSV	ORSV	known_virus	Phalaenopsis equestris	Higher Epidendroideae	Vandeae	Phalaenopsis	Epiphyte	SRR13734088	leaf	Russia	SRA
Virgaviridae	Tobamovirus	Odontoglossum ringspot virus	Tobamovirus odontoglossi	ORSV	ORSV	known_virus	Phalaenopsis equestris	Higher Epidendroideae	Vandeae	Phalaenopsis	Epiphyte	SRR13734089	leaf	Russia	SRA
Virgaviridae	Tobamovirus	Odontoglossum ringspot virus	Tobamovirus odontoglossi	ORSV	ORSV	known_virus	Phalaenopsis equestris	Higher Epidendroideae	Vandeae	Phalaenopsis	Epiphyte	SRR13734090	leaf	Russia	SRA
Virgaviridae	Tobamovirus	Odontoglossum ringspot virus	Tobamovirus odontoglossi	ORSV	ORSV	known_virus	Phalaenopsis equestris	Higher Epidendroideae	Vandeae	Phalaenopsis	Epiphyte	SRR13734091	leaf	Russia	SRA
Virgaviridae	Tobamovirus	Odontoglossum ringspot virus	Tobamovirus odontoglossi	ORSV	ORSV	known_virus	Phalaenopsis equestris	Higher Epidendroideae	Vandeae	Phalaenopsis	Epiphyte	SRR13734092	flower	Russia	SRA
Virgaviridae	Tobamovirus	Odontoglossum ringspot virus	Tobamovirus odontoglossi	ORSV	ORSV	known_virus	Phalaenopsis equestris	Higher Epidendroideae	Vandeae	Phalaenopsis	Epiphyte	SRR13734094	leaf	Russia	SRA
Virgaviridae	Tobamovirus	Odontoglossum ringspot virus	Tobamovirus odontoglossi	ORSV	ORSV	known_virus	Phalaenopsis equestris	Higher Epidendroideae	Vandeae	Phalaenopsis	Epiphyte	SRR13734095	leaf	Russia	SRA
Virgaviridae	Tobamovirus	Odontoglossum ringspot virus	Tobamovirus odontoglossi	ORSV	ORSV	known_virus	Phalaenopsis equestris	Higher Epidendroideae	Vandeae	Phalaenopsis	Epiphyte	SRR13734101	column	Russia	SRA
Virgaviridae	Tobamovirus	Odontoglossum ringspot virus	Tobamovirus odontoglossi	ORSV	ORSV	known_virus	Phalaenopsis equestris	Higher Epidendroideae	Vandeae	Phalaenopsis	Epiphyte	SRR13734102	column	Russia	SRA
Virgaviridae	Tobamovirus	Odontoglossum ringspot virus	Tobamovirus odontoglossi	ORSV	ORSV	known_virus	Phalaenopsis equestris	Higher Epidendroideae	Vandeae	Phalaenopsis	Epiphyte	SRR13734104	flower	Russia	SRA
Virgaviridae	Tobamovirus	Odontoglossum ringspot virus	Tobamovirus odontoglossi	ORSV	ORSV	known_virus	Phalaenopsis equestris	Higher Epidendroideae	Vandeae	Phalaenopsis	Epiphyte	SRR13734106	flower	Russia	SRA
Virgaviridae	Tobamovirus	Odontoglossum ringspot virus	Tobamovirus odontoglossi	ORSV	ORSV	known_virus	Phalaenopsis equestris	Higher Epidendroideae	Vandeae	Phalaenopsis	Epiphyte	SRR13734108	flower	Russia	SRA
Virgaviridae	Tobamovirus	Odontoglossum ringspot virus	Tobamovirus odontoglossi	ORSV	ORSV	known_virus	Phalaenopsis equestris	Higher Epidendroideae	Vandeae	Phalaenopsis	Epiphyte	SRR13734109	root	Russia	SRA
Virgaviridae	Tobamovirus	Odontoglossum ringspot virus	Tobamovirus odontoglossi	ORSV	ORSV	known_virus	Phalaenopsis equestris	Higher Epidendroideae	Vandeae	Phalaenopsis	Epiphyte	SRR13734111	labellum	Russia	SRA
Virgaviridae	Tobamovirus	Odontoglossum ringspot virus	Tobamovirus odontoglossi	ORSV	ORSV	known_virus	Phalaenopsis equestris	Higher Epidendroideae	Vandeae	Phalaenopsis	Epiphyte	SRR13734112	internode	Russia	SRA
Virgaviridae	Tobamovirus	Odontoglossum ringspot virus	Tobamovirus odontoglossi	ORSV	ORSV	known_virus	Phalaenopsis equestris	Higher Epidendroideae	Vandeae	Phalaenopsis	Epiphyte	SRR13734114	anthers	Russia	SRA
Virgaviridae	Tobamovirus	Odontoglossum ringspot virus	Tobamovirus odontoglossi	ORSV	ORSV	known_virus	Phalaenopsis equestris	Higher Epidendroideae	Vandeae	Phalaenopsis	Epiphyte	SRR13734115	anthers	Russia	SRA
Virgaviridae	Tobamovirus	Odontoglossum ringspot virus	Tobamovirus odontoglossi	ORSV	ORSV	known_virus	Phalaenopsis equestris	Higher Epidendroideae	Vandeae	Phalaenopsis	Epiphyte	SRR13734117	root	Russia	SRA
Virgaviridae	Tobamovirus	Odontoglossum ringspot virus	Tobamovirus odontoglossi	ORSV	ORSV	known_virus	Phalaenopsis equestris	Higher Epidendroideae	Vandeae	Phalaenopsis	Epiphyte	SRR13734118	leaf	Russia	SRA
Virgaviridae	Tobamovirus	Odontoglossum ringspot virus	Tobamovirus odontoglossi	ORSV	ORSV	known_virus	Phalaenopsis equestris	Higher Epidendroideae	Vandeae	Phalaenopsis	Epiphyte	SRR13734119	leaf	Russia	SRA
Virgaviridae	Tobamovirus	Odontoglossum ringspot virus	Tobamovirus odontoglossi	ORSV	ORSV	known_virus	Phalaenopsis equestris	Higher Epidendroideae	Vandeae	Phalaenopsis	Epiphyte	SRR2080202	leaf	China	SRA
Virgaviridae	Tobamovirus	Odontoglossum ringspot virus	Tobamovirus odontoglossi	ORSV	ORSV	known_virus	Phalaenopsis equestris	Higher Epidendroideae	Vandeae	Phalaenopsis	Epiphyte	SRR22225471	leaf	China	SRA
Virgaviridae	Tobamovirus	Odontoglossum ringspot virus	Tobamovirus odontoglossi	ORSV	ORSV	known_virus	Phalaenopsis equestris	Higher Epidendroideae	Vandeae	Phalaenopsis	Epiphyte	SRR22225473	leaf	China	SRA
Virgaviridae	Tobamovirus	Odontoglossum ringspot virus	Tobamovirus odontoglossi	ORSV	ORSV	known_virus	Phalaenopsis equestris	Higher Epidendroideae	Vandeae	Phalaenopsis	Epiphyte	SRR22225476	leaf	China	SRA
Virgaviridae	Tobamovirus	Odontoglossum ringspot virus	Tobamovirus odontoglossi	ORSV	ORSV	known_virus	Phalaenopsis equestris	Higher Epidendroideae	Vandeae	Phalaenopsis	Epiphyte	SRR22284833	flower	China	SRA
Virgaviridae	Tobamovirus	Odontoglossum ringspot virus	Tobamovirus odontoglossi	ORSV	ORSV	known_virus	Phalaenopsis equestris	Higher Epidendroideae	Vandeae	Phalaenopsis	Epiphyte	SRR22284835	flower	China	SRA
Virgaviridae	Tobamovirus	Odontoglossum ringspot virus	Tobamovirus odontoglossi	ORSV	ORSV	known_virus	Phalaenopsis equestris	Higher Epidendroideae	Vandeae	Phalaenopsis	Epiphyte	SRR22284836	flower	China	SRA
Virgaviridae	Tobamovirus	Odontoglossum ringspot virus	Tobamovirus odontoglossi	ORSV	ORSV	known_virus	Phalaenopsis equestris	Higher Epidendroideae	Vandeae	Phalaenopsis	Epiphyte	SRR22284838	labellum	China	SRA
Virgaviridae	Tobamovirus	Odontoglossum ringspot virus	Tobamovirus odontoglossi	ORSV	ORSV	known_virus	Phalaenopsis amabilis	Higher Epidendroideae	Vandeae	Phalaenopsis	Epiphyte	SRR24153851	leaf	nd	SRA
Virgaviridae	Tobamovirus	Odontoglossum ringspot virus	Tobamovirus odontoglossi	ORSV	ORSV	known_virus	Phalaenopsis amabilis	Higher Epidendroideae	Vandeae	Phalaenopsis	Epiphyte	SRR24153858	leaf	nd	SRA
Virgaviridae	Tobamovirus	Odontoglossum ringspot virus	Tobamovirus odontoglossi	ORSV	ORSV	known_virus	Phalaenopsis equestris	Higher Epidendroideae	Vandeae	Phalaenopsis	Epiphyte	SRR2962604	leaf	China	SRA
Virgaviridae	Tobamovirus	Odontoglossum ringspot virus	Tobamovirus odontoglossi	ORSV	ORSV	known_virus	Phalaenopsis equestris	Higher Epidendroideae	Vandeae	Phalaenopsis	Epiphyte	SRR3600816	column	China	SRA
Virgaviridae	Tobamovirus	Odontoglossum ringspot virus	Tobamovirus odontoglossi	ORSV	ORSV	known_virus	Phalaenopsis aphrodite	Higher Epidendroideae	Vandeae	Phalaenopsis	Epiphyte	SRR4302009	root	Taiwan	SRA
Virgaviridae	Tobamovirus	Odontoglossum ringspot virus	Tobamovirus odontoglossi	ORSV	ORSV	known_virus	Phalaenopsis aphrodite	Higher Epidendroideae	Vandeae	Phalaenopsis	Epiphyte	SRR4302010	leaf	Taiwan	SRA
Virgaviridae	Tobamovirus	Odontoglossum ringspot virus	Tobamovirus odontoglossi	ORSV	ORSV	known_virus	Phalaenopsis lueddemanniana	Higher Epidendroideae	Vandeae	Phalaenopsis	Epiphyte	SRR4343825	flower	Taiwan	SRA
Virgaviridae	Tobamovirus	Odontoglossum ringspot virus	Tobamovirus odontoglossi	ORSV	ORSV	known_virus	Phalaenopsis lueddemanniana	Higher Epidendroideae	Vandeae	Phalaenopsis	Epiphyte	SRR4343826	bud	Taiwan	SRA
Virgaviridae	Tobamovirus	Odontoglossum ringspot virus	Tobamovirus odontoglossi	ORSV	ORSV	known_virus	Phalaenopsis lueddemanniana	Higher Epidendroideae	Vandeae	Phalaenopsis	Epiphyte	SRR4343827	bud	Taiwan	SRA
Virgaviridae	Tobamovirus	Odontoglossum ringspot virus	Tobamovirus odontoglossi	ORSV	ORSV	known_virus	Phalaenopsis bellina	Higher Epidendroideae	Vandeae	Phalaenopsis	Epiphyte	SRR4343835	flower	Taiwan	SRA
Virgaviridae	Tobamovirus	Odontoglossum ringspot virus	Tobamovirus odontoglossi	ORSV	ORSV	known_virus	Phalaenopsis bellina	Higher Epidendroideae	Vandeae	Phalaenopsis	Epiphyte	SRR4343836	bud	Taiwan	SRA
Virgaviridae	Tobamovirus	Odontoglossum ringspot virus	Tobamovirus odontoglossi	ORSV	ORSV	known_virus	Phalaenopsis bellina	Higher Epidendroideae	Vandeae	Phalaenopsis	Epiphyte	SRR4343838	leaf	Taiwan	SRA
Virgaviridae	Tobamovirus	Odontoglossum ringspot virus	Tobamovirus odontoglossi	ORSV	ORSV	known_virus	Phalaenopsis aphrodite	Higher Epidendroideae	Vandeae	Phalaenopsis	Epiphyte	SRR5075717	stalk	Taiwan	SRA
Virgaviridae	Tobamovirus	Odontoglossum ringspot virus	Tobamovirus odontoglossi	ORSV	ORSV	known_virus	Phalaenopsis equestris	Higher Epidendroideae	Vandeae	Phalaenopsis	Epiphyte	SRR5722144	pollem	China	SRA
Virgaviridae	Tobamovirus	Odontoglossum ringspot virus	Tobamovirus odontoglossi	ORSV	ORSV	known_virus	Phalaenopsis amabilis	Higher Epidendroideae	Vandeae	Phalaenopsis	Epiphyte	SRR7125083	flower	China	SRA
Virgaviridae	Tobamovirus	Odontoglossum ringspot virus	Tobamovirus odontoglossi	ORSV	ORSV	known_virus	Phalaenopsis amabilis	Higher Epidendroideae	Vandeae	Phalaenopsis	Epiphyte	SRR7125084	flower	China	SRA
Virgaviridae	Tobamovirus	Odontoglossum ringspot virus	Tobamovirus odontoglossi	ORSV	ORSV	known_virus	Phalaenopsis amabilis	Higher Epidendroideae	Vandeae	Phalaenopsis	Epiphyte	SRR7125087	flower	China	SRA
Virgaviridae	Tobamovirus	Odontoglossum ringspot virus	Tobamovirus odontoglossi	ORSV	ORSV	known_virus	Phalaenopsis amabilis	Higher Epidendroideae	Vandeae	Phalaenopsis	Epiphyte	SRR7125088	flower	China	SRA
Virgaviridae	Tobamovirus	Odontoglossum ringspot virus	Tobamovirus odontoglossi	ORSV	ORSV	known_virus	Phalaenopsis sp	Higher Epidendroideae	Vandeae	Phalaenopsis	Epiphyte or Lithophyte	AF455274	not_found	Taiwan	NCBI
Virgaviridae	Tobamovirus	Odontoglossum ringspot virus	Tobamovirus odontoglossi	ORSV	ORSV	known_virus	Phalaenopsis sp	Higher Epidendroideae	Vandeae	Phalaenopsis	Epiphyte or Lithophyte	AJ606105	not_found	South_Korea	NCBI
Virgaviridae	Tobamovirus	Odontoglossum ringspot virus	Tobamovirus odontoglossi	ORSV	ORSV	known_virus	Phalaenopsis sp	Higher Epidendroideae	Vandeae	Phalaenopsis	Epiphyte or Lithophyte	AJ606106	not_found	South_Korea	NCBI
Virgaviridae	Tobamovirus	Odontoglossum ringspot virus	Tobamovirus odontoglossi	ORSV	ORSV	known_virus	Phalaenopsis sp	Higher Epidendroideae	Vandeae	Phalaenopsis	Epiphyte or Lithophyte	AJ606107	not_found	South_Korea	NCBI
Virgaviridae	Tobamovirus	Odontoglossum ringspot virus	Tobamovirus odontoglossi	ORSV	ORSV	known_virus	Phalaenopsis sp	Higher Epidendroideae	Vandeae	Phalaenopsis	Epiphyte or Lithophyte	DQ915440	not_found	China	NCBI
Virgaviridae	Tobamovirus	Odontoglossum ringspot virus	Tobamovirus odontoglossi	ORSV	ORSV	known_virus	Phalaenopsis sp	Higher Epidendroideae	Vandeae	Phalaenopsis	Epiphyte or Lithophyte	KF225471	not_found	China	NCBI
Virgaviridae	Tobamovirus	Odontoglossum ringspot virus	Tobamovirus odontoglossi	ORSV	ORSV	known_virus	Phalaenopsis sp	Higher Epidendroideae	Vandeae	Phalaenopsis	Epiphyte or Lithophyte	KF225472	not_found	China	NCBI
Virgaviridae	Tobamovirus	Odontoglossum ringspot virus	Tobamovirus odontoglossi	ORSV	ORSV	known_virus	Phalaenopsis sp	Higher Epidendroideae	Vandeae	Phalaenopsis	Epiphyte or Lithophyte	KF836066	not_found	China	NCBI
Virgaviridae	Tobamovirus	Odontoglossum ringspot virus	Tobamovirus odontoglossi	ORSV	ORSV	known_virus	Phalaenopsis sp	Higher Epidendroideae	Vandeae	Phalaenopsis	Epiphyte or Lithophyte	KF836067	not_found	China	NCBI
Virgaviridae	Tobamovirus	Odontoglossum ringspot virus	Tobamovirus odontoglossi	ORSV	ORSV	known_virus	Phalaenopsis sp	Higher Epidendroideae	Vandeae	Phalaenopsis	Epiphyte or Lithophyte	KF836068	not_found	China	NCBI
Virgaviridae	Tobamovirus	Odontoglossum ringspot virus	Tobamovirus odontoglossi	ORSV	ORSV	known_virus	Phalaenopsis sp	Higher Epidendroideae	Vandeae	Phalaenopsis	Epiphyte or Lithophyte	KF836069	not_found	China	NCBI
Virgaviridae	Tobamovirus	Odontoglossum ringspot virus	Tobamovirus odontoglossi	ORSV	ORSV	known_virus	Phalaenopsis sp	Higher Epidendroideae	Vandeae	Phalaenopsis	Epiphyte or Lithophyte	KF836072	not_found	China	NCBI
Virgaviridae	Tobamovirus	Odontoglossum ringspot virus	Tobamovirus odontoglossi	ORSV	ORSV	known_virus	Phalaenopsis sp	Higher Epidendroideae	Vandeae	Phalaenopsis	Epiphyte or Lithophyte	KF836075	not_found	China	NCBI
Virgaviridae	Tobamovirus	Odontoglossum ringspot virus	Tobamovirus odontoglossi	ORSV	ORSV	known_virus	Phalaenopsis sp	Higher Epidendroideae	Vandeae	Phalaenopsis	Epiphyte or Lithophyte	KF836076	not_found	China	NCBI
Virgaviridae	Tobamovirus	Odontoglossum ringspot virus	Tobamovirus odontoglossi	ORSV	ORSV	known_virus	Phalaenopsis sp	Higher Epidendroideae	Vandeae	Phalaenopsis	Epiphyte or Lithophyte	KF836078	not_found	China	NCBI
Virgaviridae	Tobamovirus	Odontoglossum ringspot virus	Tobamovirus odontoglossi	ORSV	ORSV	known_virus	Phalaenopsis sp	Higher Epidendroideae	Vandeae	Phalaenopsis	Epiphyte or Lithophyte	KF836079	not_found	China	NCBI
Virgaviridae	Tobamovirus	Odontoglossum ringspot virus	Tobamovirus odontoglossi	ORSV	ORSV	known_virus	Phalaenopsis sp	Higher Epidendroideae	Vandeae	Phalaenopsis	Epiphyte or Lithophyte	KF836081	not_found	China	NCBI
Virgaviridae	Tobamovirus	Odontoglossum ringspot virus	Tobamovirus odontoglossi	ORSV	ORSV	known_virus	Phalaenopsis sp	Higher Epidendroideae	Vandeae	Phalaenopsis	Epiphyte or Lithophyte	KF836084	not_found	China	NCBI
Virgaviridae	Tobamovirus	Odontoglossum ringspot virus	Tobamovirus odontoglossi	ORSV	ORSV	known_virus	Phalaenopsis sp	Higher Epidendroideae	Vandeae	Phalaenopsis	Epiphyte or Lithophyte	KF836086	not_found	China	NCBI
Virgaviridae	Tobamovirus	Odontoglossum ringspot virus	Tobamovirus odontoglossi	ORSV	ORSV	known_virus	Phalaenopsis sp	Higher Epidendroideae	Vandeae	Phalaenopsis	Epiphyte or Lithophyte	KF836087	not_found	China	NCBI
Virgaviridae	Tobamovirus	Odontoglossum ringspot virus	Tobamovirus odontoglossi	ORSV	ORSV	known_virus	Phalaenopsis sp	Higher Epidendroideae	Vandeae	Phalaenopsis	Epiphyte or Lithophyte	KF836088	not_found	China	NCBI
Virgaviridae	Tobamovirus	Odontoglossum ringspot virus	Tobamovirus odontoglossi	ORSV	ORSV	known_virus	Phalaenopsis sp	Higher Epidendroideae	Vandeae	Phalaenopsis	Epiphyte or Lithophyte	KF836089	not_found	China	NCBI
Virgaviridae	Tobamovirus	Odontoglossum ringspot virus	Tobamovirus odontoglossi	ORSV	ORSV	known_virus	Phalaenopsis sp	Higher Epidendroideae	Vandeae	Phalaenopsis	Epiphyte or Lithophyte	KF836090	not_found	China	NCBI
Virgaviridae	Tobamovirus	Odontoglossum ringspot virus	Tobamovirus odontoglossi	ORSV	ORSV	known_virus	Phalaenopsis sp	Higher Epidendroideae	Vandeae	Phalaenopsis	Epiphyte or Lithophyte	KU873002	not_found	China	NCBI
Virgaviridae	Tobamovirus	Odontoglossum ringspot virus	Tobamovirus odontoglossi	ORSV	ORSV	known_virus	Phalaenopsis sp	Higher Epidendroideae	Vandeae	Phalaenopsis	Epiphyte or Lithophyte	LC217742	not_found	South_Korea	NCBI
Virgaviridae	Tobamovirus	Odontoglossum ringspot virus	Tobamovirus odontoglossi	ORSV	ORSV	known_virus	Phalaenopsis sp	Higher Epidendroideae	Vandeae	Phalaenopsis	Epiphyte or Lithophyte	MF034076	not_found	China	NCBI
Virgaviridae	Tobamovirus	Odontoglossum ringspot virus	Tobamovirus odontoglossi	ORSV	ORSV	known_virus	Phalaenopsis sp	Higher Epidendroideae	Vandeae	Phalaenopsis	Epiphyte or Lithophyte	MG821323	leaf	India	NCBI
Virgaviridae	Tobamovirus	Odontoglossum ringspot virus	Tobamovirus odontoglossi	ORSV	ORSV	known_virus	Phalaenopsis sp	Higher Epidendroideae	Vandeae	Phalaenopsis	Epiphyte or Lithophyte	SRR13959503	leaf	South_Korea	SRA
Virgaviridae	Tobamovirus	Odontoglossum ringspot virus	Tobamovirus odontoglossi	ORSV	ORSV	known_virus	Phalaenopsis sp	Higher Epidendroideae	Vandeae	Phalaenopsis	Epiphyte or Lithophyte	SRR13959504	leaf	South_Korea	SRA
Virgaviridae	Tobamovirus	Odontoglossum ringspot virus	Tobamovirus odontoglossi	ORSV	ORSV	known_virus	Phalaenopsis sp	Higher Epidendroideae	Vandeae	Phalaenopsis	Epiphyte or Lithophyte	SRR13959505	leaf	South_Korea	SRA
Virgaviridae	Tobamovirus	Odontoglossum ringspot virus	Tobamovirus odontoglossi	ORSV	ORSV	known_virus	Phalaenopsis sp	Higher Epidendroideae	Vandeae	Phalaenopsis	Epiphyte or Lithophyte	SRR13959506	leaf	South_Korea	SRA
Virgaviridae	Tobamovirus	Odontoglossum ringspot virus	Tobamovirus odontoglossi	ORSV	ORSV	known_virus	Phalaenopsis sp	Higher Epidendroideae	Vandeae	Phalaenopsis	Epiphyte or Lithophyte	SRR13959507	leaf	South_Korea	SRA
Virgaviridae	Tobamovirus	Odontoglossum ringspot virus	Tobamovirus odontoglossi	ORSV	ORSV	known_virus	Phalaenopsis sp	Higher Epidendroideae	Vandeae	Phalaenopsis	Epiphyte or Lithophyte	SRR13959508	leaf	South_Korea	SRA
Virgaviridae	Tobamovirus	Odontoglossum ringspot virus	Tobamovirus odontoglossi	ORSV	ORSV	known_virus	Phalaenopsis sp	Higher Epidendroideae	Vandeae	Phalaenopsis	Epiphyte or Lithophyte	SRR13959509	leaf	South_Korea	SRA
Virgaviridae	Tobamovirus	Odontoglossum ringspot virus	Tobamovirus odontoglossi	ORSV	ORSV	known_virus	Phalaenopsis sp	Higher Epidendroideae	Vandeae	Phalaenopsis	Epiphyte or Lithophyte	SRR13959510	leaf	South_Korea	SRA
Virgaviridae	Tobamovirus	Odontoglossum ringspot virus	Tobamovirus odontoglossi	ORSV	ORSV	known_virus	Phalaenopsis sp	Higher Epidendroideae	Vandeae	Phalaenopsis	Epiphyte or Lithophyte	SRR13959511	leaf	South_Korea	SRA
Virgaviridae	Tobamovirus	Odontoglossum ringspot virus	Tobamovirus odontoglossi	ORSV	ORSV	known_virus	Phalaenopsis sp	Higher Epidendroideae	Vandeae	Phalaenopsis	Epiphyte or Lithophyte	SRR17039086	bud	China	SRA
Virgaviridae	Tobamovirus	Odontoglossum ringspot virus	Tobamovirus odontoglossi	ORSV	ORSV	known_virus	Vanda cristata	Higher Epidendroideae	Vandeae	Vanda	Epiphyte	KP137378	not_found	China	NCBI
Virgaviridae	Tobamovirus	Odontoglossum ringspot virus	Tobamovirus odontoglossi	ORSV	ORSV	known_virus	Vanda sp	Higher Epidendroideae	Vandeae	Vanda	Epiphyte or Lithophyte	PQ571086	leaf	India	NCBI
Virgaviridae	Tobamovirus	Odontoglossum ringspot virus	Tobamovirus odontoglossi	ORSV	ORSV	known_virus	Vanilla planifolia	Vanilloideae	Vanilleae	Vanilla	Climbing_vine	OM847399	not_found	Madagascar	NCBI
Virgaviridae	Tobamovirus	Odontoglossum ringspot virus	Tobamovirus odontoglossi	ORSV	ORSV	known_virus	Vanilla planifolia	Vanilloideae	Vanilleae	Vanilla	Climbing_vine	OM847400	not_found	Madagascar	NCBI
Virgaviridae	Tobamovirus	Odontoglossum ringspot virus	Tobamovirus odontoglossi	ORSV	ORSV	known_virus	Vanilla planifolia	Vanilloideae	Vanilleae	Vanilla	Climbing_vine	OM847401	not_found	Madagascar	NCBI
Virgaviridae	Tobamovirus	Odontoglossum ringspot virus	Tobamovirus odontoglossi	ORSV	ORSV	known_virus	Vanilla planifolia	Vanilloideae	Vanilleae	Vanilla	Climbing_vine	OM847402	not_found	Madagascar	NCBI
Virgaviridae	Tobamovirus	Odontoglossum ringspot virus	Tobamovirus odontoglossi	ORSV	ORSV	known_virus	Vanilla planifolia	Vanilloideae	Vanilleae	Vanilla	Climbing_vine	OM847403	not_found	Madagascar	NCBI
Rhabdoviridae	Varicosavirus (??)	Orchis_varicosavirus-like 1	not_found	OVL1	OVL1	new_species	Orchis italica	Higher Epidendroideae	Orchideae	Orchis	Terrestrial	SRR1238143	flower	nd	SRA
Amalagaviridae	Amalgavirus	Paphiopedilum armeniacum associated amalgavirus 1	not_found	PaaAV1	PaaAV1	new_species	Paphiopedilum armeniacum	Higher Epidendroideae	Cypripedieae	Paphiopedilum	Terrestrial	SRR9842179	seeds	China	SRA
Caulimoviridae	Badnavirus	Paphiopedilum associated badnavirus 1	not_found	PaBV1	PaBaV1	new_species	Paphiopedilum armeniacum	Higher Epidendroideae	Cypripedieae	Paphiopedilum	Terrestrial	SRR9842184	seeds	China	SRA
Caulimoviridae	Badnavirus	Paphiopedilum associated badnavirus 1	not_found	PaBV1	PaBaV1	new_species	Paphiopedilum armeniacum	Higher Epidendroideae	Cypripedieae	Paphiopedilum	Terrestrial	SRR9842185	seeds	China	SRA
Caulimoviridae	Badnavirus	Paphiopedilum associated badnavirus 1	not_found	PaBV1	PaBaV1	new_species	Paphiopedilum armeniacum	Higher Epidendroideae	Cypripedieae	Paphiopedilum	Terrestrial	SRR9842189	seeds	China	SRA
Caulimoviridae	Badnavirus	Paphiopedilum associated badnavirus 1	not_found	PaBV1	PaBaV1	new_species	Paphiopedilum callosum	Higher Epidendroideae	Cypripedieae	Paphiopedilum	Terrestrial or Lithophyte	SRR21460658	stem	China	SRA
Caulimoviridae	Badnavirus	Paphiopedilum associated badnavirus 1	not_found	PaBV1	PaBaV1	new_species	Paphiopedilum callosum	Higher Epidendroideae	Cypripedieae	Paphiopedilum	Terrestrial or Lithophyte	SRR21460664	stem	China	SRA
Caulimoviridae	Badnavirus	Paphiopedilum associated badnavirus 2	not_found	PaBV2	PaBaV2	new_species	Paphiopedilum callosum	Higher Epidendroideae	Cypripedieae	Paphiopedilum	Terrestrial or Lithophyte	SRR21460660	stem	China	SRA
Caulimoviridae	Badnavirus	Paphiopedilum associated badnavirus 3	not_found	PaBV3	PaBaV3	new_species	Paphiopedilum callosum	Higher Epidendroideae	Cypripedieae	Paphiopedilum	Terrestrial or Lithophyte	SRR21460662	stem	China	SRA
Caulimoviridae	Badnavirus	Paphiopedilum associated badnavirus 4	not_found	PaBV4	PaBaV4	new_species	Paphiopedilum armeniacum	Higher Epidendroideae	Cypripedieae	Paphiopedilum	Terrestrial	SRR9842184	seeds	China	SRA
Caulimoviridae	Badnavirus	Paphiopedilum associated badnavirus 4	not_found	PaBV4	PaBaV4	new_species	Paphiopedilum hirsutissimum	Higher Epidendroideae	Cypripedium	Paphiopedilum	Terrestrial or Lithophyte	SRR14793833	labellum	nd	SRA
Caulimoviridae	Badnavirus	Paphiopedilum associated badnavirus 4	not_found	PaBV4	PaBaV4	new_species	Paphiopedilum hirsutissimum	Higher Epidendroideae	Cypripedium	Paphiopedilum	Terrestrial or Lithophyte	SRR14793834	labellum	nd	SRA
Betaflexiviridae	Capillovirus-like(confirmar)	Paphiopedilum capillovirus-like 1	not_found	PaCVL1	PaCVL1	new_species	Paphiopedilum henryanum	Higher Epidendroideae	Cypripedium	Paphiopedilum	Lithophyte	SRR6513334	flower	China	SRA
Betaflexiviridae	Capillovirus-like(confirmar)	Paphiopedilum capillovirus-like 1	not_found	PaCVL1	PaCVL1	new_species	Paphiopedilum henryanum	Higher Epidendroideae	Cypripedium	Paphiopedilum	Lithophyte	SRR6513343	flower	China	SRA
Betaflexiviridae	Capillovirus-like(confirmar)	Paphiopedilum capillovirus-like 1	not_found	PaCVL1	PaCVL1	new_species	Paphiopedilum callosum x Paphiopedilum lawrenceanum	Higher Epidendroideae	Cypripedieae	Paphiopedilum	Terrestrial or Lithophyte	SRR1413312	leaf	nd	SRA
Betaflexiviridae	Capillovirus-like(confirmar)	Paphiopedilum capillovirus-like 2	not_found	PaCVL2	PaCVL2	new_species	Paphiopedilum concolor x Paphiopedilum hirsutissimum	Higher Epidendroideae	Cypripedium	Paphiopedilum	Terrestial	SRR15793056	leaf	China	SRA
Betaflexiviridae	Capillovirus-like(confirmar)	Paphiopedilum capillovirus-like 2	not_found	PaCVL2	PaCVL2	new_species	Paphiopedilum concolor x Paphiopedilum hirsutissimum	Higher Epidendroideae	Cypripedium	Paphiopedilum	Terrestial	SRR15901752	leaf	China	SRA
Betaflexiviridae	Capillovirus-like(confirmar)	Paphiopedilum capillovirus-like 2	not_found	PaCVL2	PaCVL2	new_species	Paphiopedilum concolor x Paphiopedilum hirsutissimum	Higher Epidendroideae	Cypripedium	Paphiopedilum	Terrestial	SRR16573881	leaf	China	SRA
Betaflexiviridae	Capillovirus-like(confirmar)	Paphiopedilum capillovirus-like 2	not_found	PaCVL2	PaCVL2	new_species	Paphiopedilum concolor	Higher Epidendroideae	Cypripedieae	Paphiopedilum	Terrestrial	SRR1405683	leaf	nd	SRA
Betaflexiviridae	Capillovirus-like(confirmar)	Paphiopedilum capillovirus-like 2	not_found	PaCVL2	PaCVL2	new_species	Paphiopedilum callosum x Paphiopedilum lawrenceanum	Higher Epidendroideae	Cypripedieae	Paphiopedilum	Terrestrial or Lithophyte	SRR1413099	leaf	nd	SRA
Aspiviridae	Ophiovirus	Phalaenopsis ophiovirus	not_found	PaOV1	PhaOV	known_virus	Phalaenopsis  lueddemanniana	Higher Epidendroideae	Vandeae	Phalaenopsis	Epiphyte	SRR4343828	root	Taiwan	SRA
Aspiviridae	Ophiovirus	Phalaenopsis ophiovirus	not_found	PaOV1	PhaOV	known_virus	Phalaenopsis lueddemanniana	Higher Epidendroideae	Vandeae	Phalaenopsis	Epiphyte	SRR4343829	leaf	Taiwan	SRA
Partitiviridae	Deltapartitivirus			PaphDPV1	PaphDPV1	new_species	Paphiopedilum concolor x Paphiopedilum hirsutissimum	Higher Epidendroideae	Cypripedium	Paphiopedilum	Terrestial	SRR15912634	leaf	China	SRA
Partitiviridae	Deltapartitivirus			PaphDPV1	PaphDPV1	new_species	Paphiopedilum concolor x Paphiopedilum hirsutissimum	Higher Epidendroideae	Cypripedium	Paphiopedilum	Terrestial	SRR16573692	leaf	China	SRA
Partitiviridae	Deltapartitivirus			PaphDPV1	PaphDPV1	new_species	Paphiopedilum concolor	Higher Epidendroideae	Cypripedieae	Paphiopedilum	Terrestrial	SRR1405687	root	nd	SRA
Partitiviridae	Deltapartitivirus			PaphDPV1	PaphDPV1	new_species	Paphiopedilum concolor	Higher Epidendroideae	Cypripedieae	Paphiopedilum	Terrestrial	SRR1405687	root	nd	SRA
Partitiviridae	Deltapartitivirus			PaphDPV2	PaphDPV2	new_species	Paphiopedilum henryanum	Higher Epidendroideae	Cypripedium	Paphiopedilum	Lithophyte	SRR6513332	flower	China	SRA
Partitiviridae	Deltapartitivirus			PaphDPV2	PaphDPV2	new_species	Paphiopedilum henryanum	Higher Epidendroideae	Cypripedium	Paphiopedilum	Lithophyte	SRR6513333	flower	China	SRA
Partitiviridae	Deltapartitivirus			PaphDPV2	PaphDPV2	new_species	Paphiopedilum henryanum	Higher Epidendroideae	Cypripedium	Paphiopedilum	Lithophyte	SRR6513338	flower	China	SRA
Partitiviridae	Deltapartitivirus			PaphDPV2	PaphDPV2	new_species	Paphiopedilum concolor x Paphiopedilum hirsutissimum	Higher Epidendroideae	Cypripedium	Paphiopedilum	Terrestial	SRR15793056	leaf	China	SRA
Partitiviridae	Deltapartitivirus			PaphDPV2	PaphDPV2	new_species	Paphiopedilum concolor x Paphiopedilum hirsutissimum	Higher Epidendroideae	Cypripedium	Paphiopedilum	Terrestial	SRR15801622	leaf	China	SRA
Partitiviridae	Deltapartitivirus			PaphDPV2	PaphDPV2	new_species	Paphiopedilum concolor x Paphiopedilum hirsutissimum	Higher Epidendroideae	Cypripedium	Paphiopedilum	Terrestial	SRR15801649	leaf	China	SRA
Partitiviridae	Deltapartitivirus			PaphDPV2	PaphDPV2	new_species	Paphiopedilum concolor x Paphiopedilum hirsutissimum	Higher Epidendroideae	Cypripedium	Paphiopedilum	Terrestial	SRR15827107	leaf	China	SRA
Partitiviridae	Deltapartitivirus			PaphDPV2	PaphDPV2	new_species	Paphiopedilum concolor x Paphiopedilum hirsutissimum	Higher Epidendroideae	Cypripedium	Paphiopedilum	Terrestial	SRR15827230	leaf	China	SRA
Partitiviridae	Deltapartitivirus			PaphDPV2	PaphDPV2	new_species	Paphiopedilum concolor x Paphiopedilum hirsutissimum	Higher Epidendroideae	Cypripedium	Paphiopedilum	Terrestial	SRR15827322	leaf	China	SRA
Partitiviridae	Deltapartitivirus			PaphDPV2	PaphDPV2	new_species	Paphiopedilum concolor x Paphiopedilum hirsutissimum	Higher Epidendroideae	Cypripedium	Paphiopedilum	Terrestial	SRR15882948	leaf	China	SRA
Partitiviridae	Deltapartitivirus			PaphDPV2	PaphDPV2	new_species	Paphiopedilum concolor x Paphiopedilum hirsutissimum	Higher Epidendroideae	Cypripedium	Paphiopedilum	Terrestial	SRR15882949	leaf	China	SRA
Partitiviridae	Deltapartitivirus			PaphDPV2	PaphDPV2	new_species	Paphiopedilum concolor x Paphiopedilum hirsutissimum	Higher Epidendroideae	Cypripedium	Paphiopedilum	Terrestial	SRR15882952	leaf	China	SRA
Partitiviridae	Deltapartitivirus			PaphDPV2	PaphDPV2	new_species	Paphiopedilum concolor x Paphiopedilum hirsutissimum	Higher Epidendroideae	Cypripedium	Paphiopedilum	Terrestial	SRR15882958	leaf	China	SRA
Partitiviridae	Deltapartitivirus			PaphDPV2	PaphDPV2	new_species	Paphiopedilum concolor x Paphiopedilum hirsutissimum	Higher Epidendroideae	Cypripedium	Paphiopedilum	Terrestial	SRR15901037	leaf	China	SRA
Partitiviridae	Deltapartitivirus			PaphDPV2	PaphDPV2	new_species	Paphiopedilum concolor x Paphiopedilum hirsutissimum	Higher Epidendroideae	Cypripedium	Paphiopedilum	Terrestial	SRR15901717	leaf	China	SRA
Partitiviridae	Deltapartitivirus			PaphDPV2	PaphDPV2	new_species	Paphiopedilum concolor x Paphiopedilum hirsutissimum	Higher Epidendroideae	Cypripedium	Paphiopedilum	Terrestial	SRR15901752	leaf	China	SRA
Partitiviridae	Deltapartitivirus			PaphDPV2	PaphDPV2	new_species	Paphiopedilum concolor x Paphiopedilum hirsutissimum	Higher Epidendroideae	Cypripedium	Paphiopedilum	Terrestial	SRR15901883	leaf	China	SRA
Partitiviridae	Deltapartitivirus			PaphDPV2	PaphDPV2	new_species	Paphiopedilum concolor x Paphiopedilum hirsutissimum	Higher Epidendroideae	Cypripedium	Paphiopedilum	Terrestial	SRR15901897	leaf	China	SRA
Partitiviridae	Deltapartitivirus			PaphDPV2	PaphDPV2	new_species	Paphiopedilum concolor x Paphiopedilum hirsutissimum	Higher Epidendroideae	Cypripedium	Paphiopedilum	Terrestial	SRR15902065	leaf	China	SRA
Partitiviridae	Deltapartitivirus			PaphDPV2	PaphDPV2	new_species	Paphiopedilum concolor x Paphiopedilum hirsutissimum	Higher Epidendroideae	Cypripedium	Paphiopedilum	Terrestial	SRR15902137	leaf	China	SRA
Partitiviridae	Deltapartitivirus			PaphDPV2	PaphDPV2	new_species	Paphiopedilum concolor x Paphiopedilum hirsutissimum	Higher Epidendroideae	Cypripedium	Paphiopedilum	Terrestial	SRR15902525	leaf	China	SRA
Partitiviridae	Deltapartitivirus			PaphDPV2	PaphDPV2	new_species	Paphiopedilum concolor x Paphiopedilum hirsutissimum	Higher Epidendroideae	Cypripedium	Paphiopedilum	Terrestial	SRR15902542	leaf	China	SRA
Partitiviridae	Deltapartitivirus			PaphDPV2	PaphDPV2	new_species	Paphiopedilum concolor x Paphiopedilum hirsutissimum	Higher Epidendroideae	Cypripedium	Paphiopedilum	Terrestial	SRR15902580	leaf	China	SRA
Partitiviridae	Deltapartitivirus			PaphDPV2	PaphDPV2	new_species	Paphiopedilum concolor x Paphiopedilum hirsutissimum	Higher Epidendroideae	Cypripedium	Paphiopedilum	Terrestial	SRR15911446	leaf	China	SRA
Partitiviridae	Deltapartitivirus			PaphDPV2	PaphDPV2	new_species	Paphiopedilum concolor x Paphiopedilum hirsutissimum	Higher Epidendroideae	Cypripedium	Paphiopedilum	Terrestial	SRR15911548	leaf	China	SRA
Partitiviridae	Deltapartitivirus			PaphDPV2	PaphDPV2	new_species	Paphiopedilum concolor x Paphiopedilum hirsutissimum	Higher Epidendroideae	Cypripedium	Paphiopedilum	Terrestial	SRR15912201	leaf	China	SRA
Partitiviridae	Deltapartitivirus			PaphDPV2	PaphDPV2	new_species	Paphiopedilum concolor x Paphiopedilum hirsutissimum	Higher Epidendroideae	Cypripedium	Paphiopedilum	Terrestial	SRR16004350	leaf	China	SRA
Partitiviridae	Deltapartitivirus			PaphDPV2	PaphDPV2	new_species	Paphiopedilum concolor x Paphiopedilum hirsutissimum	Higher Epidendroideae	Cypripedium	Paphiopedilum	Terrestial	SRR16573578	leaf	China	SRA
Partitiviridae	Deltapartitivirus			PaphDPV2	PaphDPV2	new_species	Paphiopedilum concolor x Paphiopedilum hirsutissimum	Higher Epidendroideae	Cypripedium	Paphiopedilum	Terrestial	SRR16573719	leaf	China	SRA
Partitiviridae	Deltapartitivirus			PaphDPV2	PaphDPV2	new_species	Paphiopedilum concolor x Paphiopedilum hirsutissimum	Higher Epidendroideae	Cypripedium	Paphiopedilum	Terrestial	SRR16573725	leaf	China	SRA
Partitiviridae	Deltapartitivirus			PaphDPV2	PaphDPV2	new_species	Paphiopedilum concolor x Paphiopedilum hirsutissimum	Higher Epidendroideae	Cypripedium	Paphiopedilum	Terrestial	SRR16573792	leaf	China	SRA
Partitiviridae	Deltapartitivirus			PaphDPV2	PaphDPV2	new_species	Paphiopedilum concolor x Paphiopedilum hirsutissimum	Higher Epidendroideae	Cypripedium	Paphiopedilum	Terrestial	SRR16573868	leaf	China	SRA
Partitiviridae	Deltapartitivirus			PaphDPV2	PaphDPV2	new_species	Paphiopedilum concolor x Paphiopedilum hirsutissimum	Higher Epidendroideae	Cypripedium	Paphiopedilum	Terrestial	SRR16573894	leaf	China	SRA
Partitiviridae	Deltapartitivirus			PaphDPV2	PaphDPV2	new_species	Paphiopedilum concolor x Paphiopedilum hirsutissimum	Higher Epidendroideae	Cypripedium	Paphiopedilum	Terrestial	SRR16591799	leaf	China	SRA
Partitiviridae	Deltapartitivirus			PaphDPV2	PaphDPV2	new_species	Paphiopedilum concolor x Paphiopedilum hirsutissimum	Higher Epidendroideae	Cypripedium	Paphiopedilum	Terrestial	SRR16591801	leaf	China	SRA
Partitiviridae	Deltapartitivirus			PaphDPV2	PaphDPV2	new_species	Paphiopedilum concolor x Paphiopedilum hirsutissimum	Higher Epidendroideae	Cypripedium	Paphiopedilum	Terrestial	SRR16591815	leaf	China	SRA
Partitiviridae	Deltapartitivirus			PaphDPV2	PaphDPV2	new_species	Paphiopedilum concolor x Paphiopedilum hirsutissimum	Higher Epidendroideae	Cypripedium	Paphiopedilum	Terrestial	SRR16591845	leaf	China	SRA
Partitiviridae	Deltapartitivirus			PaphDPV2	PaphDPV2	new_species	Paphiopedilum concolor x Paphiopedilum hirsutissimum	Higher Epidendroideae	Cypripedium	Paphiopedilum	Terrestial	SRR16596560	leaf	China	SRA
Partitiviridae	Deltapartitivirus			PaphDPV2	PaphDPV2	new_species	Paphiopedilum concolor x Paphiopedilum hirsutissimum	Higher Epidendroideae	Cypripedium	Paphiopedilum	Terrestial	SRR16596562	leaf	China	SRA
Partitiviridae	Deltapartitivirus			PaphDPV2	PaphDPV2	new_species	Paphiopedilum concolor x Paphiopedilum hirsutissimum	Higher Epidendroideae	Cypripedium	Paphiopedilum	Terrestial	SRR16596628	leaf	China	SRA
Partitiviridae	Deltapartitivirus			PaphDPV2	PaphDPV2	new_species	Paphiopedilum sp	Higher Epidendroideae	Cypripedieae	Paphiopedilum	Terrestrial	SRR13330696	bud	nd	SRA
Partitiviridae	Deltapartitivirus			PaphDPV2	PaphDPV2	new_species	Paphiopedilum sp	Higher Epidendroideae	Cypripedieae	Paphiopedilum	Terrestrial	SRR13330697	various	nd	SRA
Partitiviridae	Deltapartitivirus			PaphDPV2	PaphDPV2	new_species	Paphiopedilum sp	Higher Epidendroideae	Cypripedieae	Paphiopedilum	Terrestrial	SRR13330698	various	nd	SRA
Partitiviridae	Deltapartitivirus			PaphDPV2	PaphDPV2	new_species	Paphiopedilum sp	Higher Epidendroideae	Cypripedieae	Paphiopedilum	Terrestrial	SRR13330699	various	nd	SRA
Partitiviridae	Deltapartitivirus			PaphDPV2	PaphDPV2	new_species	Paphiopedilum sp	Higher Epidendroideae	Cypripedieae	Paphiopedilum	Terrestrial	SRR13330700	protocorm	nd	SRA
Partitiviridae	Deltapartitivirus			PaphDPV2	PaphDPV2	new_species	Paphiopedilum sp	Higher Epidendroideae	Cypripedieae	Paphiopedilum	Terrestrial	SRR13330701	protocorm	nd	SRA
Partitiviridae	Deltapartitivirus			PaphDPV2	PaphDPV2	new_species	Paphiopedilum sp	Higher Epidendroideae	Cypripedieae	Paphiopedilum	Terrestrial	SRR13330702	protocorm	nd	SRA
Partitiviridae	Deltapartitivirus			PaphDPV2	PaphDPV2	new_species	Paphiopedilum sp	Higher Epidendroideae	Cypripedieae	Paphiopedilum	Terrestrial	SRR13330703	callus	nd	SRA
Partitiviridae	Deltapartitivirus			PaphDPV2	PaphDPV2	new_species	Paphiopedilum sp	Higher Epidendroideae	Cypripedieae	Paphiopedilum	Terrestrial	SRR13330704	bud	nd	SRA
Partitiviridae	Deltapartitivirus			PaphDPV2	PaphDPV2	new_species	Paphiopedilum sp	Higher Epidendroideae	Cypripedieae	Paphiopedilum	Terrestrial	SRR13330705	bud	nd	SRA
Partitiviridae	Deltapartitivirus			PaphDPV2	PaphDPV2	new_species	Paphiopedilum sp	Higher Epidendroideae	Cypripedieae	Paphiopedilum	Terrestrial	SRR13330706	callus	nd	SRA
Partitiviridae	Deltapartitivirus			PaphDPV2	PaphDPV2	new_species	Paphiopedilum sp	Higher Epidendroideae	Cypripedieae	Paphiopedilum	Terrestrial	SRR13330707	callus	nd	SRA
Partitiviridae	Deltapartitivirus			PaphDPV2	PaphDPV2	new_species	Paphiopedilum hirsutissimum	Higher Epidendroideae	Cypripedium	Paphiopedilum	Terrestrial or Lithophyte	SRR1405685	leaf	nd	SRA
Partitiviridae	Deltapartitivirus			PaphDPV2	PaphDPV2	new_species	Paphiopedilum hirsutissimum	Higher Epidendroideae	Cypripedium	Paphiopedilum	Terrestrial or Lithophyte	SRR14793823	flower	nd	SRA
Partitiviridae	Deltapartitivirus			PaphDPV2	PaphDPV2	new_species	Paphiopedilum hirsutissimum	Higher Epidendroideae	Cypripedium	Paphiopedilum	Terrestrial or Lithophyte	SRR14793827	flower	nd	SRA
Partitiviridae	Deltapartitivirus			PaphDPV2	PaphDPV2	new_species	Paphiopedilum hirsutissimum	Higher Epidendroideae	Cypripedium	Paphiopedilum	Terrestrial or Lithophyte	SRR14793829	labellum	nd	SRA
Partitiviridae	Deltapartitivirus			PaphDPV2	PaphDPV2	new_species	Paphiopedilum hirsutissimum	Higher Epidendroideae	Cypripedium	Paphiopedilum	Terrestrial or Lithophyte	SRR14793830	flower	nd	SRA
Partitiviridae	Deltapartitivirus			PaphDPV2	PaphDPV2	new_species	Paphiopedilum hirsutissimum	Higher Epidendroideae	Cypripedium	Paphiopedilum	Terrestrial or Lithophyte	SRR14793831	flower	nd	SRA
Partitiviridae	Deltapartitivirus			PaphDPV2	PaphDPV2	new_species	Paphiopedilum hirsutissimum	Higher Epidendroideae	Cypripedium	Paphiopedilum	Terrestrial or Lithophyte	SRR14793832	flower	nd	SRA
Partitiviridae	Deltapartitivirus			PaphDPV2	PaphDPV2	new_species	Paphiopedilum hirsutissimum	Higher Epidendroideae	Cypripedium	Paphiopedilum	Terrestrial or Lithophyte	SRR14793833	labellum	nd	SRA
Partitiviridae	Deltapartitivirus			PaphDPV2	PaphDPV2	new_species	Paphiopedilum malipoense	Higher Epidendroideae	Cypripedium	Paphiopedilum	Terrestrial or Lithophyte	SRR5722160	stem	China	SRA
Partitiviridae	Deltapartitivirus			PaphDPV3	PaphDPV3	new_species	Paphiopedilum concolor x Paphiopedilum hirsutissimum	Higher Epidendroideae	Cypripedium	Paphiopedilum	Terrestial	SRR15793048	leaf	China	SRA
Partitiviridae	Deltapartitivirus			PaphDPV3	PaphDPV3	new_species	Paphiopedilum concolor x Paphiopedilum hirsutissimum	Higher Epidendroideae	Cypripedium	Paphiopedilum	Terrestial	SRR15793056	leaf	China	SRA
Partitiviridae	Deltapartitivirus			PaphDPV3	PaphDPV3	new_species	Paphiopedilum concolor x Paphiopedilum hirsutissimum	Higher Epidendroideae	Cypripedium	Paphiopedilum	Terrestial	SRR15793081	leaf	China	SRA
Partitiviridae	Deltapartitivirus			PaphDPV3	PaphDPV3	new_species	Paphiopedilum concolor x Paphiopedilum hirsutissimum	Higher Epidendroideae	Cypripedium	Paphiopedilum	Terrestial	SRR15803524	leaf	China	SRA
Partitiviridae	Deltapartitivirus			PaphDPV3	PaphDPV3	new_species	Paphiopedilum concolor x Paphiopedilum hirsutissimum	Higher Epidendroideae	Cypripedium	Paphiopedilum	Terrestial	SRR15827341	leaf	China	SRA
Partitiviridae	Deltapartitivirus			PaphDPV3	PaphDPV3	new_species	Paphiopedilum concolor x Paphiopedilum hirsutissimum	Higher Epidendroideae	Cypripedium	Paphiopedilum	Terrestial	SRR15827450	leaf	China	SRA
Partitiviridae	Deltapartitivirus			PaphDPV3	PaphDPV3	new_species	Paphiopedilum concolor x Paphiopedilum hirsutissimum	Higher Epidendroideae	Cypripedium	Paphiopedilum	Terrestial	SRR15882139	leaf	China	SRA
Partitiviridae	Deltapartitivirus			PaphDPV3	PaphDPV3	new_species	Paphiopedilum concolor x Paphiopedilum hirsutissimum	Higher Epidendroideae	Cypripedium	Paphiopedilum	Terrestial	SRR15883056	leaf	China	SRA
Partitiviridae	Deltapartitivirus			PaphDPV3	PaphDPV3	new_species	Paphiopedilum concolor x Paphiopedilum hirsutissimum	Higher Epidendroideae	Cypripedium	Paphiopedilum	Terrestial	SRR15901570	leaf	China	SRA
Partitiviridae	Deltapartitivirus			PaphDPV3	PaphDPV3	new_species	Paphiopedilum concolor x Paphiopedilum hirsutissimum	Higher Epidendroideae	Cypripedium	Paphiopedilum	Terrestial	SRR15901630	leaf	China	SRA
Partitiviridae	Deltapartitivirus			PaphDPV3	PaphDPV3	new_species	Paphiopedilum concolor x Paphiopedilum hirsutissimum	Higher Epidendroideae	Cypripedium	Paphiopedilum	Terrestial	SRR15901752	leaf	China	SRA
Partitiviridae	Deltapartitivirus			PaphDPV3	PaphDPV3	new_species	Paphiopedilum concolor x Paphiopedilum hirsutissimum	Higher Epidendroideae	Cypripedium	Paphiopedilum	Terrestial	SRR15901897	leaf	China	SRA
Partitiviridae	Deltapartitivirus			PaphDPV3	PaphDPV3	new_species	Paphiopedilum concolor x Paphiopedilum hirsutissimum	Higher Epidendroideae	Cypripedium	Paphiopedilum	Terrestial	SRR15901977	leaf	China	SRA
Partitiviridae	Deltapartitivirus			PaphDPV3	PaphDPV3	new_species	Paphiopedilum concolor x Paphiopedilum hirsutissimum	Higher Epidendroideae	Cypripedium	Paphiopedilum	Terrestial	SRR15902023	leaf	China	SRA
Partitiviridae	Deltapartitivirus			PaphDPV3	PaphDPV3	new_species	Paphiopedilum concolor x Paphiopedilum hirsutissimum	Higher Epidendroideae	Cypripedium	Paphiopedilum	Terrestial	SRR15902036	leaf	China	SRA
Partitiviridae	Deltapartitivirus			PaphDPV3	PaphDPV3	new_species	Paphiopedilum concolor x Paphiopedilum hirsutissimum	Higher Epidendroideae	Cypripedium	Paphiopedilum	Terrestial	SRR15902136	leaf	China	SRA
Partitiviridae	Deltapartitivirus			PaphDPV3	PaphDPV3	new_species	Paphiopedilum concolor x Paphiopedilum hirsutissimum	Higher Epidendroideae	Cypripedium	Paphiopedilum	Terrestial	SRR15902323	leaf	China	SRA
Partitiviridae	Deltapartitivirus			PaphDPV3	PaphDPV3	new_species	Paphiopedilum concolor x Paphiopedilum hirsutissimum	Higher Epidendroideae	Cypripedium	Paphiopedilum	Terrestial	SRR15912136	leaf	China	SRA
Partitiviridae	Deltapartitivirus			PaphDPV3	PaphDPV3	new_species	Paphiopedilum concolor x Paphiopedilum hirsutissimum	Higher Epidendroideae	Cypripedium	Paphiopedilum	Terrestial	SRR15912137	leaf	China	SRA
Partitiviridae	Deltapartitivirus			PaphDPV3	PaphDPV3	new_species	Paphiopedilum concolor x Paphiopedilum hirsutissimum	Higher Epidendroideae	Cypripedium	Paphiopedilum	Terrestial	SRR16004475	leaf	China	SRA
Partitiviridae	Deltapartitivirus			PaphDPV3	PaphDPV3	new_species	Paphiopedilum concolor x Paphiopedilum hirsutissimum	Higher Epidendroideae	Cypripedium	Paphiopedilum	Terrestial	SRR16004475	leaf	China	SRA
Partitiviridae	Deltapartitivirus			PaphDPV3	PaphDPV3	new_species	Paphiopedilum concolor x Paphiopedilum hirsutissimum	Higher Epidendroideae	Cypripedium	Paphiopedilum	Terrestial	SRR16573692	leaf	China	SRA
Partitiviridae	Deltapartitivirus			PaphDPV3	PaphDPV3	new_species	Paphiopedilum concolor x Paphiopedilum hirsutissimum	Higher Epidendroideae	Cypripedium	Paphiopedilum	Terrestial	SRR16573881	leaf	China	SRA
Partitiviridae	Deltapartitivirus			PaphDPV3	PaphDPV3	new_species	Paphiopedilum concolor x Paphiopedilum hirsutissimum	Higher Epidendroideae	Cypripedium	Paphiopedilum	Terrestial	SRR16591829	leaf	China	SRA
Partitiviridae	Deltapartitivirus			PaphDPV3	PaphDPV3	new_species	Paphiopedilum concolor x Paphiopedilum hirsutissimum	Higher Epidendroideae	Cypripedium	Paphiopedilum	Terrestial	SRR16596562	leaf	China	SRA
Partitiviridae	Deltapartitivirus			PaphDPV3	PaphDPV3	new_species	Paphiopedilum concolor	Higher Epidendroideae	Cypripedieae	Paphiopedilum	Terrestrial	SRR1405683	leaf	nd	SRA
Partitiviridae	Deltapartitivirus			PaphDPV4	PaphDPV4	new_species	Paphiopedilum hirsutissimum	Higher Epidendroideae	Cypripedium	Paphiopedilum	Terrestrial or Lithophyte	SRR14793823	flower	nd	SRA
Partitiviridae	Deltapartitivirus			PaphDPV4	PaphDPV4	new_species	Paphiopedilum hirsutissimum	Higher Epidendroideae	Cypripedium	Paphiopedilum	Terrestrial or Lithophyte	SRR14793827	flower	nd	SRA
Partitiviridae	Deltapartitivirus			PaphDPV4	PaphDPV4	new_species	Paphiopedilum hirsutissimum	Higher Epidendroideae	Cypripedium	Paphiopedilum	Terrestrial or Lithophyte	SRR14793828	flower	nd	SRA
Partitiviridae	Deltapartitivirus			PaphDPV4	PaphDPV4	new_species	Paphiopedilum hirsutissimum	Higher Epidendroideae	Cypripedium	Paphiopedilum	Terrestrial or Lithophyte	SRR14793829	labellum	nd	SRA
Partitiviridae	Deltapartitivirus			PaphDPV4	PaphDPV4	new_species	Paphiopedilum hirsutissimum	Higher Epidendroideae	Cypripedium	Paphiopedilum	Terrestrial or Lithophyte	SRR14793830	flower	nd	SRA
Partitiviridae	Deltapartitivirus			PaphDPV4	PaphDPV4	new_species	Paphiopedilum hirsutissimum	Higher Epidendroideae	Cypripedium	Paphiopedilum	Terrestrial or Lithophyte	SRR14793832	flower	nd	SRA
Partitiviridae	Deltapartitivirus			PaphDPV4	PaphDPV4	new_species	Paphiopedilum hirsutissimum	Higher Epidendroideae	Cypripedium	Paphiopedilum	Terrestrial or Lithophyte	SRR14793833	labellum	nd	SRA
Partitiviridae	Deltapartitivirus			PaphDPV4	PaphDPV4	new_species	Paphiopedilum hirsutissimum	Higher Epidendroideae	Cypripedium	Paphiopedilum	Terrestrial or Lithophyte	SRR14793834	labellum	nd	SRA
Partitiviridae	Deltapartitivirus			PaphDPV5	PaphDPV5	new_species	Paphiopedilum armeniacum	Higher Epidendroideae	Cypripedieae	Paphiopedilum	Terrestrial	SRR9842179	seeds	China	SRA
Partitiviridae	Deltapartitivirus			PaphDPV6	PaphDPV6	new_species	Paphiopedilum armeniacum	Higher Epidendroideae	Cypripedieae	Paphiopedilum	Terrestrial	SRR24757365	flower	China	SRA
Partitiviridae	Deltapartitivirus			PaphDPV6	PaphDPV6	new_species	Paphiopedilum armeniacum	Higher Epidendroideae	Cypripedieae	Paphiopedilum	Terrestrial	SRR24757366	flower	China	SRA
Partitiviridae	Deltapartitivirus			PaphDPV6	PaphDPV6	new_species	Paphiopedilum armeniacum	Higher Epidendroideae	Cypripedieae	Paphiopedilum	Terrestrial	SRR9842180	seeds	China	SRA
Partitiviridae	Deltapartitivirus			PaphDPV6	PaphDPV6	new_species	Paphiopedilum armeniacum	Higher Epidendroideae	Cypripedieae	Paphiopedilum	Terrestrial	SRR9842181	seeds	China	SRA
Partitiviridae	Deltapartitivirus			PaphDPV6	PaphDPV6	new_species	Paphiopedilum armeniacum	Higher Epidendroideae	Cypripedieae	Paphiopedilum	Terrestrial	SRR9842183	seeds	China	SRA
Partitiviridae	Deltapartitivirus			PaphDPV6	PaphDPV6	new_species	Paphiopedilum armeniacum	Higher Epidendroideae	Cypripedieae	Paphiopedilum	Terrestrial	SRR9842184	seeds	China	SRA
Partitiviridae	Deltapartitivirus			PaphDPV6	PaphDPV6	new_species	Paphiopedilum armeniacum	Higher Epidendroideae	Cypripedieae	Paphiopedilum	Terrestrial	SRR9842185	seeds	China	SRA
Partitiviridae	Deltapartitivirus			PaphDPV6	PaphDPV6	new_species	Paphiopedilum armeniacum	Higher Epidendroideae	Cypripedieae	Paphiopedilum	Terrestrial	SRR9842186	seeds	China	SRA
Partitiviridae	Deltapartitivirus			PaphDPV6	PaphDPV6	new_species	Paphiopedilum armeniacum	Higher Epidendroideae	Cypripedieae	Paphiopedilum	Terrestrial	SRR9842187	seeds	China	SRA
Partitiviridae	Deltapartitivirus			PaphDPV6	PaphDPV6	new_species	Paphiopedilum armeniacum	Higher Epidendroideae	Cypripedieae	Paphiopedilum	Terrestrial	SRR9842189	seeds	China	SRA
Partitiviridae	Deltapartitivirus			PaphDPV6	PaphDPV6	new_species	Paphiopedilum armeniacum	Higher Epidendroideae	Cypripedieae	Paphiopedilum	Terrestrial	SRR9842191	seeds	China	SRA
Partitiviridae	Deltapartitivirus			PaphDPV6	PaphDPV6	new_species	Paphiopedilum armeniacum	Higher Epidendroideae	Cypripedieae	Paphiopedilum	Terrestrial	SRR9842192	seeds	China	SRA
Partitiviridae	Deltapartitivirus			PaphDPV6	PaphDPV6	new_species	Paphiopedilum callosum	Higher Epidendroideae	Cypripedieae	Paphiopedilum	Terrestrial or Lithophyte	SRR15057285	bud	China	SRA
Partitiviridae	Deltapartitivirus			PaphDPV6	PaphDPV6	new_species	Paphiopedilum callosum	Higher Epidendroideae	Cypripedieae	Paphiopedilum	Terrestrial or Lithophyte	SRR15057285	bud	China	SRA
Partitiviridae	Deltapartitivirus			PaphDPV6	PaphDPV6	new_species	Paphiopedilum callosum	Higher Epidendroideae	Cypripedieae	Paphiopedilum	Terrestrial or Lithophyte	SRR15057286	bud	China	SRA
Partitiviridae	Deltapartitivirus			PaphDPV6	PaphDPV6	new_species	Paphiopedilum callosum	Higher Epidendroideae	Cypripedieae	Paphiopedilum	Terrestrial or Lithophyte	SRR15057290	bud	China	SRA
Partitiviridae	Deltapartitivirus			PaphDPV6	PaphDPV6	new_species	Paphiopedilum callosum	Higher Epidendroideae	Cypripedieae	Paphiopedilum	Terrestrial or Lithophyte	SRR15057290	bud	China	SRA
Partitiviridae	Deltapartitivirus			PaphDPV6	PaphDPV6	new_species	Paphiopedilum callosum	Higher Epidendroideae	Cypripedieae	Paphiopedilum	Terrestrial or Lithophyte	SRR21460666	stem	China	SRA
Phenuiviridae	Rudovirus_like 2			PaPhV1	PaPhV1	new_species	Pleione limprichtii	Epidendroideae	Arethuseae	Pleione	Epiphyte or Lithophyte	SRR25654682	flower	China	SRA
Potyviridae	Potyvirus	Paphiopedilum associated potyvirus 1	not_found	PaPV1	PaPotV1	new_species	Paphiopedilum concolor x Paphiopedilum hirsutissimum	Higher Epidendroideae	Cypripedium	Paphiopedilum	Terrestial	SRR16596628	leaf	China	SRA
Amalgaviridae	Amalgavirus	Phalaenopsis equestris amalgavirus 2	Phalaenopsis equestris amalgavirus 2	PeAV2	PeAV2	known_virus	Phalaenopsis equestris	Higher Epidendroideae	Vandeae	Phalaenopsis	Epiphyte	BK062307	not_found	not_found	NCBI
Betaflexiviridae	Citrivirus-like	Paphiopedilum_henryanum associated betaflexivirus	not_found	PhaBV	PhaBV	new_species	Paphiopedilum henryanum	Higher Epidendroideae	Cypripedium	Paphiopedilum	Lithophyte	SRR6513332	flower	China	SRA
Betaflexiviridae	Citrivirus-like	Paphiopedilum_henryanum associated betaflexivirus	not_found	PhaBV	PhaBV	new_species	Paphiopedilum henryanum	Higher Epidendroideae	Cypripedium	Paphiopedilum	Lithophyte	SRR6513335	flower	China	SRA
Betaflexiviridae	Citrivirus-like	Paphiopedilum_henryanum associated betaflexivirus	not_found	PhaBV	PhaBV	new_species	Paphiopedilum henryanum	Higher Epidendroideae	Cypripedium	Paphiopedilum	Lithophyte	SRR6513336	flower	China	SRA
Betaflexiviridae	Citrivirus-like	Paphiopedilum_henryanum associated betaflexivirus	not_found	PhaBV	PhaBV	new_species	Paphiopedilum henryanum	Higher Epidendroideae	Cypripedium	Paphiopedilum	Lithophyte	SRR6513337	flower	China	SRA
Betaflexiviridae	Citrivirus-like	Paphiopedilum_henryanum associated betaflexivirus	not_found	PhaBV	PhaBV	new_species	Paphiopedilum henryanum	Higher Epidendroideae	Cypripedium	Paphiopedilum	Lithophyte	SRR6513338	flower	China	SRA
Betaflexiviridae	Citrivirus-like	Paphiopedilum_henryanum associated betaflexivirus	not_found	PhaBV	PhaBV	new_species	Paphiopedilum henryanum	Higher Epidendroideae	Cypripedium	Paphiopedilum	Lithophyte	SRR6513341	flower	China	SRA
Alphaflexiviridae	Potexvirus	Phaius virus X	Potexvirus ecsphaii	PhaVX	PhVX	known_virus	Calanthe flava	Higher Epidendroideae	Arethuseae	Calanthe	Terrestrial	AB353071	not_found	Japan	NCBI
Alphaflexiviridae	Potexvirus	Phaius virus X	Potexvirus ecsphaii	PhaVX	PhVX	known_virus	Calanthe flava	Higher Epidendroideae	Arethuseae	Calanthe	Terrestrial	NC_010295	not_found	Japan	NCBI
Alphaflexiviridae	Potexvirus	Phaius virus X	Potexvirus ecsphaii	PhaVX	PhVX	known_virus	Dendrobium nobile	Higher Epidendroideae	Podochileae	Dendrobium	Epiphyte	SRR15036785	stem	China	SRA
Alphaflexiviridae	Potexvirus	Phaius virus X	Potexvirus ecsphaii	PhaVX	PhVX	known_virus	Dendrobium nobile	Higher Epidendroideae	Podochileae	Dendrobium	Epiphyte	SRR15036786	leaf	China	SRA
Alphaflexiviridae	Potexvirus	Phaius virus X	Potexvirus ecsphaii	PhaVX	PhVX	known_virus	Dendrobium nobile	Higher Epidendroideae	Podochileae	Dendrobium	Epiphyte	SRR4169965	nd	China	SRA
Alphaflexiviridae	Potexvirus	Phaius virus X	Potexvirus ecsphaii	PhaVX	PhVX	known_virus	Dendrobium nobile	Higher Epidendroideae	Podochileae	Dendrobium	Epiphyte	SRR4266569	nd	China	SRA
Potyviridae	Potyvirus	Phalaenopsis chlorotic spot virus	Phalaenopsis chlorotic spot virus	PhCSV	PhCSV	known_virus	Phalaenopsis pulcherrima	Higher Epidendroideae	Vandeae	Phalaenopsis	Epiphyte	HM021142	not_found	Taiwan	NCBI
Partitiviridae	Deltapartitivirus			PhragDPV1	PhragDPV1	new_species	Phragmipedium lindleyanum	Cypripedioideae	Phragmipedieae	Phragmipedium	Terrestrial or Lithophyte	SRR6127594	leaf	USA	SRA
Partitiviridae	Deltapartitivirus			PhragDPV1	PhragDPV1	new_species	Phragmipedium lindleyanum	Cypripedioideae	Phragmipedieae	Phragmipedium	Terrestrial or Lithophyte	SRR6127594	leaf	USA	SRA
Rhabdoviridae	gammacytorhabdovirus	Platanthera gammacytorhabdovirus 1	not_found	PlaGCRV1	PlaGCRV1	new_species	Platanthera guangdongensis	Orchidoideae	Orchideae	Platanthera	Terrestrial	SRR18919244	tuber	China	SRA
Rhabdoviridae	gammacytorhabdovirus	Platanthera gammacytorhabdovirus 1	not_found	PlaGCRV1	PlaGCRV1	new_species	Platanthera guangdongensis	Orchidoideae	Orchideae	Platanthera	Terrestrial	SRR18919248	bract	China	SRA
Rhabdoviridae	gammacytorhabdovirus	Platanthera gammacytorhabdovirus 1	not_found	PlaGCRV1	PlaGCRV1	new_species	Platanthera guangdongensis	Orchidoideae	Orchideae	Platanthera	Terrestrial	SRR18919249	bract	China	SRA
Rhabdoviridae	gammacytorhabdovirus	Platanthera gammacytorhabdovirus 1	not_found	PlaGCRV1	PlaGCRV1	new_species	Platanthera guangdongensis	Orchidoideae	Orchideae	Platanthera	Terrestrial	SRR18919250	bract	China	SRA
Rhabdoviridae	gammacytorhabdovirus	Platanthera gammacytorhabdovirus 1	not_found	PlaGCRV1	PlaGCRV1	new_species	Platanthera guangdongensis	Orchidoideae	Orchideae	Platanthera	Terrestrial	SRR18919255	stem	China	SRA
Rhabdoviridae	gammacytorhabdovirus	Platanthera gammacytorhabdovirus 1	not_found	PlaGCRV1	PlaGCRV1	new_species	Platanthera guangdongensis	Orchidoideae	Orchideae	Platanthera	Terrestrial	SRR18919264	tuber	China	SRA
Rhabdoviridae	gammacytorhabdovirus	Platanthera gammacytorhabdovirus 1	not_found	PlaGCRV1	PlaGCRV1	new_species	Platanthera guangdongensis	Orchidoideae	Orchideae	Platanthera	Terrestrial	SRR18919265	tuber	China	SRA
Rhabdoviridae	gammacytorhabdovirus	Platanthera gammacytorhabdovirus 1	not_found	PlaGCRV1	PlaGCRV1	new_species	Platanthera guangdongensis	Orchidoideae	Orchideae	Platanthera	Terrestrial	SRR18919266	stem	China	SRA
Rhabdoviridae	gammacytorhabdovirus	Platanthera gammacytorhabdovirus 1	not_found	PlaGCRV1	PlaGCRV1	new_species	Platanthera guangdongensis	Orchidoideae	Orchideae	Platanthera	Terrestrial	SRR18919267	stem	China	SRA
Partitiviridae	Deltapartitivirus			PlatDPV1	PlatDPV1	new_species	Platanthera guangdongensis	Orchidoideae	Orchideae	Platanthera	Terrestrial	SRR18919245	flower	China	SRA
Partitiviridae	Deltapartitivirus			PlatDPV1	PlatDPV1	new_species	Platanthera guangdongensis	Orchidoideae	Orchideae	Platanthera	Terrestrial	SRR18919246	flower	China	SRA
Partitiviridae	Deltapartitivirus			PlatDPV1	PlatDPV1	new_species	Platanthera guangdongensis	Orchidoideae	Orchideae	Platanthera	Terrestrial	SRR18919250	bract	China	SRA
Partitiviridae	Deltapartitivirus			PlatDPV1	PlatDPV1	new_species	Platanthera guangdongensis	Orchidoideae	Orchideae	Platanthera	Terrestrial	SRR18919255	stem	China	SRA
Partitiviridae	Deltapartitivirus			PlatDPV2	PlatDPV2	new_species	Platanthera zijinensis	Orchidoideae	Orchideae	Platanthera	Terrestrial	SRR18919258	stem	China	SRA
Partitiviridae	Deltapartitivirus			PlatDPV2	PlatDPV2	new_species	Platanthera zijinensis	Orchidoideae	Orchideae	Platanthera	Terrestrial	SRR18919259	stem	China	SRA
Partitiviridae	Deltapartitivirus			PlatDPV2	PlatDPV2	new_species	Platanthera zijinensis	Orchidoideae	Orchideae	Platanthera	Terrestrial	SRR18919260	stem	China	SRA
Partitiviridae	Deltapartitivirus			PlatDPV2	PlatDPV2	new_species	Platanthera zijinensis	Orchidoideae	Orchideae	Platanthera	Terrestrial	SRR18919261	root	China	SRA
Partitiviridae	Deltapartitivirus			PlatDPV2	PlatDPV2	new_species	Platanthera zijinensis	Orchidoideae	Orchideae	Platanthera	Terrestrial	SRR18919262	root	China	SRA
Partitiviridae	Deltapartitivirus			PlatDPV3	PlatDPV3	new_species	Platanthera guangdongensis	Orchidoideae	Orchideae	Platanthera	Terrestrial	SRR18919247	flower	China	SRA
Partitiviridae	Deltapartitivirus			PlatDPV3	PlatDPV3	new_species	Platanthera guangdongensis	Orchidoideae	Orchideae	Platanthera	Terrestrial	SRR18919248	bract	China	SRA
Partitiviridae	Deltapartitivirus			PlatDPV3	PlatDPV3	new_species	Platanthera guangdongensis	Orchidoideae	Orchideae	Platanthera	Terrestrial	SRR18919249	bract	China	SRA
Partitiviridae	Deltapartitivirus			PlatDPV3	PlatDPV3	new_species	Platanthera guangdongensis	Orchidoideae	Orchideae	Platanthera	Terrestrial	SRR18919255	stem	China	SRA
Partitiviridae	Deltapartitivirus			PlatDPV3	PlatDPV3	new_species	Platanthera guangdongensis	Orchidoideae	Orchideae	Platanthera	Terrestrial	SRR18919266	stem	China	SRA
Partitiviridae	Deltapartitivirus			PlatDPV3	PlatDPV3	new_species	Platanthera guangdongensis	Orchidoideae	Orchideae	Platanthera	Terrestrial	SRR18919267	stem	China	SRA
Partitiviridae	Deltapartitivirus			PlatDPV4	PlatDPV4	new_species	Platanthera guangdongensis	Orchidoideae	Orchideae	Platanthera	Terrestrial	SRR18919245	flower	China	SRA
Partitiviridae	Deltapartitivirus			PlatDPV4	PlatDPV4	new_species	Platanthera guangdongensis	Orchidoideae	Orchideae	Platanthera	Terrestrial	SRR18919246	flower	China	SRA
Partitiviridae	Deltapartitivirus			PlatDPV4	PlatDPV4	new_species	Platanthera guangdongensis	Orchidoideae	Orchideae	Platanthera	Terrestrial	SRR18919247	flower	China	SRA
Partitiviridae	Deltapartitivirus			PlatDPV4	PlatDPV4	new_species	Platanthera guangdongensis	Orchidoideae	Orchideae	Platanthera	Terrestrial	SRR18919248	bract	China	SRA
Partitiviridae	Deltapartitivirus			PlatDPV4	PlatDPV4	new_species	Platanthera guangdongensis	Orchidoideae	Orchideae	Platanthera	Terrestrial	SRR18919249	bract	China	SRA
Partitiviridae	Deltapartitivirus			PlatDPV4	PlatDPV4	new_species	Platanthera guangdongensis	Orchidoideae	Orchideae	Platanthera	Terrestrial	SRR18919250	bract	China	SRA
Partitiviridae	Deltapartitivirus			PlatDPV4	PlatDPV4	new_species	Platanthera zijinensis	Orchidoideae	Orchideae	Platanthera	Terrestrial	SRR18919251	flower	China	SRA
Partitiviridae	Deltapartitivirus			PlatDPV4	PlatDPV4	new_species	Platanthera zijinensis	Orchidoideae	Orchideae	Platanthera	Terrestrial	SRR18919252	flower	China	SRA
Partitiviridae	Deltapartitivirus			PlatDPV4	PlatDPV4	new_species	Platanthera zijinensis	Orchidoideae	Orchideae	Platanthera	Terrestrial	SRR18919254	leaf	China	SRA
Partitiviridae	Deltapartitivirus			PlatDPV4	PlatDPV4	new_species	Platanthera guangdongensis	Orchidoideae	Orchideae	Platanthera	Terrestrial	SRR18919255	stem	China	SRA
Partitiviridae	Deltapartitivirus			PlatDPV4	PlatDPV4	new_species	Platanthera zijinensis	Orchidoideae	Orchideae	Platanthera	Terrestrial	SRR18919256	leaf	China	SRA
Partitiviridae	Deltapartitivirus			PlatDPV4	PlatDPV4	new_species	Platanthera zijinensis	Orchidoideae	Orchideae	Platanthera	Terrestrial	SRR18919257	leaf	China	SRA
Partitiviridae	Deltapartitivirus			PlatDPV4	PlatDPV4	new_species	Platanthera zijinensis	Orchidoideae	Orchideae	Platanthera	Terrestrial	SRR18919261	root	China	SRA
Partitiviridae	Deltapartitivirus			PlatDPV4	PlatDPV4	new_species	Platanthera zijinensis	Orchidoideae	Orchideae	Platanthera	Terrestrial	SRR18919262	root	China	SRA
Partitiviridae	Deltapartitivirus			PlatDPV4	PlatDPV4	new_species	Platanthera zijinensis	Orchidoideae	Orchideae	Platanthera	Terrestrial	SRR18919263	root	China	SRA
Partitiviridae	Deltapartitivirus			PlatDPV4	PlatDPV4	new_species	Platanthera guangdongensis	Orchidoideae	Orchideae	Platanthera	Terrestrial	SRR18919266	stem	China	SRA
Partitiviridae	Deltapartitivirus			PlatDPV4	PlatDPV4	new_species	Platanthera guangdongensis	Orchidoideae	Orchideae	Platanthera	Terrestrial	SRR18919267	stem	China	SRA
Partitiviridae	Deltapartitivirus			PlatDPV5	PlatDPV5	new_species	Platanthera guangdongensis	Orchidoideae	Orchideae	Platanthera	Terrestrial	SRR18919244	tuber	China	SRA
Partitiviridae	Deltapartitivirus			PlatDPV5	PlatDPV5	new_species	Platanthera guangdongensis	Orchidoideae	Orchideae	Platanthera	Terrestrial	SRR18919245	flower	China	SRA
Partitiviridae	Deltapartitivirus			PlatDPV5	PlatDPV5	new_species	Platanthera guangdongensis	Orchidoideae	Orchideae	Platanthera	Terrestrial	SRR18919246	flower	China	SRA
Partitiviridae	Deltapartitivirus			PlatDPV5	PlatDPV5	new_species	Platanthera guangdongensis	Orchidoideae	Orchideae	Platanthera	Terrestrial	SRR18919247	flower	China	SRA
Partitiviridae	Deltapartitivirus			PlatDPV5	PlatDPV5	new_species	Platanthera guangdongensis	Orchidoideae	Orchideae	Platanthera	Terrestrial	SRR18919248	bract	China	SRA
Partitiviridae	Deltapartitivirus			PlatDPV5	PlatDPV5	new_species	Platanthera guangdongensis	Orchidoideae	Orchideae	Platanthera	Terrestrial	SRR18919249	bract	China	SRA
Partitiviridae	Deltapartitivirus			PlatDPV5	PlatDPV5	new_species	Platanthera guangdongensis	Orchidoideae	Orchideae	Platanthera	Terrestrial	SRR18919250	bract	China	SRA
Partitiviridae	Deltapartitivirus			PlatDPV5	PlatDPV5	new_species	Platanthera guangdongensis	Orchidoideae	Orchideae	Platanthera	Terrestrial	SRR18919255	stem	China	SRA
Partitiviridae	Deltapartitivirus			PlatDPV5	PlatDPV5	new_species	Platanthera guangdongensis	Orchidoideae	Orchideae	Platanthera	Terrestrial	SRR18919264	tuber	China	SRA
Partitiviridae	Deltapartitivirus			PlatDPV5	PlatDPV5	new_species	Platanthera guangdongensis	Orchidoideae	Orchideae	Platanthera	Terrestrial	SRR18919265	tuber	China	SRA
Partitiviridae	Deltapartitivirus			PlatDPV5	PlatDPV5	new_species	Platanthera guangdongensis	Orchidoideae	Orchideae	Platanthera	Terrestrial	SRR18919266	stem	China	SRA
Partitiviridae	Deltapartitivirus			PlatDPV5	PlatDPV5	new_species	Platanthera guangdongensis	Orchidoideae	Orchideae	Platanthera	Terrestrial	SRR18919267	stem	China	SRA
Partitiviridae	Deltapartitivirus			PlatDPV6	PlatDPV6	new_species	Platanthera guangdongensis	Orchidoideae	Orchideae	Platanthera	Terrestrial	SRR18919245	flower	China	SRA
Partitiviridae	Deltapartitivirus			PlatDPV6	PlatDPV6	new_species	Platanthera guangdongensis	Orchidoideae	Orchideae	Platanthera	Terrestrial	SRR18919246	flower	China	SRA
Partitiviridae	Deltapartitivirus			PlatDPV6	PlatDPV6	new_species	Platanthera guangdongensis	Orchidoideae	Orchideae	Platanthera	Terrestrial	SRR18919247	flower	China	SRA
Partitiviridae	Deltapartitivirus			PlatDPV6	PlatDPV6	new_species	Platanthera guangdongensis	Orchidoideae	Orchideae	Platanthera	Terrestrial	SRR18919248	bract	China	SRA
Partitiviridae	Deltapartitivirus			PlatDPV6	PlatDPV6	new_species	Platanthera guangdongensis	Orchidoideae	Orchideae	Platanthera	Terrestrial	SRR18919249	bract	China	SRA
Partitiviridae	Deltapartitivirus			PlatDPV6	PlatDPV6	new_species	Platanthera guangdongensis	Orchidoideae	Orchideae	Platanthera	Terrestrial	SRR18919250	bract	China	SRA
Partitiviridae	Deltapartitivirus			PlatDPV6	PlatDPV6	new_species	Platanthera guangdongensis	Orchidoideae	Orchideae	Platanthera	Terrestrial	SRR18919255	stem	China	SRA
Partitiviridae	Deltapartitivirus			PlatDPV6	PlatDPV6	new_species	Platanthera guangdongensis	Orchidoideae	Orchideae	Platanthera	Terrestrial	SRR18919266	stem	China	SRA
Partitiviridae	Deltapartitivirus			PlatDPV6	PlatDPV6	new_species	Platanthera guangdongensis	Orchidoideae	Orchideae	Platanthera	Terrestrial	SRR18919267	stem	China	SRA
Partitiviridae	Deltapartitivirus			PlatDPV7	PlatDPV7	new_species	Platanthera guangdongensis	Orchidoideae	Orchideae	Platanthera	Terrestrial	SRR18919244	tuber	China	SRA
Partitiviridae	Deltapartitivirus			PlatDPV7	PlatDPV7	new_species	Platanthera guangdongensis	Orchidoideae	Orchideae	Platanthera	Terrestrial	SRR18919245	flower	China	SRA
Partitiviridae	Deltapartitivirus			PlatDPV7	PlatDPV7	new_species	Platanthera guangdongensis	Orchidoideae	Orchideae	Platanthera	Terrestrial	SRR18919246	flower	China	SRA
Partitiviridae	Deltapartitivirus			PlatDPV7	PlatDPV7	new_species	Platanthera guangdongensis	Orchidoideae	Orchideae	Platanthera	Terrestrial	SRR18919247	flower	China	SRA
Partitiviridae	Deltapartitivirus			PlatDPV7	PlatDPV7	new_species	Platanthera guangdongensis	Orchidoideae	Orchideae	Platanthera	Terrestrial	SRR18919248	bract	China	SRA
Partitiviridae	Deltapartitivirus			PlatDPV7	PlatDPV7	new_species	Platanthera guangdongensis	Orchidoideae	Orchideae	Platanthera	Terrestrial	SRR18919249	bract	China	SRA
Partitiviridae	Deltapartitivirus			PlatDPV7	PlatDPV7	new_species	Platanthera guangdongensis	Orchidoideae	Orchideae	Platanthera	Terrestrial	SRR18919250	bract	China	SRA
Partitiviridae	Deltapartitivirus			PlatDPV7	PlatDPV7	new_species	Platanthera guangdongensis	Orchidoideae	Orchideae	Platanthera	Terrestrial	SRR18919255	stem	China	SRA
Partitiviridae	Deltapartitivirus			PlatDPV7	PlatDPV7	new_species	Platanthera guangdongensis	Orchidoideae	Orchideae	Platanthera	Terrestrial	SRR18919264	tuber	China	SRA
Partitiviridae	Deltapartitivirus			PlatDPV7	PlatDPV7	new_species	Platanthera guangdongensis	Orchidoideae	Orchideae	Platanthera	Terrestrial	SRR18919265	tuber	China	SRA
Partitiviridae	Deltapartitivirus			PlatDPV7	PlatDPV7	new_species	Platanthera guangdongensis	Orchidoideae	Orchideae	Platanthera	Terrestrial	SRR18919266	stem	China	SRA
Partitiviridae	Deltapartitivirus			PlatDPV7	PlatDPV7	new_species	Platanthera guangdongensis	Orchidoideae	Orchideae	Platanthera	Terrestrial	SRR18919267	stem	China	SRA
Partitiviridae	Deltapartitivirus			PlatDPV8	PlatDPV8	new_species	Platanthera guangdongensis	Orchidoideae	Orchideae	Platanthera	Terrestrial	SRR18919244	tuber	China	SRA
Partitiviridae	Deltapartitivirus			PlatDPV8	PlatDPV8	new_species	Platanthera guangdongensis	Orchidoideae	Orchideae	Platanthera	Terrestrial	SRR18919245	flower	China	SRA
Partitiviridae	Deltapartitivirus			PlatDPV8	PlatDPV8	new_species	Platanthera guangdongensis	Orchidoideae	Orchideae	Platanthera	Terrestrial	SRR18919246	flower	China	SRA
Partitiviridae	Deltapartitivirus			PlatDPV8	PlatDPV8	new_species	Platanthera guangdongensis	Orchidoideae	Orchideae	Platanthera	Terrestrial	SRR18919247	flower	China	SRA
Partitiviridae	Deltapartitivirus			PlatDPV8	PlatDPV8	new_species	Platanthera guangdongensis	Orchidoideae	Orchideae	Platanthera	Terrestrial	SRR18919248	bract	China	SRA
Partitiviridae	Deltapartitivirus			PlatDPV8	PlatDPV8	new_species	Platanthera guangdongensis	Orchidoideae	Orchideae	Platanthera	Terrestrial	SRR18919249	bract	China	SRA
Partitiviridae	Deltapartitivirus			PlatDPV8	PlatDPV8	new_species	Platanthera guangdongensis	Orchidoideae	Orchideae	Platanthera	Terrestrial	SRR18919250	bract	China	SRA
Partitiviridae	Deltapartitivirus			PlatDPV8	PlatDPV8	new_species	Platanthera guangdongensis	Orchidoideae	Orchideae	Platanthera	Terrestrial	SRR18919255	stem	China	SRA
Partitiviridae	Deltapartitivirus			PlatDPV8	PlatDPV8	new_species	Platanthera guangdongensis	Orchidoideae	Orchideae	Platanthera	Terrestrial	SRR18919264	tuber	China	SRA
Partitiviridae	Deltapartitivirus			PlatDPV8	PlatDPV8	new_species	Platanthera guangdongensis	Orchidoideae	Orchideae	Platanthera	Terrestrial	SRR18919265	tuber	China	SRA
Partitiviridae	Deltapartitivirus			PlatDPV8	PlatDPV8	new_species	Platanthera guangdongensis	Orchidoideae	Orchideae	Platanthera	Terrestrial	SRR18919266	stem	China	SRA
Partitiviridae	Deltapartitivirus			PlatDPV8	PlatDPV8	new_species	Platanthera guangdongensis	Orchidoideae	Orchideae	Platanthera	Terrestrial	SRR18919267	stem	China	SRA
Potyviridae	Potyvirus	Pleione flower breaking virus	Potyvirus pleionis	PlFBV	PlFBV	known_virus	Pleione humilis	Epidendroideae	Arethuseae	Pleione	Epiphyte	MH376747	not_found	Czech Republic	NCBI
Potyviridae	Potyvirus	Pleione flower breaking virus	Potyvirus pleionis	PlFBV	PlFBV	known_virus	Pleione humilis	Epidendroideae	Arethuseae	Pleione	Epiphyte	NC_040650	not_found	Czech Republic	NCBI
Potyviridae	Potyvirus	Pleione flower breaking virus	Potyvirus pleionis	PlFBV	PlFBV	known_virus	Pleione formosana	Epidendroideae	Arethuseae	Pleione	Terrestrial	KF360240	not_found	Netherlands	NCBI
Potyviridae	Potyvirus	Pleione virus Y	Potyvirus yipleionis	PlVY	PlVY	known_virus	Pleione formosana	Epidendroideae	Arethuseae	Pleione	Terrestrial	AF185958	not_found	Australia	NCBI
Potyviridae	Potyvirus	Pleione virus Y	Potyvirus yipleionis	PlVY	PlVY	known_virus	Pleione formosana	Epidendroideae	Arethuseae	Pleione	Terrestrial	NC_043158	not_found	Australia	NCBI
Aspiviridae	Ophiovirus	Platanthera associated ophiovirus 1	not_found	PpgaOV1	PpgaOV1	new_species	Platanthera guangdongensis	Orchidoideae	Orchideae	Platanthera	Terrestrial	SRR18919255	stem	China	SRA
		Pterostylis sanguinea virus A	Pterostylis sanguinea virus A	PsVA	PsVA	known_virus	Pterostylis sanguinea	Orchidoideae	Cranichideae	Pterostylis	Terrestrial	KU291925	not_found	Australia	NCBI
Endornaviridae	Alphaendornavirus	Pterostylis alphaendornavirus	Pterostylis alphaendornavirus	PtAEV	PtAEV	known_virus	Pterostylis nutans	Orchidoideae	Cranichideae	Pterostylis	Terrestrial	OL471320	not_found	Australia	NCBI
Amalgaviridae		Pterostylis amalgavirus-like	Pterostylis amalgavirus-like	PtAV-like	PtAV-like	known_virus	Pterostylis sanguinea	Orchidoideae	Cranichideae	Pterostylis	Terrestrial	KU291968	not_found	Australia	NCBI
Amalgaviridae		Pterostylis amalgavirus-like	Pterostylis amalgavirus-like	PtAV-like	PtAV-like	known_virus	Pterostylis sanguinea	Orchidoideae	Cranichideae	Pterostylis	Terrestrial	KU291969	not_found	Australia	NCBI
Amalgaviridae	Amalgavirus	Pterostylis amalgavirus 1	Pterostylis amalgavirus 1	PtAV1	PtAV1	known_virus	Pterostylis nutans	Orchidoideae	Cranichideae	Pterostylis	Terrestrial	OL471321	not_found	Australia	NCBI
Amalgaviridae	Amalgavirus	Pterostylis amalgavirus 1	Pterostylis amalgavirus 1	PtAV1	PtAV1	known_virus	Pterostylis curta	Orchidoideae	Cranichideae	Pterostylis	Terrestrial	OL471322	not_found	Australia	NCBI
Amalgaviridae	Amalgavirus	Pterostylis amalgavirus 1	Pterostylis amalgavirus 1	PtAV1	PtAV1	known_virus	Pterostylis curta	Orchidoideae	Cranichideae	Pterostylis	Terrestrial	OL471323	not_found	Australia	NCBI
Amalgaviridae	Amalgavirus	Pterostylis amalgavirus 1	Pterostylis amalgavirus 1	PtAV1	PtAV1	known_virus	Pterostylis curta	Orchidoideae	Cranichideae	Pterostylis	Terrestrial	OL471324	not_found	Australia	NCBI
Amalgaviridae	Amalgavirus	Pterostylis amalgavirus 1	Pterostylis amalgavirus 1	PtAV1	PtAV1	known_virus	Pterostylis curta	Orchidoideae	Cranichideae	Pterostylis	Terrestrial	OL471325	not_found	Australia	NCBI
Amalgaviridae	Amalgavirus	Pterostylis amalgavirus 1	Pterostylis amalgavirus 1	PtAV1	PtAV1	known_virus	Pterostylis curta	Orchidoideae	Cranichideae	Pterostylis	Terrestrial	OL471326	not_found	Australia	NCBI
Amalgaviridae	Amalgavirus	Pterostylis amalgavirus 1	Pterostylis amalgavirus 1	PtAV1	PtAV1	known_virus	Pterostylis nutans	Orchidoideae	Cranichideae	Pterostylis	Terrestrial	OL471327	not_found	Australia	NCBI
Amalgaviridae	Amalgavirus	Pterostylis amalgavirus 1	Pterostylis amalgavirus 1	PtAV1	PtAV1	known_virus	Pterostylis curta	Orchidoideae	Cranichideae	Pterostylis	Terrestrial	OL471328	not_found	Australia	NCBI
Amalgaviridae	Amalgavirus	Pterostylis amalgavirus 1	Pterostylis amalgavirus 1	PtAV1	PtAV1	known_virus	Pterostylis nutans	Orchidoideae	Cranichideae	Pterostylis	Terrestrial	OL471329	not_found	Australia	NCBI
Amalgaviridae	Amalgavirus	Pterostylis amalgavirus 1	Pterostylis amalgavirus 1	PtAV1	PtAV1	known_virus	Pterostylis curta	Orchidoideae	Cranichideae	Pterostylis	Terrestrial	OL471330	not_found	Australia	NCBI
Amalgaviridae	Amalgavirus	Pterostylis amalgavirus 2	Pterostylis amalgavirus 2	PtAV2	PtAV2	known_virus	Pterostylis nutans	Orchidoideae	Cranichideae	Pterostylis	Terrestrial	OL471331	not_found	Australia	NCBI
		Pterostylis blotch virus	Pterostylis blotch virus	PtBV	PtBV	known_virus	Pterostylis nutans	Orchidoideae	Cranichideae	Pterostylis	Terrestrial	OL471332	not_found	Australia	NCBI
		Pterostylis blotch virus	Pterostylis blotch virus	PtBV	PtBV	known_virus	Pterostylis nutans	Orchidoideae	Cranichideae	Pterostylis	Terrestrial	OL471333	not_found	Australia	NCBI
		Pterostylis blotch virus	Pterostylis blotch virus	PtBV	PtBV	known_virus	Pterostylis nutans	Orchidoideae	Cranichideae	Pterostylis	Terrestrial	OL471334	not_found	Australia	NCBI
		Pterostylis blotch virus	Pterostylis blotch virus	PtBV	PtBV	known_virus	Pterostylis curta	Orchidoideae	Cranichideae	Pterostylis	Terrestrial	OL471335	not_found	Australia	NCBI
		Pterostylis blotch virus	Pterostylis blotch virus	PtBV	PtBV	known_virus	Pterostylis curta	Orchidoideae	Cranichideae	Pterostylis	Terrestrial	OL471336	not_found	Australia	NCBI
		Pterostylis blotch virus	Pterostylis blotch virus	PtBV	PtBV	known_virus	Pterostylis curta	Orchidoideae	Cranichideae	Pterostylis	Terrestrial	OL471337	not_found	Australia	NCBI
		Pterostylis blotch virus	Pterostylis blotch virus	PtBV	PtBV	known_virus	Pterostylis curta	Orchidoideae	Cranichideae	Pterostylis	Terrestrial	OL471338	not_found	Australia	NCBI
		Pterostylis blotch virus	Pterostylis blotch virus	PtBV	PtBV	known_virus	Pterostylis curta	Orchidoideae	Cranichideae	Pterostylis	Terrestrial	OL471339	not_found	Australia	NCBI
		Pterostylis blotch virus	Pterostylis blotch virus	PtBV	PtBV	known_virus	Pterostylis curta	Orchidoideae	Cranichideae	Pterostylis	Terrestrial	OL471340	not_found	Australia	NCBI
		Pterostylis blotch virus	Pterostylis blotch virus	PtBV	PtBV	known_virus	Pterostylis nutans	Orchidoideae	Cranichideae	Pterostylis	Terrestrial	OL471341	not_found	Australia	NCBI
		Pterostylis blotch virus	Pterostylis blotch virus	PtBV	PtBV	known_virus	Pterostylis nutans	Orchidoideae	Cranichideae	Pterostylis	Terrestrial	OL471342	not_found	Australia	NCBI
		Pterostylis blotch virus	Pterostylis blotch virus	PtBV	PtBV	known_virus	Pterostylis nutans	Orchidoideae	Cranichideae	Pterostylis	Terrestrial	OL471343	not_found	Australia	NCBI
Solemoviridae	Polerovirus	Pterostylis polerovirus	Polerovirus PTPV	PtPV	PtPV	known_virus	Pterostylis nutans	Orchidoideae	Cranichideae	Pterostylis	Terrestrial	OL471344	not_found	Australia	NCBI
Totiviridae		Pterostylis sanguinea totivirus A	Pterostylis sanguinea totivirus A	PtSTVA	PtSTVA	known_virus	Pterostylis sanguinea	Orchidoideae	Cranichideae	Pterostylis	Terrestrial	KU291926	not_found	Australia	NCBI
Totiviridae		Pterostylis sanguinea totivirus A	Pterostylis sanguinea totivirus A	PtSTVA	PtSTVA	known_virus	Pterostylis sanguinea	Orchidoideae	Cranichideae	Pterostylis	Terrestrial	KU291927	not_found	Australia	NCBI
Totiviridae		Pterostylis sanguinea totivirus A	Pterostylis sanguinea totivirus A	PtSTVA	PtSTVA	known_virus	Pterostylis sanguinea	Orchidoideae	Cranichideae	Pterostylis	Terrestrial	KU291928	not_found	Australia	NCBI
Potyviridae	Potyvirus	Pterostylis virus Y	Pterostylis virus Y	PtVY	PtVY	known_virus	Eriochilus dilatatus	Higher Epidendroideae	Diurideae	Eriochilus	Terrestial	AF185965	not_found	Australia	NCBI
Potyviridae	Potyvirus	Pterostylis virus Y	Pterostylis virus Y	PtVY	PtVY	known_virus	Pterostylis coccina	Orchidoideae	Cranichideae	Pterostylis	Terrestrial	AF185964	not_found	Australia	NCBI
Betaflexiviridae	Carlavirus	Potato Virus H	Carlavirus chisolani	PVH	PotVH	known_virus*	Paphiopedilum callosum	Higher Epidendroideae	Cypripedieae	Paphiopedilum	Terrestrial or Lithophyte	SRR15057280	bud	China	SRA
Betaflexiviridae	Carlavirus	Potato Virus H	Carlavirus chisolani	PVH	PotVH	known_virus*	Pleione limprichtii	Epidendroideae	Arethuseae	Pleione	Epiphyte or Lithophyte	SRR25654682	flower	China	SRA
Potyviridae	Potyvirus	Potato virus Y	Potyvirus yituberosi	PVY	PVY	known_virus	Dendrobium officinale	Higher Epidendroideae	Podochileae	Dendrobium	Epiphyte	SRR10008493	root	China	SRA
Potyviridae	Potyvirus	Rhopalanthe virus Y	Potyvirus rhopalanthi	RhVY	RhVY	known_virus	Dendrobium philippinense	Higher Epidendroideae	Podochileae	Dendrobium	Epiphyte or Lithophyte	AF185956	not_found	Australia	NCBI
Potyviridae	Potyvirus	Rhopalanthe virus Y	Potyvirus rhopalanthi	RhVY	RhVY	known_virus	Dendrobium philippinense	Higher Epidendroideae	Podochileae	Dendrobium	Epiphyte or Lithophyte	NC_043162	not_found	Australia	NCBI
Potyviridae	Potyvirus	Rhopalanthe virus Y-like	not_found	RVY-like	RVY-like	new_species	Dendrobium sp	Higher Epidendroideae	Podochileae	Dendrobium	Epiphyte 	SRR10197565	leaf	China	SRA
Potyviridae	Potyvirus	Sarcochilus virus Y	Potyvirus sarcochili	SaVY	SaVY	known_virus	Sarcochilus hartmannii	Higher Epidendroideae	Vandeae	Sarcochilus	Lithophyte	AF185957	not_found	Australia	NCBI
Potyviridae	Potyvirus	Sarcochilus virus Y	Potyvirus sarcochili	SaVY	SaVY	known_virus	Sarcochilus hartmannii	Higher Epidendroideae	Vandeae	Sarcochilus	Lithophyte	NC_043163	not_found	Australia	NCBI
Potyviridae	Potyvirus	Sugarcane mosaic virus	Potyvirus sacchari	SCMV	SCMV	known_virus	Paphiopedilum malipoense	Higher Epidendroideae	Cypripedium	Paphiopedilum	Terrestrial or Lithophytic 	SRR5722160	stem	China	SRA
Partitiviridae	Deltapartitivirus			SerapDPV1	SerapDPV1	new_species	Serapias vomeracea	Orchidoideae	Orchideae	Serapias	Geophyte	SRR4270980	protocorm	nd	SRA
Potyviridae	Potyvirus	Sweet potato feathery mottle virus	Potyvirus batataplumei	SPFMV	SPFMV	known_virus	Dendrobium candidum	Higher Epidendroideae	Podochileae	Dendrobium	Epiphyte or Lithophyte	MH508094	not_found	China	NCBI
Potyviridae	Potyvirus	Spiranthes mosaic virus 3	Potyvirus spiranthesis	SpMV3	SpMV3	known_virus	Spiranthes cernua	Orchidoideae	Cranichideae	Spiranthes	Terrestrial	AY685218	not_found	not_found	NCBI
Potyviridae	Potyvirus	Spiranthes mosaic virus 3	Potyvirus spiranthesis	SpMV3	SpMV3	known_virus	Spiranthes cernua	Orchidoideae	Cranichideae	Spiranthes	Terrestrial	NC_043164	not_found	not_found	NCBI
Kitaviridae	Cilevirus	Solanum violaefolium ringspot virus	Cilevirus solani	SvRSV	SvRSV	known_virus	Gomesa bifolia	Higher Epidendroideae	Cymbidieae	Gomesa	Epiphyte	KT733671	not_found	Argentina	NCBI
Kitaviridae	Cilevirus	Solanum violifolium ringspot virus	Cilevirus solani	SvRSV	SvRSV	known_virus	Oncidium sp	Higher Epidendroideae	Cymbidieae	Oncidium	Epiphyte	OK626443	not_found	Brazil	NCBI
Kitaviridae	Cilevirus	Solanum violifolium ringspot virus	Cilevirus solani	SvRSV	SvRSV	known_virus	Oncidium sp	Higher Epidendroideae	Cymbidieae	Oncidium	Epiphyte	OK626444	not_found	Brazil	NCBI
Kitaviridae	Cilevirus	Solanum violifolium ringspot virus	Cilevirus solani	SvRSV	SvRSV	known_virus	Oncidium sp	Higher Epidendroideae	Cymbidieae	Oncidium	Epiphyte	OK626445	not_found	Brazil	NCBI
Kitaviridae	Cilevirus	Solanum violifolium ringspot virus	Cilevirus solani	SvRSV	SvRSV	known_virus	Oncidium sp	Higher Epidendroideae	Cymbidieae	Oncidium	Epiphyte	OK626446	not_found	Brazil	NCBI
Potyviridae	Potyvirus	Shallot yellow stripe virus	Potyvirus ascaloniae	SYSV	SYSV	known_virus	Dendrobium officinale	Higher Epidendroideae	Podochileae	Dendrobium	Epiphyte	SRR13124374	leaf	China	SRA
Potyviridae	Potyvirus	Shallot yellow stripe virus	Potyvirus ascaloniae	SYSV	SYSV	known_virus	Dendrobium officinale	Higher Epidendroideae	Podochileae	Dendrobium	Epiphyte	SRR13124381	flower	China	SRA
Potyviridae	Potyvirus	Shallot yellow stripe virus	Potyvirus ascaloniae	SYSV	SYSV	known_virus	Dendrobium officinale	Higher Epidendroideae	Podochileae	Dendrobium	Epiphyte	SRR15836373	stem	China	SRA
Potyviridae	Potyvirus	Tobacco-etch virus like	not_found	TEV-like	TEV-like	new_species	Paphiopedilum concolor x Paphiopedilum hirsutissimum	Higher Epidendroideae	Cypripedium	Paphiopedilum	Terrestial	SRR16591801	leaf	China	SRA
Virgaviridae	Tobravirus	Tobacco rattle virus	Tobravirus tabaci	TRV	TRV	known_virus	Orchidaceae	Higher Epidendroideae	not_found	not_found	not_found	MK411821	leaf	USA	NCBI
Potyviridae	Potyvirus	Turnip mosaic virus	Potyvirus rapae	TuMV	TuMV	known_virus	Anacamptis morio	Higher Epidendroideae	Orchideae	Anacamptis	Terrestrial	AB701692	leaf	not_found	NCBI
Potyviridae	Potyvirus	Turnip mosaic virus	Potyvirus rapae	TuMV	TuMV	known_virus	Orchis militaris	Higher Epidendroideae	Orchideae	Orchis	Terrestrial	AB701690	leaf	not_found	NCBI
Potyviridae	Potyvirus	Turnip mosaic virus	Potyvirus rapae	TuMV	TuMV	known_virus	Orchis militaris	Higher Epidendroideae	Orchideae	Orchis	Terrestrial	AB701691	leaf	not_found	NCBI
Potyviridae	Potyvirus	Turnip mosaic virus	Potyvirus rapae	TuMV	TuMV	known_virus	Orchis simia	Higher Epidendroideae	Orchideae	Orchis	Terrestrial	AB701693	leaf	not_found	NCBI
Potyviridae	Potyvirus	Turnip mosaic virus	Potyvirus rapae	TuMV	TuMV	known_virus	Orchis militaris	Higher Epidendroideae	Orchideae	Orchis	Terrestrial	AF185963	not_found	Germany	NCBI
Potyviridae	Potyvirus	Turnip mosaic virus	Potyvirus rapae	TuMV	TuMV	known_virus	Phalaenopsis pulcherrima	Higher Epidendroideae	Vandeae	Phalaenopsis	Epiphyte	KF246570	not_found	China	NCBI
Geminiviridae	Begomovirus	Tomato yellow leaf curl virus	Begomovirus coheni	TYLCV	TYLCV	known_virus	Cremastra appendiculata	Higher Epidendroideae	Calypsoeae	Cremastra	Terrestrial	SRR7275399	pseudobulb	China	SRA
Potyviridae	Potyvirus	Vanilla mosaic virus	Potyvirus dasheenis	VanMV	VanMV	known_virus	Vanilla x tahitensis	Vanilloideae	Vanilleae	Vanilla	Climbing_vine	AJ429525	not_found	French Polynesia	NCBI
Potyviridae	Potyvirus	Vanilla mosaic virus	Potyvirus dasheenis	VanMV	VanMV	known_virus	Vanilla x tahitensis	Vanilloideae	Vanilleae	Vanilla	Climbing_vine	AJ616719	not_found	French Polynesia	NCBI
Potyviridae	Potyvirus	Vanilla mosaic virus	Potyvirus dasheenis	VanMV	VanMV	known_virus	Vanilla x tahitensis	Vanilloideae	Vanilleae	Vanilla	Climbing_vine	AJ616720	not_found	Cook Islands	NCBI
Potyviridae	Potyvirus	Vanilla mosaic virus	Potyvirus dasheenis	VanMV	VanMV	known_virus	Vanilla x tahitensis	Vanilloideae	Vanilleae	Vanilla	Climbing_vine	AJ616721	not_found	Cook Islands	NCBI
Potyviridae	Potyvirus	Vanilla mosaic virus	Potyvirus dasheenis	VanMV	VanMV	known_virus	Vanilla x tahitensis	Vanilloideae	Vanilleae	Vanilla	Climbing_vine	AJ616722	not_found	Cook Islands	NCBI
Potyviridae	Potyvirus	Vanilla mosaic virus	Potyvirus dasheenis	VanMV	VanMV	known_virus	Vanilla x tahitensis	Vanilloideae	Vanilleae	Vanilla	Climbing_vine	KX505964	not_found	Cook Islands	NCBI
Alphaflexiviridae	Potexvirus	Vanilla virus X	Potexvirus ecsvanillae	VaVX	VaVX	known_virus	Vanilla planifolia	Vanilloideae	Vanilleae	Vanilla	Climbing_vine	MF150240	not_found	Reunion	NCBI
Alphaflexiviridae	Potexvirus	Vanilla virus X	Potexvirus ecsvanillae	VaVX	VaVX	known_virus	Vanilla planifolia	Vanilloideae	Vanilleae	Vanilla	Climbing_vine	NC_035205	not_found	Reunion	NCBI
Potyviridae	Potyvirus	Vanilla distortion mosaic virus	Potyvirus vanillae	VDMV	VDMV	known_virus	Vanilla planifolia	Vanilloideae	Vanilleae	Vanilla	Climbing_vine	AY943944	leaf	India	NCBI
Potyviridae	Potyvirus	Vanilla distortion mosaic virus	Potyvirus vanillae	VDMV	VDMV	known_virus	Vanilla planifolia	Vanilloideae	Vanilleae	Vanilla	Climbing_vine	AY943945	leaf	India	NCBI
Potyviridae	Potyvirus	Vanilla distortion mosaic virus	Potyvirus vanillae	VDMV	VDMV	known_virus	Vanilla planifolia	Vanilloideae	Vanilleae	Vanilla	Climbing_vine	AY943946	leaf	India	NCBI
Potyviridae	Potyvirus	Vanilla distortion mosaic virus	Potyvirus vanillae	VDMV	VDMV	known_virus	Vanilla planifolia	Vanilloideae	Vanilleae	Vanilla	Climbing_vine	AY948436	not_found	India	NCBI
Potyviridae	Potyvirus	Vanilla distortion mosaic virus	Potyvirus vanillae	VDMV	VDMV	known_virus	Vanilla planifolia	Vanilloideae	Vanilleae	Vanilla	Climbing_vine	AY948437	not_found	India	NCBI
Alphaflexiviridae	Allexivirus	Vanilla latent virus	Allexivirus latensvanillae	VLV	VLV	known_virus	Vanilla planifolia	Vanilloideae	Vanilleae	Vanilla	Climbing_vine	MF150239	not_found	Reunion	NCBI
Alphaflexiviridae	Allexivirus	Vanilla latent virus	Allexivirus latensvanillae	VLV	VLV	known_virus	Vanilla planifolia	Vanilloideae	Vanilleae	Vanilla	Climbing_vine	NC_035204	not_found	Reunion	NCBI
Alphaflexiviridae	Allexivirus	Vanilla latent virus	Allexivirus latensvanillae	VLV	VLV	known_virus	Vanilla planifolia	Vanilloideae	Vanilleae	Vanilla	Climbing_vine	SRR1171643	bud	China	SRA
Alphaflexiviridae	Allexivirus	Vanilla latent virus	Allexivirus latensvanillae	VLV	VLV	known_virus	Vanilla planifolia	Vanilloideae	Vanilleae	Vanilla	Climbing_vine	SRR1171644	bud	China	SRA
Alphaflexiviridae	Allexivirus	Vanilla latent virus	Allexivirus latensvanillae	VLV	VLV	known_virus	Vanilla planifolia	Vanilloideae	Vanilleae	Vanilla	Climbing_vine	SRR1171645	bud	China	SRA
Alphaflexiviridae	Allexivirus	Vanilla latent virus	Allexivirus latensvanillae	VLV	VLV	known_virus	Vanilla planifolia	Vanilloideae	Vanilleae	Vanilla	Climbing_vine	SRR15411867	various	Reunion	SRA
Alphaflexiviridae	Allexivirus	Vanilla latent virus	Allexivirus latensvanillae	VLV	VLV	known_virus	Vanilla planifolia	Vanilloideae	Vanilleae	Vanilla	Climbing_vine	SRR15411868	ovary	Reunion	SRA
Alphaflexiviridae	Allexivirus	Vanilla latent virus	Allexivirus latensvanillae	VLV	VLV	known_virus	Vanilla planifolia	Vanilloideae	Vanilleae	Vanilla	Climbing_vine	SRR15411870	bud	Reunion	SRA
Alphaflexiviridae	Allexivirus	Vanilla latent virus	Allexivirus latensvanillae	VLV	VLV	known_virus	Vanilla planifolia	Vanilloideae	Vanilleae	Vanilla	Climbing_vine	SRR15411871	aerial_root	Reunion	SRA
Alphaflexiviridae	Allexivirus	Vanilla latent virus	Allexivirus latensvanillae	VLV	VLV	known_virus	Vanilla planifolia	Vanilloideae	Vanilleae	Vanilla	Climbing_vine	SRR15411872	root	Reunion	SRA
Alphaflexiviridae	Allexivirus	Vanilla latent virus	Allexivirus latensvanillae	VLV	VLV	known_virus	Vanilla planifolia	Vanilloideae	Vanilleae	Vanilla	Climbing_vine	SRR15411873	stem	Reunion	SRA
Alphaflexiviridae	Allexivirus	Vanilla latent virus	Allexivirus latensvanillae	VLV	VLV	known_virus	Vanilla planifolia	Vanilloideae	Vanilleae	Vanilla	Climbing_vine	SRR15411874	flower	Reunion	SRA
Alphaflexiviridae	Allexivirus	Vanilla latent virus	Allexivirus latensvanillae	VLV	VLV	known_virus	Vanilla planifolia	Vanilloideae	Vanilleae	Vanilla	Climbing_vine	SRR15411875	leaf	Reunion	SRA
Alphaflexiviridae	Allexivirus	Vanilla latent virus	Allexivirus latensvanillae	VLV	VLV	known_virus	Vanilla planifolia	Vanilloideae	Vanilleae	Vanilla	Climbing_vine	SRR15411876	fruit	Reunion	SRA
Alphaflexiviridae	Allexivirus	Vanilla latent virus	Allexivirus latensvanillae	VLV	VLV	known_virus	Vanilla planifolia	Vanilloideae	Vanilleae	Vanilla	Climbing_vine	SRR867613	nd	nd	SRA
Betaflexiviridae	Tepovirus	Vanilla shenzhenica associated tepovirus	not_found	VsaT	VsaT	new_species	Vanilla shenzhenica	Vanilloideae	Vanilleae	Vanilla	Climbing_vine	SRR5722150	bract	China	SRA
Betaflexiviridae	Tepovirus	Vanilla shenzhenica associated tepovirus	not_found	VsaT	VsaT	new_species	Vanilla shenzhenica	Vanilloideae	Vanilleae	Vanilla	Climbing_vine	SRR5722151	leaf	China	SRA
Betaflexiviridae	Tepovirus	Vanilla shenzhenica associated tepovirus	not_found	VsaT	VsaT	new_species	Vanilla shenzhenica	Vanilloideae	Vanilleae	Vanilla	Climbing_vine	SRR5722156	stem	China	SRA
Betaflexiviridae	Tepovirus	Vanilla shenzhenica associated tepovirus	not_found	VsaT	VsaT	new_species	Vanilla shenzhenica	Vanilloideae	Vanilleae	Vanilla	Climbing_vine	SRR5722158	bud	China	SRA
Betaflexiviridae	Tepovirus	Vanilla shenzhenica associated tepovirus	not_found	VsaT	VsaT	new_species	Vanilla shenzhenica	Vanilloideae	Vanilleae	Vanilla	Climbing_vine	SRR5722162	flower	China	SRA
Betaflexiviridae	Tepovirus	Vanilla shenzhenica associated tepovirus	not_found	VsaT	VsaT	new_species	Vanilla shenzhenica	Vanilloideae	Vanilleae	Vanilla	Climbing_vine	SRR5722163	labellum	China	SRA
Betaflexiviridae	Tepovirus	Vanilla shenzhenica associated tepovirus	not_found	VsaT	VsaT	new_species	Vanilla shenzhenica	Vanilloideae	Vanilleae	Vanilla	Climbing_vine	SRR5722164	various	China	SRA
Betaflexiviridae	Tepovirus	Vanilla shenzhenica associated tepovirus	not_found	VsaT	VsaT	new_species	Vanilla shenzhenica	Vanilloideae	Vanilleae	Vanilla	Climbing_vine	SRR5722167	aerial_root	China	SRA
Potyviridae	Potyvirus	Watermelon mosaic virus	Potyvirus citrulli	WMV	WMV	known_virus	Dendrobium anosmum	Higher Epidendroideae	Podochileae	Dendrobium	Epiphyte	HQ384216	not_found	USA	NCBI
Potyviridae	Potyvirus	Watermelon mosaic virus	Potyvirus citrulli	WMV	WMV	known_virus	Vanilla x tahitensis	Vanilloideae	Vanilleae	Vanilla	Climbing_vine	AJ429524	not_found	French Polynesia	NCBI